path,size_bytes,sha256,mtime
data/tmp/mutual_funds/runtime/fd1040ef-2ede-4433-94e5-7f282ec3e392/https-portfoliomanagementservices-adityabirlacapital-com-pdf-forms-common-empanelment-form-aif-pms-13062025-pdf.pdf,695297,6d6067e1bd03c3546595944034cd8ee649e88b2eb3a50955f6d1b43d0e8e4e3f,1782714758.3121083
data/tmp/mutual_funds/runtime/2baa6263-7dc2-4ff5-a866-1afdadb26e07/https-portfoliomanagementservices-adityabirlacapital-com-pdf-forms-common-empanelment-form-aif-pms-13062025-pdf.pdf,695297,6d6067e1bd03c3546595944034cd8ee649e88b2eb3a50955f6d1b43d0e8e4e3f,1782714610.33672
data/tmp/mutual_funds/runtime/3d4c208b-addb-4b73-89a8-9066311e9cfb/https-amc-ppfas-com-pdf-docs-2020-chairman-message-for-wiw-2020-hindi-pdf.pdf,84441,52d869f27b78702d631deb1cedaf21f26346fc4c3e568720f777340362b6d855,1782714662.851288
data/tmp/mutual_funds/runtime/3d4c208b-addb-4b73-89a8-9066311e9cfb/https-amc-ppfas-com-downloads-ppfas-selfinvest-emandate-and-sip-registration-guide-pdf-31072024.pdf,948378,6d3548dbb4c3374733d93bb1aa8ccb066edd506668f2ca3c202b44b1660b3a35,1782714660.8283467
data/tmp/mutual_funds/runtime/3d4c208b-addb-4b73-89a8-9066311e9cfb/https-amc-ppfas-com-pdf-docs-2025-iso-27001-2022-ppfas-pdf.pdf,845910,8b15c55499bdb5899f3d58d1415baf5cd612f2eba2314ec8054c7fcd0f1a8889,1782714710.9184842
data/tmp/mutual_funds/runtime/3d4c208b-addb-4b73-89a8-9066311e9cfb/https-amc-ppfas-com-downloads-2023-master-circular-for-online-dispute-resolution-pdf.pdf,876180,6ebbc4068c4f5b3b29f0a8e3c4fd6cb43bb02a1be72278f005d2f09d21293c46,1782714706.8746262
data/tmp/mutual_funds/runtime/3d4c208b-addb-4b73-89a8-9066311e9cfb/https-amc-ppfas-com-downloads-2025-change-in-fundamental-attributes-of-parag-parikh-flexi-cap-fund-pdf-29092025.pdf,178377,f0fdc17e979611c3ccfed00f8f237a19d5a1dc82d47a3d752aac6a065a0f0c6b,1782714678.9987652
data/tmp/mutual_funds/runtime/3d4c208b-addb-4b73-89a8-9066311e9cfb/https-amc-ppfas-com-downloads-2023-sebi-circular-scores-portal-pdf.pdf,762842,78a729d83966baf738eabcbbd5fa1e70cdfde929743416ba7a4e3567afe25f8b,1782714705.2798476
data/tmp/mutual_funds/runtime/3d4c208b-addb-4b73-89a8-9066311e9cfb/https-amc-ppfas-com-pdf-docs-2021-chairman-message-for-wiw-2021-hindi-pdf.pdf,348823,f45aa3cd2aebf882bd27ac62a7fae031bdd6d079a9af684594f1ccf889a7c112,1782714656.9871936
data/tmp/mutual_funds/runtime/3d4c208b-addb-4b73-89a8-9066311e9cfb/https-amc-ppfas-com-pdf-docs-2023-due-to-change-in-bank-holiday-as-per-rbi-circular-there-is-a-change-in-the-redemption-payout-schedule-pdf.pdf,58049,ffdbe7e0b877b8536452f601370cf7d2ce27b22eb2a3ed0a9936072b47113256,1782714682.8151784
data/tmp/mutual_funds/runtime/3d4c208b-addb-4b73-89a8-9066311e9cfb/https-amc-ppfas-com-pdf-docs-2026-ppfas-mf-website-caution-notice-january-2026-pdf-27012026.pdf,131856,1828b5eecf7103481077be220acf642528c0b784a48fa2d2c6d99cbbf2b4a93e,1782714681.0060842
data/tmp/mutual_funds/runtime/3d4c208b-addb-4b73-89a8-9066311e9cfb/https-amc-ppfas-com-pdf-docs-sip-benifits-pdf.pdf,1957035,b003829a1c09b284c0c23d2a09295057244732e69879eb709eb1e196cc7d2bac,1782714708.9223766
data/tmp/mutual_funds/runtime/3d4c208b-addb-4b73-89a8-9066311e9cfb/https-amc-ppfas-com-pdf-docs-2021-chairman-message-for-wiw-2021-english-pdf.pdf,336606,6e1a10d1dac3661c0bdd468b1b6a06dbb2b831dc35fa1cf2a1cf1ebb1fbeeda5,1782714658.867693
data/tmp/mutual_funds/runtime/3d4c208b-addb-4b73-89a8-9066311e9cfb/https-amc-ppfas-com-pdf-docs-note-on-covid-19-rajeev-thakkar-pdf-20032020.pdf,66628,8304f01eafa577ffc162c4b739292c5a018213b78a8bc2f2a9431cfeeca5e184,1782714666.8463335
data/tmp/mutual_funds/runtime/3d4c208b-addb-4b73-89a8-9066311e9cfb/https-amc-ppfas-com-downloads-2025-revised-payout-schedule-xlsx-05092025-1.xlsx,6775,f4f73cfd948c2eea4a1c20e935b927db818d9e823df3ffe0993e52346f3e4fc5,1782714672.7760515
data/tmp/mutual_funds/runtime/3d4c208b-addb-4b73-89a8-9066311e9cfb/https-amc-ppfas-com-pdf-docs-note-on-covid-19-rajeev-thakkar-1-pdf-15042020.pdf,66628,8304f01eafa577ffc162c4b739292c5a018213b78a8bc2f2a9431cfeeca5e184,1782714670.813732
data/tmp/mutual_funds/runtime/3d4c208b-addb-4b73-89a8-9066311e9cfb/https-amc-ppfas-com-pdf-docs-2020-chairman-message-for-wiw-2020-english-pdf.pdf,83698,5d2956675f20b47dd7b28d2427e2872a75a76fa0d19553fb0b683428ac9e4ed5,1782714664.7661657
data/tmp/mutual_funds/runtime/d6450a15-f4ee-4f92-8a5e-6fb5b199e587/debug/screenshot.png,16577,8294b47e1b936d08f4743c826fcff63e20f943298d96d41ba2ac94e76ba406e4,1782254510.2224019
data/tmp/mutual_funds/runtime/b70c3d7c-9034-48bc-a60e-f4799d1e4a71/debug/screenshot.png,16577,8294b47e1b936d08f4743c826fcff63e20f943298d96d41ba2ac94e76ba406e4,1782151567.806685
data/tmp/mutual_funds/runtime/aea28b56-ae56-4557-a6da-44a409f4549b/debug/screenshot.png,16577,8294b47e1b936d08f4743c826fcff63e20f943298d96d41ba2ac94e76ba406e4,1782109045.1653128
data/tmp/mutual_funds/runtime/cd437df2-0b66-4361-9b89-07228fc96f04/debug/screenshot.png,16577,8294b47e1b936d08f4743c826fcff63e20f943298d96d41ba2ac94e76ba406e4,1782110703.7927103
data/tmp/mutual_funds/runtime/af298887-bad2-46af-8795-b72d6916cea5/debug/screenshot.png,16577,8294b47e1b936d08f4743c826fcff63e20f943298d96d41ba2ac94e76ba406e4,1782585303.138251
data/tmp/mutual_funds/runtime/bdee6a73-6587-45bd-9c1c-08a801aaa9c9/debug/screenshot.png,16577,8294b47e1b936d08f4743c826fcff63e20f943298d96d41ba2ac94e76ba406e4,1782186010.7550962
data/tmp/mutual_funds/runtime/f19f0a0d-dbed-4ec3-935f-95a6816979cd/debug/screenshot.png,16577,8294b47e1b936d08f4743c826fcff63e20f943298d96d41ba2ac94e76ba406e4,1782590982.589526
data/tmp/mutual_funds/runtime/0b1609e5-47b0-4db6-bf21-9d57024352ad/debug/screenshot.png,16577,8294b47e1b936d08f4743c826fcff63e20f943298d96d41ba2ac94e76ba406e4,1782513133.364585
data/tmp/mutual_funds/runtime/173f729a-d686-438a-b184-e166da971890/debug/screenshot.png,16577,8294b47e1b936d08f4743c826fcff63e20f943298d96d41ba2ac94e76ba406e4,1782164387.0088663
data/tmp/mutual_funds/runtime/c9e7c945-3b91-492d-ac0f-1c7ee2c1b07c/debug/screenshot.png,16577,8294b47e1b936d08f4743c826fcff63e20f943298d96d41ba2ac94e76ba406e4,1782244414.349059
data/tmp/mutual_funds/runtime/cd03a850-2234-403d-9a02-f58ec4ce4a97/debug/screenshot.png,16577,8294b47e1b936d08f4743c826fcff63e20f943298d96d41ba2ac94e76ba406e4,1782244413.0202303
data/tmp/mutual_funds/runtime/518e7667-f264-46dd-b3e2-e64535260fca/debug/screenshot.png,16577,8294b47e1b936d08f4743c826fcff63e20f943298d96d41ba2ac94e76ba406e4,1782328944.7845514
data/tmp/mutual_funds/runtime/66b1ebdf-b404-4ece-88ab-cdb7a360f3e2/debug/screenshot.png,16577,8294b47e1b936d08f4743c826fcff63e20f943298d96d41ba2ac94e76ba406e4,1782708115.7234924
data/tmp/mutual_funds/runtime/ff796f88-e914-40db-98fb-f04e7978026a/debug/screenshot.png,16577,8294b47e1b936d08f4743c826fcff63e20f943298d96d41ba2ac94e76ba406e4,1782537005.095893
data/tmp/mutual_funds/runtime/54768e05-fb0d-4e30-b519-40b44f59ffe8/debug/screenshot.png,16577,8294b47e1b936d08f4743c826fcff63e20f943298d96d41ba2ac94e76ba406e4,1782329192.0097344
data/tmp/mutual_funds/runtime/1733d354-05b3-4d60-b7af-cd77c640bf5d/debug/screenshot.png,16577,8294b47e1b936d08f4743c826fcff63e20f943298d96d41ba2ac94e76ba406e4,1782709554.002019
data/tmp/mutual_funds/runtime/864e0e55-4c67-49ee-a93a-4aadfd760f33/debug/screenshot.png,16577,8294b47e1b936d08f4743c826fcff63e20f943298d96d41ba2ac94e76ba406e4,1782108676.257424
data/tmp/mutual_funds/runtime/9c64a559-e502-4cd5-adf2-e9d9ebab5602/debug/screenshot.png,16577,8294b47e1b936d08f4743c826fcff63e20f943298d96d41ba2ac94e76ba406e4,1782151570.1984625
data/tmp/mutual_funds/runtime/4dfb6f0a-02e8-49bd-9165-4a8249f42f5a/debug/screenshot.png,16577,8294b47e1b936d08f4743c826fcff63e20f943298d96d41ba2ac94e76ba406e4,1782709300.3627694
data/tmp/mutual_funds/runtime/62de26b1-a44c-4c92-96f8-96fd7efe9b07/debug/screenshot.png,16577,8294b47e1b936d08f4743c826fcff63e20f943298d96d41ba2ac94e76ba406e4,1782626947.925773
data/tmp/mutual_funds/runtime/8a44bf4d-27c3-4683-bc27-3e23bcbc7857/debug/screenshot.png,16577,8294b47e1b936d08f4743c826fcff63e20f943298d96d41ba2ac94e76ba406e4,1782536595.308458
data/tmp/mutual_funds/runtime/fb935be6-d496-4ec6-9223-dfced339fa0d/debug/screenshot.png,16577,8294b47e1b936d08f4743c826fcff63e20f943298d96d41ba2ac94e76ba406e4,1782107071.4978323
data/tmp/mutual_funds/runtime/b1fdf6ae-558d-4488-a81b-e3c2550b5588/debug/screenshot.png,16577,8294b47e1b936d08f4743c826fcff63e20f943298d96d41ba2ac94e76ba406e4,1782709236.5126824
data/tmp/mutual_funds/runtime/e47e7a6b-7887-4d04-8748-d17c8046c19e/debug/screenshot.png,16577,8294b47e1b936d08f4743c826fcff63e20f943298d96d41ba2ac94e76ba406e4,1782202512.2745078
data/tmp/mutual_funds/runtime/ee5437ed-083e-4c85-a5ec-56591c4cc7b5/debug/screenshot.png,16577,8294b47e1b936d08f4743c826fcff63e20f943298d96d41ba2ac94e76ba406e4,1782254515.3880823
data/tmp/mutual_funds/runtime/27cb945d-90e5-4f8a-bcd4-6994228a207d/debug/screenshot.png,16577,8294b47e1b936d08f4743c826fcff63e20f943298d96d41ba2ac94e76ba406e4,1782101616.0938401
data/tmp/mutual_funds/runtime/9b260a6f-c2c2-4aa6-bd4d-d0adc5495b6d/debug/screenshot.png,16577,8294b47e1b936d08f4743c826fcff63e20f943298d96d41ba2ac94e76ba406e4,1782244595.1822596
data/tmp/mutual_funds/runtime/09755800-1302-4f10-b524-476c0dd27a89/debug/screenshot.png,16577,8294b47e1b936d08f4743c826fcff63e20f943298d96d41ba2ac94e76ba406e4,1782329148.0852473
data/tmp/mutual_funds/runtime/e800a0cc-27ea-4618-a6ae-b791604fc112/debug/screenshot.png,16577,8294b47e1b936d08f4743c826fcff63e20f943298d96d41ba2ac94e76ba406e4,1782283267.9904397
data/tmp/mutual_funds/runtime/c9a540c2-9eeb-4275-b180-aae98a174a63/debug/screenshot.png,16577,8294b47e1b936d08f4743c826fcff63e20f943298d96d41ba2ac94e76ba406e4,1782147463.6873548
data/tmp/mutual_funds/runtime/8a92672e-e597-4dbb-9e07-49b09be70444/debug/screenshot.png,16577,8294b47e1b936d08f4743c826fcff63e20f943298d96d41ba2ac94e76ba406e4,1782169918.443624
data/tmp/mutual_funds/runtime/a9f13a6e-d92a-4d7d-a192-def009ce95f6/debug/screenshot.png,16577,8294b47e1b936d08f4743c826fcff63e20f943298d96d41ba2ac94e76ba406e4,1782196652.808329
data/tmp/mutual_funds/runtime/0dfc0f52-b758-4491-9c8d-4926b118e5fd/debug/screenshot.png,16577,8294b47e1b936d08f4743c826fcff63e20f943298d96d41ba2ac94e76ba406e4,1782149372.1604848
data/tmp/mutual_funds/runtime/bafc8056-4a64-439f-a2b7-ad7da16957c8/debug/screenshot.png,16577,8294b47e1b936d08f4743c826fcff63e20f943298d96d41ba2ac94e76ba406e4,1782707218.6373951
data/tmp/mutual_funds/runtime/dfc9f987-ecc5-4cbd-8d09-67d9b207fd65/debug/screenshot.png,16577,8294b47e1b936d08f4743c826fcff63e20f943298d96d41ba2ac94e76ba406e4,1782590984.7293775
data/tmp/mutual_funds/runtime/5bfeabf2-4a0e-4ad7-aed8-27b8239aaf61/debug/screenshot.png,16577,8294b47e1b936d08f4743c826fcff63e20f943298d96d41ba2ac94e76ba406e4,1782157041.8007193
data/tmp/mutual_funds/runtime/91841866-00b8-4397-983f-8ed57632fca2/debug/screenshot.png,16577,8294b47e1b936d08f4743c826fcff63e20f943298d96d41ba2ac94e76ba406e4,1782707388.0103607
data/tmp/mutual_funds/runtime/7af19336-4cf8-43dd-a21a-747aef3f5fc9/debug/screenshot.png,16577,8294b47e1b936d08f4743c826fcff63e20f943298d96d41ba2ac94e76ba406e4,1782626046.3357334
data/tmp/mutual_funds/runtime/89a47fc2-b684-486f-81ea-fb89a7f674d1/debug/screenshot.png,16577,8294b47e1b936d08f4743c826fcff63e20f943298d96d41ba2ac94e76ba406e4,1782626529.4734893
data/tmp/mutual_funds/runtime/8a759cac-415f-47dc-9db0-df8e2ae600f9/debug/screenshot.png,16577,8294b47e1b936d08f4743c826fcff63e20f943298d96d41ba2ac94e76ba406e4,1782238135.556087
data/tmp/mutual_funds/runtime/7a46c808-3cda-4471-9abf-5c8068df1449/debug/screenshot.png,16577,8294b47e1b936d08f4743c826fcff63e20f943298d96d41ba2ac94e76ba406e4,1782237978.2012942
data/tmp/mutual_funds/runtime/a8a40916-ad8a-4831-ac5a-be0eff66270a/debug/screenshot.png,16577,8294b47e1b936d08f4743c826fcff63e20f943298d96d41ba2ac94e76ba406e4,1782708073.6341665
data/tmp/mutual_funds/runtime/fc705382-9336-4bdc-8e29-fd977886078b/debug/screenshot.png,16577,8294b47e1b936d08f4743c826fcff63e20f943298d96d41ba2ac94e76ba406e4,1782707833.1954746
data/tmp/mutual_funds/runtime/7becf6c3-fa3b-4b52-827b-4b04769b5935/debug/screenshot.png,16577,8294b47e1b936d08f4743c826fcff63e20f943298d96d41ba2ac94e76ba406e4,1782107348.335275
data/tmp/mutual_funds/runtime/87c20408-5b3a-4485-ba2f-b7120b06ba64/debug/screenshot.png,16577,8294b47e1b936d08f4743c826fcff63e20f943298d96d41ba2ac94e76ba406e4,1782151563.3769705
data/tmp/mutual_funds/runtime/160201da-257d-4dc1-809a-ccd90ed5f756/debug/screenshot.png,16577,8294b47e1b936d08f4743c826fcff63e20f943298d96d41ba2ac94e76ba406e4,1782112501.0564518
data/tmp/mutual_funds/runtime/00a5fe5e-d524-4a73-bcfa-304a08ffe23d/debug/screenshot.png,16577,8294b47e1b936d08f4743c826fcff63e20f943298d96d41ba2ac94e76ba406e4,1782707925.0100212
data/tmp/mutual_funds/runtime/348db889-e210-4516-ba52-fe4df3349771/debug/screenshot.png,16577,8294b47e1b936d08f4743c826fcff63e20f943298d96d41ba2ac94e76ba406e4,1782238142.7558188
data/tmp/mutual_funds/runtime/249b975f-e4da-4f85-bb49-e98e6f0b35bc/debug/screenshot.png,16577,8294b47e1b936d08f4743c826fcff63e20f943298d96d41ba2ac94e76ba406e4,1782099447.413388
data/tmp/mutual_funds/runtime/4dec734a-94a9-4ba2-995c-540c9f681837/debug/screenshot.png,16577,8294b47e1b936d08f4743c826fcff63e20f943298d96d41ba2ac94e76ba406e4,1782585048.9199882
data/tmp/mutual_funds/runtime/f492915f-fa83-465d-8c21-2837eb26d0a7/debug/screenshot.png,16577,8294b47e1b936d08f4743c826fcff63e20f943298d96d41ba2ac94e76ba406e4,1782239014.4645457
data/tmp/mutual_funds/runtime/ac6b8ae7-43d2-457a-94dc-925f58fe65c8/debug/screenshot.png,16577,8294b47e1b936d08f4743c826fcff63e20f943298d96d41ba2ac94e76ba406e4,1782585199.286695
data/tmp/mutual_funds/runtime/88532dc0-ec0c-465b-affe-991b93f92b35/debug/screenshot.png,16577,8294b47e1b936d08f4743c826fcff63e20f943298d96d41ba2ac94e76ba406e4,1782109685.6566286
data/tmp/mutual_funds/runtime/41a6e42d-2cfe-4be2-9379-86336cf6db98/debug/screenshot.png,16577,8294b47e1b936d08f4743c826fcff63e20f943298d96d41ba2ac94e76ba406e4,1782111948.1810133
data/tmp/mutual_funds/runtime/8bd9daa2-c2ce-46fc-bffe-6e80953ab68a/debug/screenshot.png,16577,8294b47e1b936d08f4743c826fcff63e20f943298d96d41ba2ac94e76ba406e4,1782584991.6646066
data/tmp/mutual_funds/runtime/553012ff-54e4-48a5-92b7-3e77d59e94d6/debug/screenshot.png,16577,8294b47e1b936d08f4743c826fcff63e20f943298d96d41ba2ac94e76ba406e4,1782238411.2031214
data/tmp/mutual_funds/runtime/4670e509-e35f-4992-a715-05e297d2e63c/debug/screenshot.png,16577,8294b47e1b936d08f4743c826fcff63e20f943298d96d41ba2ac94e76ba406e4,1782196630.277305
data/tmp/mutual_funds/runtime/7c765a71-3959-4da4-bd01-23d3b465e0b9/debug/screenshot.png,16577,8294b47e1b936d08f4743c826fcff63e20f943298d96d41ba2ac94e76ba406e4,1782239016.7003152
data/tmp/mutual_funds/runtime/931b373a-9616-491c-b8da-85f07fcea31b/debug/screenshot.png,16577,8294b47e1b936d08f4743c826fcff63e20f943298d96d41ba2ac94e76ba406e4,1782709458.5117428
data/tmp/mutual_funds/runtime/b1db9c12-3c64-4599-b60c-ba7849d14bde/debug/screenshot.png,16577,8294b47e1b936d08f4743c826fcff63e20f943298d96d41ba2ac94e76ba406e4,1782152044.6291404
data/tmp/mutual_funds/runtime/04a51f0c-a5af-4050-a101-edc56e01302c/debug/screenshot.png,16577,8294b47e1b936d08f4743c826fcff63e20f943298d96d41ba2ac94e76ba406e4,1782164418.3949842
data/tmp/mutual_funds/runtime/5fd08ed3-df40-4a5c-ad08-a12ab85f2ffa/debug/screenshot.png,16577,8294b47e1b936d08f4743c826fcff63e20f943298d96d41ba2ac94e76ba406e4,1782707927.024855
data/tmp/mutual_funds/runtime/e0ff9a4d-15d2-42a1-bd91-3a007a1dad57/debug/screenshot.png,16577,8294b47e1b936d08f4743c826fcff63e20f943298d96d41ba2ac94e76ba406e4,1782233218.4842494
data/tmp/mutual_funds/runtime/61d70f0d-b46d-4b8f-8e1e-8aa183f822f1/debug/screenshot.png,16577,8294b47e1b936d08f4743c826fcff63e20f943298d96d41ba2ac94e76ba406e4,1782706944.2936628
data/tmp/mutual_funds/runtime/b55f2163-b317-4997-8d50-ebc17030af47/debug/screenshot.png,16577,8294b47e1b936d08f4743c826fcff63e20f943298d96d41ba2ac94e76ba406e4,1782110761.3267057
data/tmp/mutual_funds/runtime/e215db94-1d97-481b-8133-99fb80bc6dcf/debug/screenshot.png,16577,8294b47e1b936d08f4743c826fcff63e20f943298d96d41ba2ac94e76ba406e4,1782585044.3997724
data/tmp/mutual_funds/runtime/2b04d9b1-ace0-412b-8192-eee36bbdcfc2/debug/screenshot.png,16577,8294b47e1b936d08f4743c826fcff63e20f943298d96d41ba2ac94e76ba406e4,1782707734.4282036
data/tmp/mutual_funds/runtime/c13b5c96-d756-4ee1-a6c9-905f8aa9f345/debug/screenshot.png,16577,8294b47e1b936d08f4743c826fcff63e20f943298d96d41ba2ac94e76ba406e4,1782185891.6214683
data/tmp/mutual_funds/runtime/015094fc-0d4f-411e-9de2-841018276b93/debug/screenshot.png,16577,8294b47e1b936d08f4743c826fcff63e20f943298d96d41ba2ac94e76ba406e4,1782152748.0749254
data/tmp/mutual_funds/runtime/e7ac9b5d-d137-42ae-9699-13cffde481c0/debug/screenshot.png,16577,8294b47e1b936d08f4743c826fcff63e20f943298d96d41ba2ac94e76ba406e4,1782707082.4287875
data/tmp/mutual_funds/runtime/c7fe543b-f2ce-4726-bc01-c0cb3d9dd157/debug/screenshot.png,16577,8294b47e1b936d08f4743c826fcff63e20f943298d96d41ba2ac94e76ba406e4,1782107345.866417
data/tmp/mutual_funds/runtime/b015ee72-4a7f-4374-8c63-cd8df4aa533a/debug/screenshot.png,16577,8294b47e1b936d08f4743c826fcff63e20f943298d96d41ba2ac94e76ba406e4,1782626044.3114057
data/tmp/mutual_funds/runtime/4639e15d-5ead-4684-8f42-beaa00c21446/debug/screenshot.png,16577,8294b47e1b936d08f4743c826fcff63e20f943298d96d41ba2ac94e76ba406e4,1782113148.2999911
data/tmp/mutual_funds/runtime/af2bc5f9-c749-408b-994f-a72acf4d70a6/debug/screenshot.png,16577,8294b47e1b936d08f4743c826fcff63e20f943298d96d41ba2ac94e76ba406e4,1782101761.9258575
data/tmp/mutual_funds/runtime/a88667eb-5de1-4a8e-b6a5-5d119a1d7271/debug/screenshot.png,16577,8294b47e1b936d08f4743c826fcff63e20f943298d96d41ba2ac94e76ba406e4,1782238075.1838655
data/tmp/mutual_funds/runtime/4ae4972f-db25-4ed2-92ef-576237b738d6/debug/screenshot.png,16577,8294b47e1b936d08f4743c826fcff63e20f943298d96d41ba2ac94e76ba406e4,1782238064.826538
data/tmp/mutual_funds/runtime/42430230-f945-44c0-86b8-e745b58df4c4/debug/screenshot.png,16577,8294b47e1b936d08f4743c826fcff63e20f943298d96d41ba2ac94e76ba406e4,1782164468.5995796
data/tmp/mutual_funds/runtime/cab734ba-535e-4931-a391-66084d83bf19/debug/screenshot.png,16577,8294b47e1b936d08f4743c826fcff63e20f943298d96d41ba2ac94e76ba406e4,1782169922.8828974
data/tmp/mutual_funds/runtime/7f393a1e-cfe1-4aa0-9476-1e6eaa29959e/debug/screenshot.png,16577,8294b47e1b936d08f4743c826fcff63e20f943298d96d41ba2ac94e76ba406e4,1782707739.4455137
data/tmp/mutual_funds/runtime/b286f594-a8df-46f9-8588-5a49eb1acd00/debug/screenshot.png,16577,8294b47e1b936d08f4743c826fcff63e20f943298d96d41ba2ac94e76ba406e4,1782107656.4022098
data/tmp/mutual_funds/runtime/ed475689-2951-4c99-b542-1f77482165b1/debug/screenshot.png,16577,8294b47e1b936d08f4743c826fcff63e20f943298d96d41ba2ac94e76ba406e4,1782107900.771235
data/tmp/mutual_funds/runtime/96b93046-6595-4998-950c-ecfda7408632/debug/screenshot.png,16577,8294b47e1b936d08f4743c826fcff63e20f943298d96d41ba2ac94e76ba406e4,1782590977.3890803
data/tmp/mutual_funds/runtime/d004aa43-1731-45a2-ad1e-4be634b43eed/debug/screenshot.png,16577,8294b47e1b936d08f4743c826fcff63e20f943298d96d41ba2ac94e76ba406e4,1782585197.336728
data/tmp/mutual_funds/runtime/486c6fe3-a90b-40d0-b114-a5b9f3c1525d/debug/screenshot.png,16577,8294b47e1b936d08f4743c826fcff63e20f943298d96d41ba2ac94e76ba406e4,1782585139.0288906
data/tmp/mutual_funds/runtime/cccd338c-44a5-4e89-b3e5-0046557341df/debug/screenshot.png,16577,8294b47e1b936d08f4743c826fcff63e20f943298d96d41ba2ac94e76ba406e4,1782104847.6776574
data/tmp/mutual_funds/runtime/5760bfd5-e36b-4b0a-babe-13cfa046bdec/debug/screenshot.png,16577,8294b47e1b936d08f4743c826fcff63e20f943298d96d41ba2ac94e76ba406e4,1782101627.1266992
data/tmp/mutual_funds/runtime/ba891d1f-8b05-4857-a222-8f0e534f1ca3/debug/screenshot.png,16577,8294b47e1b936d08f4743c826fcff63e20f943298d96d41ba2ac94e76ba406e4,1782101629.6320336
data/tmp/mutual_funds/runtime/c26bbeca-9c50-49de-8857-e5c72de882b8/debug/screenshot.png,16577,8294b47e1b936d08f4743c826fcff63e20f943298d96d41ba2ac94e76ba406e4,1782196654.7405245
data/tmp/mutual_funds/runtime/944a1989-b76c-45e5-a5a6-3a3ec060aff0/debug/screenshot.png,16577,8294b47e1b936d08f4743c826fcff63e20f943298d96d41ba2ac94e76ba406e4,1782106664.7731555
data/tmp/mutual_funds/runtime/53b6c546-bc8f-4ee0-ba21-98211beafee7/debug/screenshot.png,16577,8294b47e1b936d08f4743c826fcff63e20f943298d96d41ba2ac94e76ba406e4,1782283288.3853216
data/tmp/mutual_funds/runtime/f144fc83-1c96-4c39-aed6-2920e755276e/debug/screenshot.png,16577,8294b47e1b936d08f4743c826fcff63e20f943298d96d41ba2ac94e76ba406e4,1782186606.7803893
data/tmp/mutual_funds/runtime/5a597a95-bd40-4290-ba3d-586e04886fa1/debug/screenshot.png,16577,8294b47e1b936d08f4743c826fcff63e20f943298d96d41ba2ac94e76ba406e4,1782709524.767779
data/tmp/mutual_funds/runtime/515258f0-8aae-439b-9767-45303ce069a3/debug/screenshot.png,16577,8294b47e1b936d08f4743c826fcff63e20f943298d96d41ba2ac94e76ba406e4,1782584900.7520783
data/tmp/mutual_funds/runtime/ee36299f-026c-4330-a090-f603821500ab/debug/screenshot.png,16577,8294b47e1b936d08f4743c826fcff63e20f943298d96d41ba2ac94e76ba406e4,1782186604.8711843
data/tmp/mutual_funds/runtime/9d310c3b-9698-416a-a8ef-137640ab90ee/debug/screenshot.png,16577,8294b47e1b936d08f4743c826fcff63e20f943298d96d41ba2ac94e76ba406e4,1782101791.1997194
data/tmp/mutual_funds/runtime/4fd2ce79-d031-45d6-ac0c-fbb38b104e08/debug/screenshot.png,16577,8294b47e1b936d08f4743c826fcff63e20f943298d96d41ba2ac94e76ba406e4,1782158859.8734388
data/tmp/mutual_funds/runtime/fb17b14f-1bad-4226-88be-a40c84738d05/debug/screenshot.png,16577,8294b47e1b936d08f4743c826fcff63e20f943298d96d41ba2ac94e76ba406e4,1782709688.7798853
data/tmp/mutual_funds/runtime/3a34c982-707a-45f5-9b8c-5ca87495ea6e/debug/screenshot.png,16577,8294b47e1b936d08f4743c826fcff63e20f943298d96d41ba2ac94e76ba406e4,1782708117.6609733
data/tmp/mutual_funds/runtime/a9c29cc8-8cad-43c0-8a59-63f5b454442f/debug/screenshot.png,16577,8294b47e1b936d08f4743c826fcff63e20f943298d96d41ba2ac94e76ba406e4,1782237972.9525106
data/tmp/mutual_funds/runtime/930f9922-0acd-4dcd-a7cb-5c8aa23384ef/debug/screenshot.png,16577,8294b47e1b936d08f4743c826fcff63e20f943298d96d41ba2ac94e76ba406e4,1782238062.6887958
data/tmp/mutual_funds/runtime/7689c388-1951-42b9-a227-39f76aca120b/debug/screenshot.png,16577,8294b47e1b936d08f4743c826fcff63e20f943298d96d41ba2ac94e76ba406e4,1782099444.3970952
data/tmp/mutual_funds/runtime/ebc77207-63e2-45c3-b11a-48f485df52d4/debug/screenshot.png,16577,8294b47e1b936d08f4743c826fcff63e20f943298d96d41ba2ac94e76ba406e4,1782626527.4984522
data/tmp/mutual_funds/runtime/05a8b75b-b7b6-4153-be33-20b094bc0c5a/debug/screenshot.png,16577,8294b47e1b936d08f4743c826fcff63e20f943298d96d41ba2ac94e76ba406e4,1782200460.0219808
data/tmp/mutual_funds/runtime/b35524d1-62f2-4fbd-a790-974d0a54a373/debug/screenshot.png,16577,8294b47e1b936d08f4743c826fcff63e20f943298d96d41ba2ac94e76ba406e4,1782628364.299797
data/tmp/mutual_funds/runtime/1c16f25e-7bb0-4d21-a5a1-c7862689163c/debug/screenshot.png,16577,8294b47e1b936d08f4743c826fcff63e20f943298d96d41ba2ac94e76ba406e4,1782149704.530296
data/tmp/mutual_funds/runtime/ea6e6d05-9e30-4a67-8832-7a7a30ac01fd/debug/screenshot.png,16577,8294b47e1b936d08f4743c826fcff63e20f943298d96d41ba2ac94e76ba406e4,1782110763.7417738
data/tmp/mutual_funds/runtime/8dd2a63b-e585-49be-9fbd-cce173455107/debug/screenshot.png,16577,8294b47e1b936d08f4743c826fcff63e20f943298d96d41ba2ac94e76ba406e4,1782105590.1912127
data/tmp/mutual_funds/runtime/9ad40ff5-7135-451b-8582-219b71e549b0/debug/screenshot.png,16577,8294b47e1b936d08f4743c826fcff63e20f943298d96d41ba2ac94e76ba406e4,1782107816.3462405
data/tmp/mutual_funds/runtime/6e6920bb-a58a-43f1-ae10-d3eb98767744/debug/screenshot.png,16577,8294b47e1b936d08f4743c826fcff63e20f943298d96d41ba2ac94e76ba406e4,1782169924.8243194
data/tmp/mutual_funds/runtime/04ce68b4-4747-482f-b520-a23e515bcbe3/debug/screenshot.png,16577,8294b47e1b936d08f4743c826fcff63e20f943298d96d41ba2ac94e76ba406e4,1782108781.9295285
data/tmp/mutual_funds/runtime/22e5ec50-e0e8-4d95-8e03-53cc2520fcae/debug/screenshot.png,16577,8294b47e1b936d08f4743c826fcff63e20f943298d96d41ba2ac94e76ba406e4,1782628354.9845128
data/tmp/mutual_funds/runtime/1dde182a-cf14-40b2-95b9-41a84f8e2d58/debug/screenshot.png,16577,8294b47e1b936d08f4743c826fcff63e20f943298d96d41ba2ac94e76ba406e4,1782626904.6029093
data/tmp/mutual_funds/runtime/761e56e2-cf6d-44b7-8f62-31ee4295134d/debug/screenshot.png,16577,8294b47e1b936d08f4743c826fcff63e20f943298d96d41ba2ac94e76ba406e4,1782706942.2575252
data/tmp/mutual_funds/runtime/91720bc1-eb92-4523-b9c2-99969f12846e/debug/screenshot.png,16577,8294b47e1b936d08f4743c826fcff63e20f943298d96d41ba2ac94e76ba406e4,1782145794.179262
data/tmp/mutual_funds/runtime/45779dd5-d9ff-4fee-9ef2-f9428a9bdaa6/debug/screenshot.png,16577,8294b47e1b936d08f4743c826fcff63e20f943298d96d41ba2ac94e76ba406e4,1782708231.2889738
data/tmp/mutual_funds/runtime/67d25f15-c899-43f9-b664-f659e3f2b8df/debug/screenshot.png,16577,8294b47e1b936d08f4743c826fcff63e20f943298d96d41ba2ac94e76ba406e4,1782709335.4022355
data/tmp/mutual_funds/runtime/e83166d8-7c46-4c43-93b4-529e7defd1c9/debug/screenshot.png,16577,8294b47e1b936d08f4743c826fcff63e20f943298d96d41ba2ac94e76ba406e4,1782108756.5677311
data/tmp/mutual_funds/runtime/e444a0fd-38fb-4b95-af27-0b229f07ddfa/debug/screenshot.png,16577,8294b47e1b936d08f4743c826fcff63e20f943298d96d41ba2ac94e76ba406e4,1782157048.5055995
data/tmp/mutual_funds/runtime/cabced82-5928-4f98-9519-a94b3a693988/debug/screenshot.png,16577,8294b47e1b936d08f4743c826fcff63e20f943298d96d41ba2ac94e76ba406e4,1782201582.698194
data/tmp/mutual_funds/runtime/8538194b-7767-40ca-bd17-83eaff2deefa/debug/screenshot.png,16577,8294b47e1b936d08f4743c826fcff63e20f943298d96d41ba2ac94e76ba406e4,1782098267.7845914
data/tmp/mutual_funds/runtime/5d06b8e8-2f6f-4502-920e-375d43ffe350/debug/screenshot.png,16577,8294b47e1b936d08f4743c826fcff63e20f943298d96d41ba2ac94e76ba406e4,1782628953.1396723
data/tmp/mutual_funds/runtime/2c41d908-b932-40fb-a4be-95ec34085b36/debug/screenshot.png,16577,8294b47e1b936d08f4743c826fcff63e20f943298d96d41ba2ac94e76ba406e4,1782110081.442975
data/tmp/mutual_funds/runtime/1ec5a678-2c71-4b43-b53b-38516a717d44/debug/screenshot.png,16577,8294b47e1b936d08f4743c826fcff63e20f943298d96d41ba2ac94e76ba406e4,1782244588.299618
data/tmp/mutual_funds/runtime/e4726be7-01e9-41dd-9ba1-a1862a6d5367/debug/screenshot.png,16577,8294b47e1b936d08f4743c826fcff63e20f943298d96d41ba2ac94e76ba406e4,1782153121.786577
data/tmp/mutual_funds/runtime/282647a4-273f-4f75-913c-168a6f5d667e/debug/screenshot.png,16577,8294b47e1b936d08f4743c826fcff63e20f943298d96d41ba2ac94e76ba406e4,1782707104.664376
data/tmp/mutual_funds/runtime/5423a606-e641-4eac-9d80-f6c4ee5c4f9c/debug/screenshot.png,16577,8294b47e1b936d08f4743c826fcff63e20f943298d96d41ba2ac94e76ba406e4,1782585145.7307305
data/tmp/mutual_funds/runtime/a97b877e-78e0-4784-9dc1-ef29e6063c8f/debug/screenshot.png,16577,8294b47e1b936d08f4743c826fcff63e20f943298d96d41ba2ac94e76ba406e4,1782707093.0231228
data/tmp/mutual_funds/runtime/db723939-eb0e-434e-b6b1-ebf4b02761e2/debug/screenshot.png,16577,8294b47e1b936d08f4743c826fcff63e20f943298d96d41ba2ac94e76ba406e4,1782537018.1921604
data/tmp/mutual_funds/runtime/acc50487-3307-4fd6-8e64-1c029980b38e/debug/screenshot.png,16577,8294b47e1b936d08f4743c826fcff63e20f943298d96d41ba2ac94e76ba406e4,1782238038.2983363
data/tmp/mutual_funds/runtime/04037663-2af9-440a-a8f8-d5708db38948/debug/screenshot.png,16577,8294b47e1b936d08f4743c826fcff63e20f943298d96d41ba2ac94e76ba406e4,1782707896.139775
data/tmp/mutual_funds/runtime/06c6d2f3-6d7d-456f-8632-51436ccc082b/debug/screenshot.png,16577,8294b47e1b936d08f4743c826fcff63e20f943298d96d41ba2ac94e76ba406e4,1782244593.0674899
data/tmp/mutual_funds/runtime/f0931d7d-5985-4db4-ae31-84a949abca10/debug/screenshot.png,16577,8294b47e1b936d08f4743c826fcff63e20f943298d96d41ba2ac94e76ba406e4,1782107947.2906187
data/tmp/mutual_funds/runtime/27e63b97-e102-46be-8c7f-ef822b8c11ba/debug/screenshot.png,16577,8294b47e1b936d08f4743c826fcff63e20f943298d96d41ba2ac94e76ba406e4,1782513140.0309258
data/tmp/mutual_funds/runtime/941b5b63-bd4d-4207-82e1-1595c27fc797/debug/screenshot.png,16577,8294b47e1b936d08f4743c826fcff63e20f943298d96d41ba2ac94e76ba406e4,1782709456.4355745
data/tmp/mutual_funds/runtime/916ebbf3-9a13-4877-b246-4413d4222f4a/debug/screenshot.png,16577,8294b47e1b936d08f4743c826fcff63e20f943298d96d41ba2ac94e76ba406e4,1782112528.9246264
data/tmp/mutual_funds/runtime/880471cc-7074-4ed5-bc0e-6202abfe0a59/debug/screenshot.png,16577,8294b47e1b936d08f4743c826fcff63e20f943298d96d41ba2ac94e76ba406e4,1782709433.346245
data/tmp/mutual_funds/runtime/91717ef5-252e-4f3c-8db2-7db67c91a75b/debug/screenshot.png,16577,8294b47e1b936d08f4743c826fcff63e20f943298d96d41ba2ac94e76ba406e4,1782629260.277058
data/tmp/mutual_funds/runtime/192163b3-aa5d-419b-bccb-dba7eddb305a/debug/screenshot.png,16577,8294b47e1b936d08f4743c826fcff63e20f943298d96d41ba2ac94e76ba406e4,1782629245.7039444
data/tmp/mutual_funds/runtime/046b9a40-a6f0-4e6d-a7d8-f3350955d5de/debug/screenshot.png,16577,8294b47e1b936d08f4743c826fcff63e20f943298d96d41ba2ac94e76ba406e4,1782098285.9218972
data/tmp/mutual_funds/runtime/e3ff2b6c-0703-44bf-a9d6-ef7ba5b00184/debug/screenshot.png,16577,8294b47e1b936d08f4743c826fcff63e20f943298d96d41ba2ac94e76ba406e4,1782536597.3236382
data/tmp/mutual_funds/runtime/2d554767-42f0-4ee8-9836-f5244c04b03b/debug/screenshot.png,16577,8294b47e1b936d08f4743c826fcff63e20f943298d96d41ba2ac94e76ba406e4,1782107963.306416
data/tmp/mutual_funds/runtime/410a3ff1-cee9-4ef0-a30a-d77dab5def47/debug/screenshot.png,16577,8294b47e1b936d08f4743c826fcff63e20f943298d96d41ba2ac94e76ba406e4,1782105521.730476
data/tmp/mutual_funds/runtime/207ab1ef-b8dc-4e39-83be-41162f5ca0d8/debug/screenshot.png,16577,8294b47e1b936d08f4743c826fcff63e20f943298d96d41ba2ac94e76ba406e4,1782105488.1739445
data/tmp/mutual_funds/runtime/a402ec70-51f0-4235-9311-a30710e19f34/debug/screenshot.png,16577,8294b47e1b936d08f4743c826fcff63e20f943298d96d41ba2ac94e76ba406e4,1782105587.7336655
data/tmp/mutual_funds/runtime/2c0105e6-5f94-44eb-8b76-6bb43153e417/debug/screenshot.png,16577,8294b47e1b936d08f4743c826fcff63e20f943298d96d41ba2ac94e76ba406e4,1782329185.6279845
data/tmp/mutual_funds/runtime/5d4f127e-2d81-42e7-baf0-cec27e0d5e7a/debug/screenshot.png,16577,8294b47e1b936d08f4743c826fcff63e20f943298d96d41ba2ac94e76ba406e4,1782328951.2329624
data/tmp/mutual_funds/runtime/a26f8bc3-33c0-4737-86ce-87b025c259ea/debug/screenshot.png,16577,8294b47e1b936d08f4743c826fcff63e20f943298d96d41ba2ac94e76ba406e4,1782153115.0244944
data/tmp/mutual_funds/runtime/a97c50f1-7487-4bdb-bf0d-71a52fd32ebb/debug/screenshot.png,16577,8294b47e1b936d08f4743c826fcff63e20f943298d96d41ba2ac94e76ba406e4,1782149376.5623562
data/tmp/mutual_funds/runtime/ddca1062-af87-486e-80d7-5137690b381c/debug/screenshot.png,16577,8294b47e1b936d08f4743c826fcff63e20f943298d96d41ba2ac94e76ba406e4,1782147466.0902672
data/tmp/mutual_funds/runtime/4fd9b1b2-e3f8-4a48-b79c-5f97eade27a0/debug/screenshot.png,16577,8294b47e1b936d08f4743c826fcff63e20f943298d96d41ba2ac94e76ba406e4,1782107702.75063
data/tmp/mutual_funds/runtime/7c3c6f89-a1f8-4e72-89fd-9f5d71bd0c16/debug/screenshot.png,16577,8294b47e1b936d08f4743c826fcff63e20f943298d96d41ba2ac94e76ba406e4,1782164473.1258976
data/tmp/mutual_funds/runtime/bc493978-c21d-44fe-be66-78f132ce116b/debug/screenshot.png,16577,8294b47e1b936d08f4743c826fcff63e20f943298d96d41ba2ac94e76ba406e4,1782098288.4065065
data/tmp/mutual_funds/runtime/a46464ce-5a52-48cd-82d6-ecbcfeb62c85/debug/screenshot.png,16577,8294b47e1b936d08f4743c826fcff63e20f943298d96d41ba2ac94e76ba406e4,1782113145.7636697
data/tmp/mutual_funds/runtime/a1adf49c-0ee1-4154-9f57-36ad91680d6e/debug/screenshot.png,16577,8294b47e1b936d08f4743c826fcff63e20f943298d96d41ba2ac94e76ba406e4,1782706931.7424736
data/tmp/mutual_funds/runtime/5a1c20d8-a83f-43e4-b071-1d00253bc520/debug/screenshot.png,16577,8294b47e1b936d08f4743c826fcff63e20f943298d96d41ba2ac94e76ba406e4,1782707225.7003896
data/tmp/mutual_funds/runtime/d6e845d5-a42b-4424-8042-6d2b9dc221ea/debug/screenshot.png,16577,8294b47e1b936d08f4743c826fcff63e20f943298d96d41ba2ac94e76ba406e4,1782145787.4390864
data/tmp/mutual_funds/runtime/f11793a8-53bd-4551-82af-4e30fcc2211f/debug/screenshot.png,16577,8294b47e1b936d08f4743c826fcff63e20f943298d96d41ba2ac94e76ba406e4,1782626518.784393
data/tmp/mutual_funds/runtime/ff05025f-1645-4aba-9c88-a59a2407262f/debug/screenshot.png,16577,8294b47e1b936d08f4743c826fcff63e20f943298d96d41ba2ac94e76ba406e4,1782585192.8485062
data/tmp/mutual_funds/runtime/17b60633-20e6-45d7-b14d-2ced70598a72/debug/screenshot.png,16577,8294b47e1b936d08f4743c826fcff63e20f943298d96d41ba2ac94e76ba406e4,1782706436.120827
data/tmp/mutual_funds/runtime/59b0634b-72aa-4efd-9615-e4af2e6e0b9a/debug/screenshot.png,16577,8294b47e1b936d08f4743c826fcff63e20f943298d96d41ba2ac94e76ba406e4,1782709421.840655
data/tmp/mutual_funds/runtime/1aa9ae52-c1b8-4c67-942f-fa88edb3489a/debug/screenshot.png,16577,8294b47e1b936d08f4743c826fcff63e20f943298d96d41ba2ac94e76ba406e4,1782707741.4942923
data/tmp/mutual_funds/runtime/97af8ba9-7a2e-402a-a7d8-5c95e9ac4972/debug/screenshot.png,16577,8294b47e1b936d08f4743c826fcff63e20f943298d96d41ba2ac94e76ba406e4,1782101788.821279
data/tmp/mutual_funds/runtime/5be11baf-2351-4ff1-ab81-f2396b5f2a1c/debug/screenshot.png,16577,8294b47e1b936d08f4743c826fcff63e20f943298d96d41ba2ac94e76ba406e4,1782185995.5770097
data/tmp/mutual_funds/runtime/44d86267-f806-441a-94a8-310e9a1ca8eb/debug/screenshot.png,16577,8294b47e1b936d08f4743c826fcff63e20f943298d96d41ba2ac94e76ba406e4,1782185896.212036
data/tmp/mutual_funds/runtime/1c5b5f7d-014e-41cc-b317-63d59ae7665e/debug/screenshot.png,16577,8294b47e1b936d08f4743c826fcff63e20f943298d96d41ba2ac94e76ba406e4,1782238057.8115292
data/tmp/mutual_funds/runtime/fd814b5f-4b65-448e-96ea-cd39c6d50dd1/debug/screenshot.png,16577,8294b47e1b936d08f4743c826fcff63e20f943298d96d41ba2ac94e76ba406e4,1782707072.349145
data/tmp/mutual_funds/runtime/fa456992-e010-45b9-82bf-6756cf767077/debug/screenshot.png,16577,8294b47e1b936d08f4743c826fcff63e20f943298d96d41ba2ac94e76ba406e4,1782107077.77058
data/tmp/mutual_funds/runtime/a51ac4cb-5c21-4ee8-9ffe-8a5634d1968b/debug/screenshot.png,16577,8294b47e1b936d08f4743c826fcff63e20f943298d96d41ba2ac94e76ba406e4,1782238121.8213036
data/tmp/mutual_funds/runtime/e2c7af8f-a097-4cec-9c8b-7c51813b4b27/debug/screenshot.png,16577,8294b47e1b936d08f4743c826fcff63e20f943298d96d41ba2ac94e76ba406e4,1782244408.2890716
data/tmp/mutual_funds/runtime/293659c4-e255-4a43-a77d-d63223f43cad/debug/screenshot.png,16577,8294b47e1b936d08f4743c826fcff63e20f943298d96d41ba2ac94e76ba406e4,1782283282.9939675
data/tmp/mutual_funds/runtime/9c750ee2-c834-41c5-ab61-e8cc1570d12a/debug/screenshot.png,16577,8294b47e1b936d08f4743c826fcff63e20f943298d96d41ba2ac94e76ba406e4,1782709323.7873185
data/tmp/mutual_funds/runtime/0faf7095-4f4b-4384-ba68-d651a94e26fc/debug/screenshot.png,16577,8294b47e1b936d08f4743c826fcff63e20f943298d96d41ba2ac94e76ba406e4,1782709552.0223854
data/tmp/mutual_funds/runtime/a473349d-a72a-42d9-92ac-a9959b0da8a3/debug/screenshot.png,16577,8294b47e1b936d08f4743c826fcff63e20f943298d96d41ba2ac94e76ba406e4,1782238409.0186443
data/tmp/mutual_funds/runtime/e0d84046-8f76-4855-8f1b-0a4f736497e1/debug/screenshot.png,16577,8294b47e1b936d08f4743c826fcff63e20f943298d96d41ba2ac94e76ba406e4,1782244407.1157608
data/tmp/mutual_funds/runtime/b8ba3a37-e55b-43b5-83ea-a30106c0be6e/debug/screenshot.png,16577,8294b47e1b936d08f4743c826fcff63e20f943298d96d41ba2ac94e76ba406e4,1782708220.151278
data/tmp/mutual_funds/runtime/93161a59-82b0-4446-b783-644b341a623c/debug/screenshot.png,16577,8294b47e1b936d08f4743c826fcff63e20f943298d96d41ba2ac94e76ba406e4,1782709435.3944604
data/tmp/mutual_funds/runtime/157efae1-b7b5-498d-8215-4814f199a8d5/debug/screenshot.png,16577,8294b47e1b936d08f4743c826fcff63e20f943298d96d41ba2ac94e76ba406e4,1782707602.0929427
data/tmp/mutual_funds/runtime/0e35b9bf-3f3f-48ea-965a-fff5d18edbaf/debug/screenshot.png,16577,8294b47e1b936d08f4743c826fcff63e20f943298d96d41ba2ac94e76ba406e4,1782709337.3954287
data/tmp/mutual_funds/runtime/db583856-a39b-42e0-a64f-ec15ae8c3014/debug/screenshot.png,16577,8294b47e1b936d08f4743c826fcff63e20f943298d96d41ba2ac94e76ba406e4,1782112972.6849082
data/tmp/mutual_funds/runtime/645523b3-ae0e-4145-b4f5-5ac29b47c32e/debug/screenshot.png,16577,8294b47e1b936d08f4743c826fcff63e20f943298d96d41ba2ac94e76ba406e4,1782106702.5139012
data/tmp/mutual_funds/runtime/2ce1c677-8fb6-493c-ad03-093c1b939048/debug/screenshot.png,16577,8294b47e1b936d08f4743c826fcff63e20f943298d96d41ba2ac94e76ba406e4,1782709225.1972518
data/tmp/mutual_funds/runtime/418f2f30-4982-41fc-ad2d-1385aeb22596/debug/screenshot.png,16577,8294b47e1b936d08f4743c826fcff63e20f943298d96d41ba2ac94e76ba406e4,1782164341.8727872
data/tmp/mutual_funds/runtime/3f01b72b-c2ee-4111-8db0-49120e69e386/debug/screenshot.png,16577,8294b47e1b936d08f4743c826fcff63e20f943298d96d41ba2ac94e76ba406e4,1782113379.2537222
data/tmp/mutual_funds/runtime/239bc8e3-cdfd-4057-8809-0b05a4be06ba/debug/screenshot.png,16577,8294b47e1b936d08f4743c826fcff63e20f943298d96d41ba2ac94e76ba406e4,1782104893.7243998
data/tmp/mutual_funds/runtime/2029ef7c-d14b-4c0b-9e4d-4287ac6c8ddf/debug/screenshot.png,16577,8294b47e1b936d08f4743c826fcff63e20f943298d96d41ba2ac94e76ba406e4,1782585298.596255
data/tmp/mutual_funds/runtime/9f0a6024-1479-418f-a49b-af5ba76bb3cd/debug/screenshot.png,16577,8294b47e1b936d08f4743c826fcff63e20f943298d96d41ba2ac94e76ba406e4,1782107853.9337757
data/tmp/mutual_funds/runtime/9131c258-4a5b-4a07-8198-1d5271bb95d0/debug/screenshot.png,16577,8294b47e1b936d08f4743c826fcff63e20f943298d96d41ba2ac94e76ba406e4,1782707619.5633636
data/tmp/mutual_funds/runtime/78bbd4b8-8300-440a-b8dc-402fee8d1616/debug/screenshot.png,16577,8294b47e1b936d08f4743c826fcff63e20f943298d96d41ba2ac94e76ba406e4,1782145791.823131
data/tmp/mutual_funds/runtime/44a261da-641f-419d-8ce2-fe60098ffa1b/debug/screenshot.png,16577,8294b47e1b936d08f4743c826fcff63e20f943298d96d41ba2ac94e76ba406e4,1782709446.5202034
data/tmp/mutual_funds/runtime/922d1231-60b7-4487-9398-b67b09e02057/debug/screenshot.png,16577,8294b47e1b936d08f4743c826fcff63e20f943298d96d41ba2ac94e76ba406e4,1782194710.9888594
data/tmp/mutual_funds/runtime/4ffe87ab-3210-4740-a928-9dcd0aec3710/debug/screenshot.png,16577,8294b47e1b936d08f4743c826fcff63e20f943298d96d41ba2ac94e76ba406e4,1782198299.4875057
data/tmp/mutual_funds/runtime/4b6f3e31-90bf-4a5f-9485-c86ff5bf74a6/debug/screenshot.png,16577,8294b47e1b936d08f4743c826fcff63e20f943298d96d41ba2ac94e76ba406e4,1782149706.8812516
data/tmp/mutual_funds/runtime/8a07a47a-d65d-40a5-90a7-d88ac49a3eb8/debug/screenshot.png,16577,8294b47e1b936d08f4743c826fcff63e20f943298d96d41ba2ac94e76ba406e4,1782707420.63153
data/tmp/mutual_funds/runtime/4bd7811b-7ac4-48a8-9b3c-2cc82be61741/debug/screenshot.png,16577,8294b47e1b936d08f4743c826fcff63e20f943298d96d41ba2ac94e76ba406e4,1782628944.2349308
data/tmp/mutual_funds/runtime/c5a5f8d6-0435-45d1-b3ec-32b30f2e7a7a/debug/screenshot.png,16577,8294b47e1b936d08f4743c826fcff63e20f943298d96d41ba2ac94e76ba406e4,1782164462.9092975
data/tmp/mutual_funds/runtime/9158a408-4700-4367-be62-f083d1231b16/debug/screenshot.png,16577,8294b47e1b936d08f4743c826fcff63e20f943298d96d41ba2ac94e76ba406e4,1782153119.4430478
data/tmp/mutual_funds/runtime/e5d9d802-84cf-4e2e-b7d1-6504b745adba/debug/screenshot.png,16577,8294b47e1b936d08f4743c826fcff63e20f943298d96d41ba2ac94e76ba406e4,1782239745.285979
data/tmp/mutual_funds/runtime/0f52ae58-0d4e-410b-b490-8dec1b9cf442/debug/screenshot.png,16577,8294b47e1b936d08f4743c826fcff63e20f943298d96d41ba2ac94e76ba406e4,1782164456.5188277
data/tmp/mutual_funds/runtime/deb50ff5-4557-4214-b1d4-a00c49240949/debug/screenshot.png,16577,8294b47e1b936d08f4743c826fcff63e20f943298d96d41ba2ac94e76ba406e4,1782625999.9557302
data/tmp/mutual_funds/runtime/d976382f-0a50-4a52-b291-f27e03a96c56/debug/screenshot.png,16577,8294b47e1b936d08f4743c826fcff63e20f943298d96d41ba2ac94e76ba406e4,1782707617.5221095
data/tmp/mutual_funds/runtime/a463c02c-a9cd-4a8b-b5de-039d752cf39a/debug/screenshot.png,16577,8294b47e1b936d08f4743c826fcff63e20f943298d96d41ba2ac94e76ba406e4,1782149378.9199173
data/tmp/mutual_funds/runtime/c5e62f7c-415f-495a-9e28-2d96f1cb0a5d/debug/screenshot.png,16577,8294b47e1b936d08f4743c826fcff63e20f943298d96d41ba2ac94e76ba406e4,1782184961.207707
data/tmp/mutual_funds/runtime/8c5abd9a-c3da-4296-8bb8-3c60e8f0608c/debug/screenshot.png,16577,8294b47e1b936d08f4743c826fcff63e20f943298d96d41ba2ac94e76ba406e4,1782108703.0436358
data/tmp/mutual_funds/runtime/8653d23c-5a10-4456-b864-d8d1b7932d40/debug/screenshot.png,16577,8294b47e1b936d08f4743c826fcff63e20f943298d96d41ba2ac94e76ba406e4,1782584898.843699
data/tmp/mutual_funds/runtime/6cb41fd2-eaab-41bb-8678-5a732ad45618/debug/screenshot.png,16577,8294b47e1b936d08f4743c826fcff63e20f943298d96d41ba2ac94e76ba406e4,1782147459.2909305
data/tmp/mutual_funds/runtime/e572efcc-0036-4c4f-b92d-84651c87b863/debug/screenshot.png,16577,8294b47e1b936d08f4743c826fcff63e20f943298d96d41ba2ac94e76ba406e4,1782329152.5641809
data/tmp/mutual_funds/runtime/a63bc84f-4f48-45c7-acf6-f43afd908ad9/debug/screenshot.png,16577,8294b47e1b936d08f4743c826fcff63e20f943298d96d41ba2ac94e76ba406e4,1782111905.245431
data/tmp/mutual_funds/runtime/0bdaa109-56a3-48b4-a67e-fff313c8fcb2/debug/screenshot.png,16577,8294b47e1b936d08f4743c826fcff63e20f943298d96d41ba2ac94e76ba406e4,1782164460.9533482
data/tmp/mutual_funds/runtime/e9c50d60-9f15-43e0-a11a-7794214a68d5/debug/screenshot.png,16577,8294b47e1b936d08f4743c826fcff63e20f943298d96d41ba2ac94e76ba406e4,1782107468.8611488
data/tmp/mutual_funds/runtime/2ba68fc9-1b98-4b5c-8ed1-f7e8448559ea/debug/screenshot.png,16577,8294b47e1b936d08f4743c826fcff63e20f943298d96d41ba2ac94e76ba406e4,1782104891.151777
data/tmp/mutual_funds/runtime/e631e3bf-10f5-4d17-85af-058bb0964d31/debug/screenshot.png,16577,8294b47e1b936d08f4743c826fcff63e20f943298d96d41ba2ac94e76ba406e4,1782585305.185774
data/tmp/mutual_funds/runtime/1350ce95-4e76-4a23-87df-0cd5bab9c86f/debug/screenshot.png,16577,8294b47e1b936d08f4743c826fcff63e20f943298d96d41ba2ac94e76ba406e4,1782329154.4511821
data/tmp/mutual_funds/runtime/cc266166-ba00-479a-94be-390ddee024c3/debug/screenshot.png,16577,8294b47e1b936d08f4743c826fcff63e20f943298d96d41ba2ac94e76ba406e4,1782110079.0147955
data/tmp/mutual_funds/runtime/e189b04a-c0e5-44d1-95bf-e3f5128b8efb/debug/screenshot.png,16577,8294b47e1b936d08f4743c826fcff63e20f943298d96d41ba2ac94e76ba406e4,1782108988.170434
data/tmp/mutual_funds/runtime/72146e66-41b4-49a2-966f-2afabaaf86e9/debug/screenshot.png,16577,8294b47e1b936d08f4743c826fcff63e20f943298d96d41ba2ac94e76ba406e4,1782194732.5051174
data/tmp/mutual_funds/runtime/7aca04a3-9807-4491-b1e8-664da4518791/debug/screenshot.png,16577,8294b47e1b936d08f4743c826fcff63e20f943298d96d41ba2ac94e76ba406e4,1782185313.7379878
data/tmp/mutual_funds/runtime/4719aa40-87a2-47b1-85b0-9c72d6d0d5ee/debug/screenshot.png,16577,8294b47e1b936d08f4743c826fcff63e20f943298d96d41ba2ac94e76ba406e4,1782185898.160545
data/tmp/mutual_funds/runtime/44555e15-8458-4a06-b0b3-6f379f5942c4/debug/screenshot.png,16577,8294b47e1b936d08f4743c826fcff63e20f943298d96d41ba2ac94e76ba406e4,1782513137.9986744
data/tmp/mutual_funds/runtime/b401f5c0-e9b1-4a8d-bf87-0628245f4467/debug/screenshot.png,16577,8294b47e1b936d08f4743c826fcff63e20f943298d96d41ba2ac94e76ba406e4,1782707422.669375
data/tmp/mutual_funds/runtime/57cd4dc1-1508-413e-ab1d-2ac8a96f61a0/debug/screenshot.png,16577,8294b47e1b936d08f4743c826fcff63e20f943298d96d41ba2ac94e76ba406e4,1782112965.6022828
data/tmp/mutual_funds/runtime/f772437c-f543-4729-9658-4d883be42641/debug/screenshot.png,16577,8294b47e1b936d08f4743c826fcff63e20f943298d96d41ba2ac94e76ba406e4,1782113396.819391
data/tmp/mutual_funds/runtime/a5615d8c-ca02-45a2-9280-5245f2a5d0fe/debug/screenshot.png,16577,8294b47e1b936d08f4743c826fcff63e20f943298d96d41ba2ac94e76ba406e4,1782110062.581815
data/tmp/mutual_funds/runtime/c377beac-229a-4177-b231-85c3b7bbc989/debug/screenshot.png,16577,8294b47e1b936d08f4743c826fcff63e20f943298d96d41ba2ac94e76ba406e4,1782237980.3392153
data/tmp/mutual_funds/runtime/dc7d9749-6c4d-4c61-90a8-ce20fd370255/debug/screenshot.png,16577,8294b47e1b936d08f4743c826fcff63e20f943298d96d41ba2ac94e76ba406e4,1782244415.266476
data/tmp/mutual_funds/runtime/3d08d190-7008-43f6-a339-2ef370b48a70/debug/screenshot.png,16577,8294b47e1b936d08f4743c826fcff63e20f943298d96d41ba2ac94e76ba406e4,1782194734.6032424
data/tmp/mutual_funds/runtime/21a0eee4-c8bb-4f4d-9d15-32a93a622316/debug/screenshot.png,16577,8294b47e1b936d08f4743c826fcff63e20f943298d96d41ba2ac94e76ba406e4,1782706475.6303291
data/tmp/mutual_funds/runtime/326b58dd-df96-4fdf-ab0e-c65dbfee1f23/debug/screenshot.png,16577,8294b47e1b936d08f4743c826fcff63e20f943298d96d41ba2ac94e76ba406e4,1782108779.3374658
data/tmp/mutual_funds/runtime/e330db2a-9dce-45a0-b651-5c0bf65a8b47/debug/screenshot.png,16577,8294b47e1b936d08f4743c826fcff63e20f943298d96d41ba2ac94e76ba406e4,1782238082.1388063
data/tmp/mutual_funds/runtime/cc65c10d-42a3-40fc-92e5-503fd57ad19b/debug/screenshot.png,16577,8294b47e1b936d08f4743c826fcff63e20f943298d96d41ba2ac94e76ba406e4,1782164348.6388576
data/tmp/mutual_funds/runtime/1103f77d-ee59-4651-9f94-0d7b7fce3cf0/debug/screenshot.png,16577,8294b47e1b936d08f4743c826fcff63e20f943298d96d41ba2ac94e76ba406e4,1782239752.1337595
data/tmp/mutual_funds/runtime/77b49be8-f665-44d9-a9f7-c4246d85b3eb/debug/screenshot.png,16577,8294b47e1b936d08f4743c826fcff63e20f943298d96d41ba2ac94e76ba406e4,1782083336.3293655
data/tmp/mutual_funds/runtime/8b424202-01bc-464a-a341-86bac528c411/debug/screenshot.png,16577,8294b47e1b936d08f4743c826fcff63e20f943298d96d41ba2ac94e76ba406e4,1782537016.2727172
data/tmp/mutual_funds/runtime/3d339518-7c2b-4b59-b2d2-6dadf59f1496/debug/screenshot.png,16577,8294b47e1b936d08f4743c826fcff63e20f943298d96d41ba2ac94e76ba406e4,1782107436.2433803
data/tmp/mutual_funds/runtime/8df3284f-27c2-45ec-a0ba-10d9c64a6321/debug/screenshot.png,16577,8294b47e1b936d08f4743c826fcff63e20f943298d96d41ba2ac94e76ba406e4,1782185325.0482972
data/tmp/mutual_funds/runtime/0f63c274-e892-48b8-9a95-8a79ef3679f3/debug/screenshot.png,16577,8294b47e1b936d08f4743c826fcff63e20f943298d96d41ba2ac94e76ba406e4,1782111952.9340258
data/tmp/mutual_funds/runtime/4470b6e9-81e9-48c2-af85-3beb233dc35e/debug/screenshot.png,16577,8294b47e1b936d08f4743c826fcff63e20f943298d96d41ba2ac94e76ba406e4,1782707822.5535357
data/tmp/mutual_funds/runtime/a68da8d0-7dfc-4cb3-8dea-da442233fc81/debug/screenshot.png,16577,8294b47e1b936d08f4743c826fcff63e20f943298d96d41ba2ac94e76ba406e4,1782083338.6428182
data/tmp/mutual_funds/runtime/e828a5e5-d500-4227-9a9c-3c7c55d6866b/debug/screenshot.png,16577,8294b47e1b936d08f4743c826fcff63e20f943298d96d41ba2ac94e76ba406e4,1782149700.1274953
data/tmp/mutual_funds/runtime/f0515ce2-ec1c-4b98-99ee-43505819d642/debug/screenshot.png,16577,8294b47e1b936d08f4743c826fcff63e20f943298d96d41ba2ac94e76ba406e4,1782283265.9526763
data/tmp/mutual_funds/runtime/00e00060-8da0-49c3-9a17-0eac06ca309e/debug/screenshot.png,16577,8294b47e1b936d08f4743c826fcff63e20f943298d96d41ba2ac94e76ba406e4,1782083331.95128
data/tmp/mutual_funds/runtime/270498b6-9a2b-4778-85b9-7ca5378c723b/debug/screenshot.png,16577,8294b47e1b936d08f4743c826fcff63e20f943298d96d41ba2ac94e76ba406e4,1782629258.2278032
data/tmp/mutual_funds/runtime/8fa5332a-d834-4229-ac87-6878df0e6d4a/debug/screenshot.png,16577,8294b47e1b936d08f4743c826fcff63e20f943298d96d41ba2ac94e76ba406e4,1782283238.26094
data/tmp/mutual_funds/runtime/2e2ec609-0bba-4eeb-a520-3cc54570f212/debug/screenshot.png,16577,8294b47e1b936d08f4743c826fcff63e20f943298d96d41ba2ac94e76ba406e4,1782233225.0037897
data/tmp/mutual_funds/runtime/65ebcb59-b1e9-496b-8d8b-7f3d414d8a41/debug/screenshot.png,16577,8294b47e1b936d08f4743c826fcff63e20f943298d96d41ba2ac94e76ba406e4,1782707084.3656301
data/tmp/mutual_funds/runtime/0ededc51-2747-4ff1-98aa-b53e4aab351c/debug/screenshot.png,16577,8294b47e1b936d08f4743c826fcff63e20f943298d96d41ba2ac94e76ba406e4,1782628951.193318
data/tmp/mutual_funds/runtime/f874264b-9b7c-4374-93cd-fd9c18028d34/debug/screenshot.png,16577,8294b47e1b936d08f4743c826fcff63e20f943298d96d41ba2ac94e76ba406e4,1782152274.709752
data/tmp/mutual_funds/runtime/69b648c1-cfd7-4762-aa9a-3ec0c60a6619/debug/screenshot.png,16577,8294b47e1b936d08f4743c826fcff63e20f943298d96d41ba2ac94e76ba406e4,1782706477.5510383
data/tmp/mutual_funds/runtime/aeb7d444-de1d-4951-9ad6-b12b1cc0d562/debug/screenshot.png,16577,8294b47e1b936d08f4743c826fcff63e20f943298d96d41ba2ac94e76ba406e4,1782158866.565132
data/tmp/mutual_funds/runtime/4bb9a221-03f8-48e3-a7d8-c4f8ed942a09/debug/screenshot.png,16577,8294b47e1b936d08f4743c826fcff63e20f943298d96d41ba2ac94e76ba406e4,1782107851.5715392
data/tmp/mutual_funds/runtime/7e72ded4-1a6c-43e0-8559-6af4f7464c20/debug/screenshot.png,16577,8294b47e1b936d08f4743c826fcff63e20f943298d96d41ba2ac94e76ba406e4,1782198314.9592493
data/tmp/mutual_funds/runtime/b4389426-fa45-47ec-9079-285837be04e7/debug/screenshot.png,16577,8294b47e1b936d08f4743c826fcff63e20f943298d96d41ba2ac94e76ba406e4,1782164475.0927176
data/tmp/mutual_funds/runtime/09013a82-8ef6-490a-9bdf-ae57e55c3c9b/debug/screenshot.png,16577,8294b47e1b936d08f4743c826fcff63e20f943298d96d41ba2ac94e76ba406e4,1782710191.7789147
data/tmp/mutual_funds/runtime/c8e48315-e16d-4990-ae7d-25740632a47e/debug/screenshot.png,16577,8294b47e1b936d08f4743c826fcff63e20f943298d96d41ba2ac94e76ba406e4,1782109042.7071013
data/tmp/mutual_funds/runtime/e2def750-1a67-4c36-8775-b8f3477652c3/debug/screenshot.png,16577,8294b47e1b936d08f4743c826fcff63e20f943298d96d41ba2ac94e76ba406e4,1782584894.2187824
data/tmp/mutual_funds/runtime/ac45e771-1962-41a5-aa40-374fce246491/debug/screenshot.png,16577,8294b47e1b936d08f4743c826fcff63e20f943298d96d41ba2ac94e76ba406e4,1782710175.9943395
data/tmp/mutual_funds/runtime/be309cb7-52d9-477c-a284-5b14c5b0b469/debug/screenshot.png,16577,8294b47e1b936d08f4743c826fcff63e20f943298d96d41ba2ac94e76ba406e4,1782709287.8463128
data/tmp/mutual_funds/runtime/71d0e327-c5bb-4e4d-aae6-61796502325a/debug/screenshot.png,16577,8294b47e1b936d08f4743c826fcff63e20f943298d96d41ba2ac94e76ba406e4,1782113394.294282
data/tmp/mutual_funds/runtime/af56cf0c-6306-4e36-8f3b-f3a2ebe2f740/debug/screenshot.png,16577,8294b47e1b936d08f4743c826fcff63e20f943298d96d41ba2ac94e76ba406e4,1782152040.2343616
data/tmp/mutual_funds/runtime/4a5ac41f-c807-496d-b20a-3a5fd2765adf/debug/screenshot.png,16577,8294b47e1b936d08f4743c826fcff63e20f943298d96d41ba2ac94e76ba406e4,1782238140.4821353
data/tmp/mutual_funds/runtime/159fe91d-8d87-4326-af16-9b96baff010c/debug/screenshot.png,16577,8294b47e1b936d08f4743c826fcff63e20f943298d96d41ba2ac94e76ba406e4,1782146519.0034842
data/tmp/mutual_funds/runtime/aca69350-ada1-4293-b638-859db2922509/debug/screenshot.png,16577,8294b47e1b936d08f4743c826fcff63e20f943298d96d41ba2ac94e76ba406e4,1782238116.7743752
data/tmp/mutual_funds/runtime/ae9480a9-fddd-4722-ab1c-c1d97648d9a0/debug/screenshot.png,16577,8294b47e1b936d08f4743c826fcff63e20f943298d96d41ba2ac94e76ba406e4,1782158864.2585247
data/tmp/mutual_funds/runtime/104d15c1-fb84-46c9-ac0a-4b3a29dc0e26/debug/screenshot.png,16577,8294b47e1b936d08f4743c826fcff63e20f943298d96d41ba2ac94e76ba406e4,1782152270.330575
data/tmp/mutual_funds/runtime/f08c2f1c-6804-46ef-82ad-f2d9dde606ea/debug/screenshot.png,16577,8294b47e1b936d08f4743c826fcff63e20f943298d96d41ba2ac94e76ba406e4,1782244412.063939
data/tmp/mutual_funds/runtime/451fcd48-8bd9-4d48-9ed4-1a0fde59e8c0/debug/screenshot.png,16577,8294b47e1b936d08f4743c826fcff63e20f943298d96d41ba2ac94e76ba406e4,1782157046.187975
data/tmp/mutual_funds/runtime/aba20a5a-5dbe-44a7-b76c-9051527761ed/debug/screenshot.png,16577,8294b47e1b936d08f4743c826fcff63e20f943298d96d41ba2ac94e76ba406e4,1782709234.4457233
data/tmp/mutual_funds/runtime/8d85817e-27e4-4bc9-ba84-ec6236009090/debug/screenshot.png,16577,8294b47e1b936d08f4743c826fcff63e20f943298d96d41ba2ac94e76ba406e4,1782254864.7447832
data/tmp/mutual_funds/runtime/571cc34a-08e8-402c-8421-be70b83b4057/debug/screenshot.png,16577,8294b47e1b936d08f4743c826fcff63e20f943298d96d41ba2ac94e76ba406e4,1782107080.1004171
data/tmp/mutual_funds/runtime/c4aad8e4-ff49-4ca9-ad5b-74bc0a12a20c/debug/screenshot.png,16577,8294b47e1b936d08f4743c826fcff63e20f943298d96d41ba2ac94e76ba406e4,1782146512.3508685
data/tmp/mutual_funds/runtime/dfe06c07-abc6-40a1-9280-d6c0ea88122d/debug/screenshot.png,16577,8294b47e1b936d08f4743c826fcff63e20f943298d96d41ba2ac94e76ba406e4,1782152046.9622676
data/tmp/mutual_funds/runtime/b71fb20b-5410-47be-8146-d4af0eb0a279/debug/screenshot.png,16577,8294b47e1b936d08f4743c826fcff63e20f943298d96d41ba2ac94e76ba406e4,1782628362.3834753
data/tmp/mutual_funds/runtime/025b128c-d0ad-427f-9a32-7c961950b27e/debug/screenshot.png,16577,8294b47e1b936d08f4743c826fcff63e20f943298d96d41ba2ac94e76ba406e4,1782108700.4887486
data/tmp/mutual_funds/runtime/b043f96a-0dcd-4b47-9da1-1f1bab18eece/debug/screenshot.png,16577,8294b47e1b936d08f4743c826fcff63e20f943298d96d41ba2ac94e76ba406e4,1782164346.2733603
data/tmp/mutual_funds/runtime/d2092c01-9aad-4101-91d5-26c25aacba31/debug/screenshot.png,16577,8294b47e1b936d08f4743c826fcff63e20f943298d96d41ba2ac94e76ba406e4,1782107965.9635675
data/tmp/mutual_funds/runtime/5454cdd9-32c9-46b3-9025-dd7569253fac/debug/screenshot.png,16577,8294b47e1b936d08f4743c826fcff63e20f943298d96d41ba2ac94e76ba406e4,1782233223.0099814
data/tmp/mutual_funds/runtime/ed7d5d2a-db8d-42e5-a47a-22684337ee1c/debug/screenshot.png,16577,8294b47e1b936d08f4743c826fcff63e20f943298d96d41ba2ac94e76ba406e4,1782152277.1763597
data/tmp/mutual_funds/runtime/108874c0-5833-4fe7-8459-ac347f326ba7/debug/screenshot.png,16577,8294b47e1b936d08f4743c826fcff63e20f943298d96d41ba2ac94e76ba406e4,1782099423.747803
data/tmp/mutual_funds/runtime/8d93f103-a28a-47bc-8a78-3e83e65c6ec4/debug/screenshot.png,16577,8294b47e1b936d08f4743c826fcff63e20f943298d96d41ba2ac94e76ba406e4,1782254517.539231
data/tmp/mutual_funds/runtime/55901b5a-f659-44d7-a9f8-bb40dfd02f44/debug/screenshot.png,16577,8294b47e1b936d08f4743c826fcff63e20f943298d96d41ba2ac94e76ba406e4,1782107466.2750258
data/tmp/mutual_funds/runtime/39b7eab2-dc74-456c-942c-10078ad4bf5e/debug/screenshot.png,16577,8294b47e1b936d08f4743c826fcff63e20f943298d96d41ba2ac94e76ba406e4,1782107334.6173997
data/tmp/mutual_funds/runtime/c33c9d74-2e22-4cff-9944-036330d3cdd2/debug/screenshot.png,16577,8294b47e1b936d08f4743c826fcff63e20f943298d96d41ba2ac94e76ba406e4,1782185326.98541
data/tmp/mutual_funds/runtime/c9a99bf7-a6f6-434a-bec1-3537637a9219/debug/screenshot.png,16577,8294b47e1b936d08f4743c826fcff63e20f943298d96d41ba2ac94e76ba406e4,1782584986.9909658
data/tmp/mutual_funds/runtime/cd2de867-8fd7-4527-8851-81500d883611/debug/screenshot.png,16577,8294b47e1b936d08f4743c826fcff63e20f943298d96d41ba2ac94e76ba406e4,1782584993.69011
data/tmp/mutual_funds/runtime/3ac7b9ac-1caf-4a28-ad52-d98ca98584c2/debug/screenshot.png,16577,8294b47e1b936d08f4743c826fcff63e20f943298d96d41ba2ac94e76ba406e4,1782107700.3310654
data/tmp/mutual_funds/runtime/67b58f34-8a4c-4655-a9c1-74df28f3047a/debug/screenshot.png,16577,8294b47e1b936d08f4743c826fcff63e20f943298d96d41ba2ac94e76ba406e4,1782328949.234908
data/tmp/mutual_funds/runtime/f0d4da8e-9d85-40cb-afd2-8cf408f09d0c/debug/screenshot.png,16577,8294b47e1b936d08f4743c826fcff63e20f943298d96d41ba2ac94e76ba406e4,1782239009.4329078
data/tmp/mutual_funds/runtime/67d62617-f306-4a8c-84c1-89963fee6f7a/debug/screenshot.png,16577,8294b47e1b936d08f4743c826fcff63e20f943298d96d41ba2ac94e76ba406e4,1782707227.6358771
data/tmp/mutual_funds/runtime/fd3b2703-db4e-4318-b568-7a0988800a08/debug/screenshot.png,16577,8294b47e1b936d08f4743c826fcff63e20f943298d96d41ba2ac94e76ba406e4,1782107903.1895502
data/tmp/mutual_funds/runtime/8f44fd00-a863-4015-a766-5fa8d99c6199/debug/screenshot.png,16577,8294b47e1b936d08f4743c826fcff63e20f943298d96d41ba2ac94e76ba406e4,1782239671.3664863
data/tmp/mutual_funds/runtime/c2fbf510-66cf-42ae-9f67-a041f9b09ac2/debug/screenshot.png,16577,8294b47e1b936d08f4743c826fcff63e20f943298d96d41ba2ac94e76ba406e4,1782113135.4105272
data/tmp/mutual_funds/runtime/4b702976-4d16-49e6-a24d-35c9b1286e15/debug/screenshot.png,16577,8294b47e1b936d08f4743c826fcff63e20f943298d96d41ba2ac94e76ba406e4,1782707835.156579
data/tmp/mutual_funds/runtime/fc901a55-6e3e-4196-9fee-82deeb2c66c9/debug/screenshot.png,16577,8294b47e1b936d08f4743c826fcff63e20f943298d96d41ba2ac94e76ba406e4,1782238043.218464
data/tmp/mutual_funds/runtime/57e4acc5-9c43-48f0-978d-2d1bb651c3bf/debug/screenshot.png,16577,8294b47e1b936d08f4743c826fcff63e20f943298d96d41ba2ac94e76ba406e4,1782239678.3561654
data/tmp/mutual_funds/runtime/7dfc032c-700a-459a-bc32-c703793356ec/debug/screenshot.png,16577,8294b47e1b936d08f4743c826fcff63e20f943298d96d41ba2ac94e76ba406e4,1782254862.6010332
data/tmp/mutual_funds/runtime/35e35403-3dc6-44ba-b66c-8f164e9489b6/debug/screenshot.png,16577,8294b47e1b936d08f4743c826fcff63e20f943298d96d41ba2ac94e76ba406e4,1782186012.6584506
data/tmp/mutual_funds/runtime/2f1f21b4-a36c-442e-8664-6053da3a25ca/debug/screenshot.png,16577,8294b47e1b936d08f4743c826fcff63e20f943298d96d41ba2ac94e76ba406e4,1782283290.3223865
data/tmp/mutual_funds/runtime/ef1572b0-6b5f-41cd-be9c-916d4d420f13/debug/screenshot.png,16577,8294b47e1b936d08f4743c826fcff63e20f943298d96d41ba2ac94e76ba406e4,1782239676.2598372
data/tmp/mutual_funds/runtime/a1171145-fc6a-48ac-9502-875fb0611ecf/debug/screenshot.png,16577,8294b47e1b936d08f4743c826fcff63e20f943298d96d41ba2ac94e76ba406e4,1782186588.4306612
data/tmp/mutual_funds/runtime/094aa2b9-8cae-4c3b-8e24-6ed10d6f4a83/debug/screenshot.png,16577,8294b47e1b936d08f4743c826fcff63e20f943298d96d41ba2ac94e76ba406e4,1782238404.004891
data/tmp/mutual_funds/runtime/97b0bc15-cb0a-4043-8508-eb2f5d1873fd/debug/screenshot.png,16577,8294b47e1b936d08f4743c826fcff63e20f943298d96d41ba2ac94e76ba406e4,1782109704.9989438
data/tmp/mutual_funds/runtime/964d0bc1-a399-48c5-9d39-f450b46037bf/debug/screenshot.png,16577,8294b47e1b936d08f4743c826fcff63e20f943298d96d41ba2ac94e76ba406e4,1782112975.2679176
data/tmp/mutual_funds/runtime/2cc69c4b-8afb-48b8-bd3f-2a87b3673b16/debug/screenshot.png,16577,8294b47e1b936d08f4743c826fcff63e20f943298d96d41ba2ac94e76ba406e4,1782239750.0480928
data/tmp/mutual_funds/runtime/0293fc80-4615-467e-bdef-b66e22b3553e/debug/screenshot.png,16577,8294b47e1b936d08f4743c826fcff63e20f943298d96d41ba2ac94e76ba406e4,1782238123.955592
data/tmp/mutual_funds/runtime/f7e1b003-231e-4dbb-8622-589db5bf77f8/debug/screenshot.png,16577,8294b47e1b936d08f4743c826fcff63e20f943298d96d41ba2ac94e76ba406e4,1782708233.2333713
data/tmp/mutual_funds/runtime/0f6f0890-76a1-4d45-8043-a12d0e7ffe00/debug/screenshot.png,16577,8294b47e1b936d08f4743c826fcff63e20f943298d96d41ba2ac94e76ba406e4,1782112531.3406217
data/tmp/mutual_funds/runtime/0ccd1bd9-f15a-4ead-8836-0fcf6e5f025d/debug/screenshot.png,16577,8294b47e1b936d08f4743c826fcff63e20f943298d96d41ba2ac94e76ba406e4,1782109702.4155822
data/tmp/mutual_funds/runtime/e78d1e78-c92d-4b5f-aaed-efb53b8ddc9a/debug/screenshot.png,16577,8294b47e1b936d08f4743c826fcff63e20f943298d96d41ba2ac94e76ba406e4,1782146516.6866682
data/tmp/mutual_funds/runtime/5f773d2e-ef83-42cf-b3d1-65b76ffa7af3/debug/screenshot.png,16577,8294b47e1b936d08f4743c826fcff63e20f943298d96d41ba2ac94e76ba406e4,1782626945.9683545
data/tmp/mutual_funds/runtime/a7369bbc-2230-4cef-8078-d464f6b99903/debug/screenshot.png,16577,8294b47e1b936d08f4743c826fcff63e20f943298d96d41ba2ac94e76ba406e4,1782238045.3766398
data/tmp/mutual_funds/runtime/9a9ce0f7-23ec-4396-b754-9b9322edae66/debug/screenshot.png,16577,8294b47e1b936d08f4743c826fcff63e20f943298d96d41ba2ac94e76ba406e4,1782585143.6897979
data/tmp/mutual_funds/runtime/30ddacd9-f01a-4cd8-9a0d-fb37f4e7dd0a/debug/screenshot.png,16577,8294b47e1b936d08f4743c826fcff63e20f943298d96d41ba2ac94e76ba406e4,1782707106.629746
data/tmp/mutual_funds/runtime/7f73ad57-7e30-4475-b642-23eaa9bc9ab7/debug/screenshot.png,16577,8294b47e1b936d08f4743c826fcff63e20f943298d96d41ba2ac94e76ba406e4,1782585050.8692427
data/tmp/mutual_funds/runtime/58bd1d0f-9b98-4930-8056-c493c833e976/debug/screenshot.png,16577,8294b47e1b936d08f4743c826fcff63e20f943298d96d41ba2ac94e76ba406e4,1782106705.0516114
data/tmp/mutual_funds/runtime/d5baa009-235b-493d-be52-c93be55e6515/debug/screenshot.png,16577,8294b47e1b936d08f4743c826fcff63e20f943298d96d41ba2ac94e76ba406e4,1782709302.3362937
data/tmp/mutual_funds/runtime/fa14425b-ca7f-4e53-ae2f-103c9ba2ba64/debug/screenshot.png,16577,8294b47e1b936d08f4743c826fcff63e20f943298d96d41ba2ac94e76ba406e4,1782238080.011274
data/tmp/mutual_funds/runtime/69261191-61e0-4b34-b4c8-c3d867709d11/debug/screenshot.png,16577,8294b47e1b936d08f4743c826fcff63e20f943298d96d41ba2ac94e76ba406e4,1782152741.2416317
data/tmp/mutual_funds/runtime/886382ba-3cf2-480c-a6b4-e1d8f705c005/debug/screenshot.png,16577,8294b47e1b936d08f4743c826fcff63e20f943298d96d41ba2ac94e76ba406e4,1782152745.691692
data/tmp/mutual_funds/runtime/6ea17ff2-1f64-474c-b704-f63e995d62ad/debug/screenshot.png,16577,8294b47e1b936d08f4743c826fcff63e20f943298d96d41ba2ac94e76ba406e4,1782107865.402903
data/tmp/mutual_funds/runtime/87665e6f-ce1c-4ef6-a7be-9251f6b55cee/debug/screenshot.png,16577,8294b47e1b936d08f4743c826fcff63e20f943298d96d41ba2ac94e76ba406e4,1782710189.7309008
data/tmp/mutual_funds/runtime/0e5737ee-bd3f-433c-890c-3280526062d7/debug/screenshot.png,16577,8294b47e1b936d08f4743c826fcff63e20f943298d96d41ba2ac94e76ba406e4,1782254857.5471659
data/tmp/mutual_funds/runtime/0ff9ff9d-707a-4ff1-a525-aa2cc7b01653/debug/screenshot.png,16577,8294b47e1b936d08f4743c826fcff63e20f943298d96d41ba2ac94e76ba406e4,1782198313.0347474
data/tmp/mutual_funds/runtime/bb27ea05-41db-4e4f-b579-fabf9fa09bec/debug/screenshot.png,16577,8294b47e1b936d08f4743c826fcff63e20f943298d96d41ba2ac94e76ba406e4,1782329190.0974712
data/tmp/mutual_funds/runtime/f9187fc1-16cd-4c40-95b0-bb052923ccd4/debug/screenshot.png,16577,8294b47e1b936d08f4743c826fcff63e20f943298d96d41ba2ac94e76ba406e4,1782536582.2298422
