id,run_id,url,task_type,failure_reason,retry_count,next_retry_at,status,retryable,metadata_json,created_at,updated_at
88d2fc26-03b2-4852-a68b-ef60806f9409,a154fff1-2ba0-4bcf-bf27-da570a27695a,https://www.icicipruamc.com/media-center/downloads?currentTabFilter=OtherSchemeDisclosures&&subCatTabFilter=FortnightlyPortfolioDisclosures,fetch,HTTP 404,0,,pending,True,{},2026-06-29 06:30:44.635166+00:00,2026-06-29 06:30:44.635166+00:00
4b5a16ef-f1a8-49e2-9593-858ffaa3cb80,3d4c208b-addb-4b73-89a8-9066311e9cfb,https://amc.ppfas.com/pdf-docs/communication-kit-ppltef.pdf?20190905,download,404 Client Error: Not Found for url: https://amc.ppfas.com/pdf-docs/communication-kit-ppltef.pdf?20190905,0,,pending,True,{},2026-06-29 06:30:49.916842+00:00,2026-06-29 06:30:49.916842+00:00
e3626c78-8031-42fd-837d-82bdbdf6b70d,3d4c208b-addb-4b73-89a8-9066311e9cfb,https://amc.ppfas.com/pdf-docs/2023/ISO_27001_2013_PPFAS.pdf,download,404 Client Error: Not Found for url: https://amc.ppfas.com/pdf-docs/2023/ISO_27001_2013_PPFAS.pdf,0,,pending,True,{},2026-06-29 06:30:54.895034+00:00,2026-06-29 06:30:54.895034+00:00
ae205947-030e-49bb-9841-5bd8a9319fbb,3d4c208b-addb-4b73-89a8-9066311e9cfb,https://amc.ppfas.com/pdf-docs/2023/ISO_27001_2013_PPFAS.pdf,download,404 Client Error: Not Found for url: https://amc.ppfas.com/pdf-docs/2023/ISO_27001_2013_PPFAS.pdf,0,,pending,True,{},2026-06-29 06:30:54.895034+00:00,2026-06-29 06:30:54.895034+00:00
710dcb9b-a87e-466a-adf3-209e88f09029,3d4c208b-addb-4b73-89a8-9066311e9cfb,https://amc.ppfas.com/pdf-docs/communication-kit-ppltef.pdf?20190905,download,404 Client Error: Not Found for url: https://amc.ppfas.com/pdf-docs/communication-kit-ppltef.pdf?20190905,0,,pending,True,{},2026-06-29 06:30:54.895034+00:00,2026-06-29 06:30:54.895034+00:00
b17832f6-54fd-4e8b-b716-5e78d2daef36,3d4c208b-addb-4b73-89a8-9066311e9cfb,https://amc.ppfas.com/pdf-docs/communication-kit-ppltef.pdf?20190905,download,404 Client Error: Not Found for url: https://amc.ppfas.com/pdf-docs/communication-kit-ppltef.pdf?20190905,0,,pending,True,{},2026-06-29 06:31:29.917594+00:00,2026-06-29 06:31:29.917594+00:00
1baff6a9-2df8-494f-bec9-9c0be21eef7f,3d4c208b-addb-4b73-89a8-9066311e9cfb,https://amc.ppfas.com/pdf-docs/communication-kit-ppltef.pdf?20190905,download,404 Client Error: Not Found for url: https://amc.ppfas.com/pdf-docs/communication-kit-ppltef.pdf?20190905,0,,pending,True,{},2026-06-29 06:31:37.780460+00:00,2026-06-29 06:31:37.780460+00:00
d4fb5773-6609-48dd-9538-15c896c9f891,3d4c208b-addb-4b73-89a8-9066311e9cfb,https://amc.ppfas.com/pdf-docs/communication-kit-ppltef.pdf?20190905,download,404 Client Error: Not Found for url: https://amc.ppfas.com/pdf-docs/communication-kit-ppltef.pdf?20190905,0,,pending,True,{},2026-06-29 06:31:43.092933+00:00,2026-06-29 06:31:43.092933+00:00
3582a5c1-da9e-40d3-9b36-78ea206eb45c,19d0b1b2-a4f5-4f5c-a54c-5fa1eb9fb36d,https://portfoliomanagementservices.adityabirlacapital.com/,fetch,HTTP 0,0,,pending,True,{},2026-08-20 16:11:18.025688+00:00,2026-08-20 16:11:18.025688+00:00
27fa0562-7eab-4c24-8083-7e117454786c,bfd9266b-6ca8-4989-a54a-1d58a6d7aa40,https://www.hdfcfund.com/statutory-disclosure/portfolio-disclosure,fetch,HTTP 403,0,,pending,True,{},2026-08-20 16:14:15.826461+00:00,2026-08-20 16:14:15.826461+00:00
5d44f14a-001a-4b8f-a528-04b672046578,00eeaab7-f929-43ca-978c-3655dab15319,https://portfoliomanagementservices.adityabirlacapital.com/,fetch,HTTP 0,0,,pending,True,{},2026-08-20 16:15:49.894052+00:00,2026-08-20 16:15:49.894052+00:00
53909276-dda0-45d3-8135-f9e9805b042f,b460c25d-fe5a-4324-b1da-e8eb5d3a7697,https://www.icicipruamc.com/fund-details/fund-documents/methodology/index-linked-products-methodology-1886.pdf,download,404 Client Error: The requested content does not exist. for url: https://www.icicipruamc.com/fund-details/fund-documents/methodology/index-linked-products-methodology-1886.pdf,0,,pending,True,{},2026-08-20 16:19:21.404102+00:00,2026-08-20 16:19:21.404102+00:00
5f5f716c-656b-4160-938a-34fa4fe07508,b460c25d-fe5a-4324-b1da-e8eb5d3a7697,https://www.icicipruamc.com/fund-details/fund-documents/historical/CRISIL-IBX AAA Bond Financial Services Index – Dec 2026-1886.xlsx,download,404 Client Error: The requested content does not exist. for url: https://www.icicipruamc.com/fund-details/fund-documents/historical/CRISIL-IBX%20AAA%20Bond%20Financial%20Services%20Index%20%E2%80%93%20Dec%202026-1886.xlsx,0,,pending,True,{},2026-08-20 16:19:21.404102+00:00,2026-08-20 16:19:21.404102+00:00
5909f3a6-d836-45e5-8ee3-2c71b5f81e51,b460c25d-fe5a-4324-b1da-e8eb5d3a7697,https://www.icicipruamc.com/fund-details/fund-documents/methodology/Method_NIFTY_Fixed_Income_Indices-1853.pdf,download,404 Client Error: The requested content does not exist. for url: https://www.icicipruamc.com/fund-details/fund-documents/methodology/Method_NIFTY_Fixed_Income_Indices-1853.pdf,0,,pending,True,{},2026-08-20 16:19:21.404102+00:00,2026-08-20 16:19:21.404102+00:00
ab4b71eb-80c8-4019-a403-c98aa34a0442,b460c25d-fe5a-4324-b1da-e8eb5d3a7697,https://www.icicipruamc.com/fund-details/fund-documents/historical/Nifty-G-Sec-Dec-2030-Index-Historical-Data-1853.xlsx,download,404 Client Error: The requested content does not exist. for url: https://www.icicipruamc.com/fund-details/fund-documents/historical/Nifty-G-Sec-Dec-2030-Index-Historical-Data-1853.xlsx,0,,pending,True,{},2026-08-20 16:19:21.404102+00:00,2026-08-20 16:19:21.404102+00:00
2c1fe7df-2a68-411f-9e24-8cfa54e3943e,b460c25d-fe5a-4324-b1da-e8eb5d3a7697,https://www.icicipruamc.com/fund-details/fund-documents/methodology/Method_NIFTY_Fixed_Income_Indices-1864.pdf,download,404 Client Error: The requested content does not exist. for url: https://www.icicipruamc.com/fund-details/fund-documents/methodology/Method_NIFTY_Fixed_Income_Indices-1864.pdf,0,,pending,True,{},2026-08-20 16:19:21.404102+00:00,2026-08-20 16:19:21.404102+00:00
eee0c675-2b4c-472b-af66-5e12500b0b89,b460c25d-fe5a-4324-b1da-e8eb5d3a7697,https://www.icicipruamc.com/fund-details/fund-documents/historical/Inclusion-Exclusion-report - Nifty SDL Sep 2026 Index Fund-1864.xlsx,download,404 Client Error: The requested content does not exist. for url: https://www.icicipruamc.com/fund-details/fund-documents/historical/Inclusion-Exclusion-report%20-%20Nifty%20SDL%20Sep%202026%20Index%20Fund-1864.xlsx,0,,pending,True,{},2026-08-20 16:19:21.404102+00:00,2026-08-20 16:19:21.404102+00:00
014a89d6-c42f-47ac-9fdf-7227a301ae9f,b460c25d-fe5a-4324-b1da-e8eb5d3a7697,https://www.icicipruamc.com/fund-details/fund-documents/methodology/Method_NIFTY_Fixed_Income_Indices-1842.pdf,download,404 Client Error: The requested content does not exist. for url: https://www.icicipruamc.com/fund-details/fund-documents/methodology/Method_NIFTY_Fixed_Income_Indices-1842.pdf,0,,pending,True,{},2026-08-20 16:19:21.404102+00:00,2026-08-20 16:19:21.404102+00:00
0a6ba823-df39-41ae-bf35-d731da0dcb53,b460c25d-fe5a-4324-b1da-e8eb5d3a7697,https://www.icicipruamc.com/fund-details/fund-documents/historical/nifty-sdl-sep-2027-index-1842.xlsx,download,404 Client Error: The requested content does not exist. for url: https://www.icicipruamc.com/fund-details/fund-documents/historical/nifty-sdl-sep-2027-index-1842.xlsx,0,,pending,True,{},2026-08-20 16:19:21.404102+00:00,2026-08-20 16:19:21.404102+00:00
e84d2649-dce8-40bf-8f32-bd09cbff4232,b460c25d-fe5a-4324-b1da-e8eb5d3a7697,https://www.icicipruamc.com/fund-details/fund-documents/methodology/Method_NIFTY_Fixed_Income_Indices-1852.pdf,download,404 Client Error: The requested content does not exist. for url: https://www.icicipruamc.com/fund-details/fund-documents/methodology/Method_NIFTY_Fixed_Income_Indices-1852.pdf,0,,pending,True,{},2026-08-20 16:19:21.404102+00:00,2026-08-20 16:19:21.404102+00:00
c7a2ecb6-bef3-4101-be27-348c9030d0f9,b460c25d-fe5a-4324-b1da-e8eb5d3a7697,https://www.icicipruamc.com/fund-details/fund-documents/historical/Nifty-SDL-Dec-2028-Index-Historical-Data-1852.xlsx,download,404 Client Error: The requested content does not exist. for url: https://www.icicipruamc.com/fund-details/fund-documents/historical/Nifty-SDL-Dec-2028-Index-Historical-Data-1852.xlsx,0,,pending,True,{},2026-08-20 16:19:21.404102+00:00,2026-08-20 16:19:21.404102+00:00
d8e0bbe6-d795-4241-918d-82fa20737fbd,b460c25d-fe5a-4324-b1da-e8eb5d3a7697,https://www.icicipruamc.com/fund-details/fund-documents/methodology/Method_NIFTY_Fixed_Income_Indices-1825.pdf,download,404 Client Error: The requested content does not exist. for url: https://www.icicipruamc.com/fund-details/fund-documents/methodology/Method_NIFTY_Fixed_Income_Indices-1825.pdf,0,,pending,True,{},2026-08-20 16:19:21.404102+00:00,2026-08-20 16:19:21.404102+00:00
b652eff7-99f0-4a29-8617-a91e23965217,b460c25d-fe5a-4324-b1da-e8eb5d3a7697,https://www.icicipruamc.com/fund-details/fund-documents/historical/nifty-psu-bond-plus-sdl-sep-2027-40-60-index-1825.xlsx,download,404 Client Error: The requested content does not exist. for url: https://www.icicipruamc.com/fund-details/fund-documents/historical/nifty-psu-bond-plus-sdl-sep-2027-40-60-index-1825.xlsx,0,,pending,True,{},2026-08-20 16:19:21.404102+00:00,2026-08-20 16:19:21.404102+00:00
ce12ce7b-be1c-4db8-af72-ce24b291d122,b460c25d-fe5a-4324-b1da-e8eb5d3a7697,https://www.icicipruamc.com/fund-details/fund-documents/methodology/CRISIL-IBX_Financial_Services_3-6_Months_Debt_Index-1888.xlsx,download,404 Client Error: The requested content does not exist. for url: https://www.icicipruamc.com/fund-details/fund-documents/methodology/CRISIL-IBX_Financial_Services_3-6_Months_Debt_Index-1888.xlsx,0,,pending,True,{},2026-08-20 16:19:21.404102+00:00,2026-08-20 16:19:21.404102+00:00
c5141a1a-878f-4595-bbf8-e95f75f9a961,b460c25d-fe5a-4324-b1da-e8eb5d3a7697,https://www.icicipruamc.com/fund-details/fund-documents/historical/CRISIL-IBX_Financial_Services_3-6_Months_Debt_Index-1888.xlsx,download,404 Client Error: The requested content does not exist. for url: https://www.icicipruamc.com/fund-details/fund-documents/historical/CRISIL-IBX_Financial_Services_3-6_Months_Debt_Index-1888.xlsx,0,,pending,True,{},2026-08-20 16:19:21.404102+00:00,2026-08-20 16:19:21.404102+00:00
725c03cb-309e-4ec7-8769-256c6de0032f,b460c25d-fe5a-4324-b1da-e8eb5d3a7697,https://www.icicipruamc.com/sif/isif-equity-ex-top-100-long-short-fund/iSIF%20Equity%20Ex%20Top%20100%20Long-Short%20Presentation%20Final.pdf,download,404 Client Error: The requested content does not exist. for url: https://www.icicipruamc.com/sif/isif-equity-ex-top-100-long-short-fund/iSIF%20Equity%20Ex%20Top%20100%20Long-Short%20Presentation%20Final.pdf,0,,pending,True,{},2026-08-20 16:19:21.404102+00:00,2026-08-20 16:19:21.404102+00:00
af465dfa-d2b5-42b6-b5d4-696bdced6f92,b460c25d-fe5a-4324-b1da-e8eb5d3a7697,https://www.icicipruamc.com/sif/downloads/Important%20Announcement_SIF.pdf,download,404 Client Error: The requested content does not exist. for url: https://www.icicipruamc.com/sif/downloads/Important%20Announcement_SIF.pdf,0,,pending,True,{},2026-08-20 16:19:21.404102+00:00,2026-08-20 16:19:21.404102+00:00
a428862f-edeb-4088-b35c-c8c1c57594a8,b460c25d-fe5a-4324-b1da-e8eb5d3a7697,https://www.icicipruamc.com/banner/campaign/scheme-merger/letter-to-unitholders-surviving-scheme.pdf,download,404 Client Error: The requested content does not exist. for url: https://www.icicipruamc.com/banner/campaign/scheme-merger/letter-to-unitholders-surviving-scheme.pdf,0,,pending,True,{},2026-08-20 16:19:21.404102+00:00,2026-08-20 16:19:21.404102+00:00
a866ff44-1ee3-43ae-b7f3-21877cab6f64,b460c25d-fe5a-4324-b1da-e8eb5d3a7697,https://www.icicipruamc.com/banner/campaign/scheme-merger/letter-to-unitholders-merging-schemes.pdf,download,404 Client Error: The requested content does not exist. for url: https://www.icicipruamc.com/banner/campaign/scheme-merger/letter-to-unitholders-merging-schemes.pdf,0,,pending,True,{},2026-08-20 16:19:21.404102+00:00,2026-08-20 16:19:21.404102+00:00
bb8ba55a-4670-4797-a2e7-4a11c911974b,b460c25d-fe5a-4324-b1da-e8eb5d3a7697,https://www.icicipruamc.com/banner/campaign/scheme-merger/addendum.pdf,download,404 Client Error: The requested content does not exist. for url: https://www.icicipruamc.com/banner/campaign/scheme-merger/addendum.pdf,0,,pending,True,{},2026-08-20 16:19:21.404102+00:00,2026-08-20 16:19:21.404102+00:00
cc62bce3-246c-4ab7-928c-fcfffa9d28ef,b460c25d-fe5a-4324-b1da-e8eb5d3a7697,https://www.icicipruamc.com/banner/campaign/scheme-merger/consent-form.pdf,download,404 Client Error: The requested content does not exist. for url: https://www.icicipruamc.com/banner/campaign/scheme-merger/consent-form.pdf,0,,pending,True,{},2026-08-20 16:19:21.404102+00:00,2026-08-20 16:19:21.404102+00:00
152d0e57-bd32-48aa-a7e8-f622fc6c9bd9,b460c25d-fe5a-4324-b1da-e8eb5d3a7697,https://www.icicipruamc.com/downloads/Files/Fortnightly Portfolio Disclosures/2026/Fortnightly Debt Scheme Portfolio - 15th August 2026.zip,download,"HTTPSConnectionPool(host='archive.icicipruamc.com', port=443): Max retries exceeded with url: /downloads/Files/Fortnightly%20Portfolio%20Disclosures/2026/Fortnightly%20Debt%20Scheme%20Portfolio%20-%2015th%20August%202026.zip (Caused by NameResolutionError(""HTTPSConnection(host='archive.icicipruamc.com', port=443): Failed to resolve 'archive.icicipruamc.com' ([Errno 8] nodename nor servname provided, or not known)""))",0,,pending,True,{},2026-08-20 16:19:21.404102+00:00,2026-08-20 16:19:21.404102+00:00
7f96d7e0-d6d0-4e95-9d83-60880a8780ed,b460c25d-fe5a-4324-b1da-e8eb5d3a7697,https://www.icicipruamc.com/downloads/Files/Fortnightly Portfolio Disclosures/2026/Fortnightly Debt Scheme Portfolio - 31st July 2026.zip,download,"HTTPSConnectionPool(host='archive.icicipruamc.com', port=443): Max retries exceeded with url: /downloads/Files/Fortnightly%20Portfolio%20Disclosures/2026/Fortnightly%20Debt%20Scheme%20Portfolio%20-%2031st%20July%202026.zip (Caused by NameResolutionError(""HTTPSConnection(host='archive.icicipruamc.com', port=443): Failed to resolve 'archive.icicipruamc.com' ([Errno 8] nodename nor servname provided, or not known)""))",0,,pending,True,{},2026-08-20 16:19:21.404102+00:00,2026-08-20 16:19:21.404102+00:00
0ec5e416-460c-4a14-9b2d-961b9bc7afe5,b460c25d-fe5a-4324-b1da-e8eb5d3a7697,https://www.icicipruamc.com/downloads/Files/Fortnightly Portfolio Disclosures/2026/Fortnightly Debt Scheme Portfolio - 15th July 2026.zip,download,"HTTPSConnectionPool(host='archive.icicipruamc.com', port=443): Max retries exceeded with url: /downloads/Files/Fortnightly%20Portfolio%20Disclosures/2026/Fortnightly%20Debt%20Scheme%20Portfolio%20-%2015th%20July%202026.zip (Caused by NameResolutionError(""HTTPSConnection(host='archive.icicipruamc.com', port=443): Failed to resolve 'archive.icicipruamc.com' ([Errno 8] nodename nor servname provided, or not known)""))",0,,pending,True,{},2026-08-20 16:19:21.404102+00:00,2026-08-20 16:19:21.404102+00:00
6d362c7f-f2b0-4154-8c2f-b5afbf7906f9,b460c25d-fe5a-4324-b1da-e8eb5d3a7697,https://www.icicipruamc.com/downloads/Files/Fortnightly Portfolio Disclosures/2026/Fortnightly Debt Scheme Portfolio - 30th June 2026.zip,download,"HTTPSConnectionPool(host='archive.icicipruamc.com', port=443): Max retries exceeded with url: /downloads/Files/Fortnightly%20Portfolio%20Disclosures/2026/Fortnightly%20Debt%20Scheme%20Portfolio%20-%2030th%20June%202026.zip (Caused by NameResolutionError(""HTTPSConnection(host='archive.icicipruamc.com', port=443): Failed to resolve 'archive.icicipruamc.com' ([Errno 8] nodename nor servname provided, or not known)""))",0,,pending,True,{},2026-08-20 16:19:21.404102+00:00,2026-08-20 16:19:21.404102+00:00
f3cd4891-e344-4695-bd42-98ed35bb8795,b460c25d-fe5a-4324-b1da-e8eb5d3a7697,https://www.icicipruamc.com/downloads/Files/Fortnightly Portfolio Disclosures/2026/Fortnightly Debt Scheme Portfolio - 15th June 2026.zip,download,"HTTPSConnectionPool(host='archive.icicipruamc.com', port=443): Max retries exceeded with url: /downloads/Files/Fortnightly%20Portfolio%20Disclosures/2026/Fortnightly%20Debt%20Scheme%20Portfolio%20-%2015th%20June%202026.zip (Caused by NameResolutionError(""HTTPSConnection(host='archive.icicipruamc.com', port=443): Failed to resolve 'archive.icicipruamc.com' ([Errno 8] nodename nor servname provided, or not known)""))",0,,pending,True,{},2026-08-20 16:19:21.404102+00:00,2026-08-20 16:19:21.404102+00:00
0e574270-330d-49ad-9c2f-df42fa0a9ef8,b460c25d-fe5a-4324-b1da-e8eb5d3a7697,https://www.icicipruamc.com/downloads/Files/Fortnightly Portfolio Disclosures/2026/Fortnightly Debt Scheme Portfolio - 31st May 2026.zip,download,"HTTPSConnectionPool(host='archive.icicipruamc.com', port=443): Max retries exceeded with url: /downloads/Files/Fortnightly%20Portfolio%20Disclosures/2026/Fortnightly%20Debt%20Scheme%20Portfolio%20-%2031st%20May%202026.zip (Caused by NameResolutionError(""HTTPSConnection(host='archive.icicipruamc.com', port=443): Failed to resolve 'archive.icicipruamc.com' ([Errno 8] nodename nor servname provided, or not known)""))",0,,pending,True,{},2026-08-20 16:19:21.404102+00:00,2026-08-20 16:19:21.404102+00:00
782b876b-d736-4b8b-9caf-c81bcf2888ca,b460c25d-fe5a-4324-b1da-e8eb5d3a7697,https://www.icicipruamc.com/downloads/Files/Fortnightly Portfolio Disclosures/2026/Fortnightly Debt Scheme Portfolio - 15th May 2026.zip,download,"HTTPSConnectionPool(host='archive.icicipruamc.com', port=443): Max retries exceeded with url: /downloads/Files/Fortnightly%20Portfolio%20Disclosures/2026/Fortnightly%20Debt%20Scheme%20Portfolio%20-%2015th%20May%202026.zip (Caused by NameResolutionError(""HTTPSConnection(host='archive.icicipruamc.com', port=443): Failed to resolve 'archive.icicipruamc.com' ([Errno 8] nodename nor servname provided, or not known)""))",0,,pending,True,{},2026-08-20 16:19:21.404102+00:00,2026-08-20 16:19:21.404102+00:00
96c49977-f6d8-4297-b437-8f1c553097ca,b460c25d-fe5a-4324-b1da-e8eb5d3a7697,https://www.icicipruamc.com/downloads/Files/Fortnightly Portfolio Disclosures/2026/Fortnightly Debt Scheme Portfolio - 30th April 2026.zip,download,"HTTPSConnectionPool(host='archive.icicipruamc.com', port=443): Max retries exceeded with url: /downloads/Files/Fortnightly%20Portfolio%20Disclosures/2026/Fortnightly%20Debt%20Scheme%20Portfolio%20-%2030th%20April%202026.zip (Caused by NameResolutionError(""HTTPSConnection(host='archive.icicipruamc.com', port=443): Failed to resolve 'archive.icicipruamc.com' ([Errno 8] nodename nor servname provided, or not known)""))",0,,pending,True,{},2026-08-20 16:19:21.404102+00:00,2026-08-20 16:19:21.404102+00:00
7b33f405-140f-4090-8cec-f5fad5874de0,b460c25d-fe5a-4324-b1da-e8eb5d3a7697,https://www.icicipruamc.com/downloads/Files/Fortnightly Portfolio Disclosures/2026/Fortnightly Debt Scheme Portfolio - 15th April 2026.zip,download,"HTTPSConnectionPool(host='archive.icicipruamc.com', port=443): Max retries exceeded with url: /downloads/Files/Fortnightly%20Portfolio%20Disclosures/2026/Fortnightly%20Debt%20Scheme%20Portfolio%20-%2015th%20April%202026.zip (Caused by NameResolutionError(""HTTPSConnection(host='archive.icicipruamc.com', port=443): Failed to resolve 'archive.icicipruamc.com' ([Errno 8] nodename nor servname provided, or not known)""))",0,,pending,True,{},2026-08-20 16:19:21.404102+00:00,2026-08-20 16:19:21.404102+00:00
05eed2e9-26ef-47d0-8ecf-f197332a3f7c,b460c25d-fe5a-4324-b1da-e8eb5d3a7697,https://www.icicipruamc.com/downloads/Files/Fortnightly Portfolio Disclosures/2026/Fortnightly Debt Scheme Portfolio - 31st March 2026.zip,download,"HTTPSConnectionPool(host='archive.icicipruamc.com', port=443): Max retries exceeded with url: /downloads/Files/Fortnightly%20Portfolio%20Disclosures/2026/Fortnightly%20Debt%20Scheme%20Portfolio%20-%2031st%20March%202026.zip (Caused by NameResolutionError(""HTTPSConnection(host='archive.icicipruamc.com', port=443): Failed to resolve 'archive.icicipruamc.com' ([Errno 8] nodename nor servname provided, or not known)""))",0,,pending,True,{},2026-08-20 16:19:21.404102+00:00,2026-08-20 16:19:21.404102+00:00
80115a3e-6cc7-4649-bf00-69687ac907f8,b460c25d-fe5a-4324-b1da-e8eb5d3a7697,https://www.icicipruamc.com/downloads/Files/Fortnightly Portfolio Disclosures/2026/Fortnightly Debt Scheme Portfolio - 15th March 2026.zip,download,"HTTPSConnectionPool(host='archive.icicipruamc.com', port=443): Max retries exceeded with url: /downloads/Files/Fortnightly%20Portfolio%20Disclosures/2026/Fortnightly%20Debt%20Scheme%20Portfolio%20-%2015th%20March%202026.zip (Caused by NameResolutionError(""HTTPSConnection(host='archive.icicipruamc.com', port=443): Failed to resolve 'archive.icicipruamc.com' ([Errno 8] nodename nor servname provided, or not known)""))",0,,pending,True,{},2026-08-20 16:19:21.404102+00:00,2026-08-20 16:19:21.404102+00:00
c42a96d1-b799-466d-9c68-c7c7ef5c7176,b460c25d-fe5a-4324-b1da-e8eb5d3a7697,https://www.icicipruamc.com/downloads/Files/Fortnightly Portfolio Disclosures/2026/Fortnightly Debt Scheme Portfolio - 28th February 2026.zip,download,"HTTPSConnectionPool(host='archive.icicipruamc.com', port=443): Max retries exceeded with url: /downloads/Files/Fortnightly%20Portfolio%20Disclosures/2026/Fortnightly%20Debt%20Scheme%20Portfolio%20-%2028th%20February%202026.zip (Caused by NameResolutionError(""HTTPSConnection(host='archive.icicipruamc.com', port=443): Failed to resolve 'archive.icicipruamc.com' ([Errno 8] nodename nor servname provided, or not known)""))",0,,pending,True,{},2026-08-20 16:19:21.404102+00:00,2026-08-20 16:19:21.404102+00:00
bcb5c308-9aa5-432d-ad5d-13e1ec11f594,b460c25d-fe5a-4324-b1da-e8eb5d3a7697,https://www.icicipruamc.com/downloads/Files/Fortnightly Portfolio Disclosures/2026/Fortnightly Debt Scheme Portfolio - 15th February 2026.zip,download,"HTTPSConnectionPool(host='archive.icicipruamc.com', port=443): Max retries exceeded with url: /downloads/Files/Fortnightly%20Portfolio%20Disclosures/2026/Fortnightly%20Debt%20Scheme%20Portfolio%20-%2015th%20February%202026.zip (Caused by NameResolutionError(""HTTPSConnection(host='archive.icicipruamc.com', port=443): Failed to resolve 'archive.icicipruamc.com' ([Errno 8] nodename nor servname provided, or not known)""))",0,,pending,True,{},2026-08-20 16:19:21.404102+00:00,2026-08-20 16:19:21.404102+00:00
fb4ce0e1-7582-462e-9dfd-84d8eb01d860,b460c25d-fe5a-4324-b1da-e8eb5d3a7697,https://www.icicipruamc.com/downloads/Files/Fortnightly Portfolio Disclosures/2026/Fortnightly Debt Scheme Portfolio - 31st January 2026.zip,download,"HTTPSConnectionPool(host='archive.icicipruamc.com', port=443): Max retries exceeded with url: /downloads/Files/Fortnightly%20Portfolio%20Disclosures/2026/Fortnightly%20Debt%20Scheme%20Portfolio%20-%2031st%20January%202026.zip (Caused by NameResolutionError(""HTTPSConnection(host='archive.icicipruamc.com', port=443): Failed to resolve 'archive.icicipruamc.com' ([Errno 8] nodename nor servname provided, or not known)""))",0,,pending,True,{},2026-08-20 16:19:21.404102+00:00,2026-08-20 16:19:21.404102+00:00
cfbb20b5-5b54-487b-bb34-886da4fa8576,b460c25d-fe5a-4324-b1da-e8eb5d3a7697,https://www.icicipruamc.com/downloads/Files/Fortnightly Portfolio Disclosures/2026/Fortnightly Debt Scheme Portfolio - 15th January 2026.zip,download,"HTTPSConnectionPool(host='archive.icicipruamc.com', port=443): Max retries exceeded with url: /downloads/Files/Fortnightly%20Portfolio%20Disclosures/2026/Fortnightly%20Debt%20Scheme%20Portfolio%20-%2015th%20January%202026.zip (Caused by NameResolutionError(""HTTPSConnection(host='archive.icicipruamc.com', port=443): Failed to resolve 'archive.icicipruamc.com' ([Errno 8] nodename nor servname provided, or not known)""))",0,,pending,True,{},2026-08-20 16:19:21.404102+00:00,2026-08-20 16:19:21.404102+00:00
a2dd5f25-8b74-4a24-93b3-a0c040628bcb,b460c25d-fe5a-4324-b1da-e8eb5d3a7697,https://www.icicipruamc.com/downloads/Files/Fortnightly Portfolio Disclosures/2025/Fortnightly Debt Scheme Portfolio - 31st December 2025.zip,download,"HTTPSConnectionPool(host='archive.icicipruamc.com', port=443): Max retries exceeded with url: /downloads/Files/Fortnightly%20Portfolio%20Disclosures/2025/Fortnightly%20Debt%20Scheme%20Portfolio%20-%2031st%20December%202025.zip (Caused by NameResolutionError(""HTTPSConnection(host='archive.icicipruamc.com', port=443): Failed to resolve 'archive.icicipruamc.com' ([Errno 8] nodename nor servname provided, or not known)""))",0,,pending,True,{},2026-08-20 16:19:21.404102+00:00,2026-08-20 16:19:21.404102+00:00
161b9916-9652-485e-b643-12b02c92cb79,b460c25d-fe5a-4324-b1da-e8eb5d3a7697,https://www.icicipruamc.com/downloads/Files/Fortnightly Portfolio Disclosures/2025/Fortnightly Debt Scheme Portfolio - 15th December 2025.zip,download,"HTTPSConnectionPool(host='archive.icicipruamc.com', port=443): Max retries exceeded with url: /downloads/Files/Fortnightly%20Portfolio%20Disclosures/2025/Fortnightly%20Debt%20Scheme%20Portfolio%20-%2015th%20December%202025.zip (Caused by NameResolutionError(""HTTPSConnection(host='archive.icicipruamc.com', port=443): Failed to resolve 'archive.icicipruamc.com' ([Errno 8] nodename nor servname provided, or not known)""))",0,,pending,True,{},2026-08-20 16:19:21.404102+00:00,2026-08-20 16:19:21.404102+00:00
71dbdb2e-ba12-41ac-879d-e94f32cb4dc9,b460c25d-fe5a-4324-b1da-e8eb5d3a7697,https://www.icicipruamc.com/downloads/Files/Fortnightly Portfolio Disclosures/2025/Fortnightly Debt Scheme Portfolio - 30th November 2025.zip,download,"HTTPSConnectionPool(host='archive.icicipruamc.com', port=443): Max retries exceeded with url: /downloads/Files/Fortnightly%20Portfolio%20Disclosures/2025/Fortnightly%20Debt%20Scheme%20Portfolio%20-%2030th%20November%202025.zip (Caused by NameResolutionError(""HTTPSConnection(host='archive.icicipruamc.com', port=443): Failed to resolve 'archive.icicipruamc.com' ([Errno 8] nodename nor servname provided, or not known)""))",0,,pending,True,{},2026-08-20 16:19:21.404102+00:00,2026-08-20 16:19:21.404102+00:00
4900c009-9034-4954-9475-09ee83d9651c,b460c25d-fe5a-4324-b1da-e8eb5d3a7697,https://www.icicipruamc.com/banner/campaign/scheme-merger/letter-to-unitholders-surviving-scheme.pdf,download,404 Client Error: The requested content does not exist. for url: https://www.icicipruamc.com/banner/campaign/scheme-merger/letter-to-unitholders-surviving-scheme.pdf,0,,pending,True,{},2026-08-20 16:20:47.432194+00:00,2026-08-20 16:20:47.432194+00:00
10e9b830-84bb-4bf8-a847-fc4c4cf95b2b,b460c25d-fe5a-4324-b1da-e8eb5d3a7697,https://www.icicipruamc.com/downloads/Files/Fortnightly Portfolio Disclosures/2025/Fortnightly Debt Scheme Portfolio - 15th November 2025.zip,download,"HTTPSConnectionPool(host='archive.icicipruamc.com', port=443): Max retries exceeded with url: /downloads/Files/Fortnightly%20Portfolio%20Disclosures/2025/Fortnightly%20Debt%20Scheme%20Portfolio%20-%2015th%20November%202025.zip (Caused by NameResolutionError(""HTTPSConnection(host='archive.icicipruamc.com', port=443): Failed to resolve 'archive.icicipruamc.com' ([Errno 8] nodename nor servname provided, or not known)""))",0,,pending,True,{},2026-08-20 16:19:21.404102+00:00,2026-08-20 16:19:21.404102+00:00
eeb09f17-a4aa-436e-ac92-a40fdc5eedfd,b460c25d-fe5a-4324-b1da-e8eb5d3a7697,https://www.icicipruamc.com/downloads/Files/Fortnightly Portfolio Disclosures/2025/Fortnightly Debt Scheme Portfolio - 31st October 2025.zip,download,"HTTPSConnectionPool(host='archive.icicipruamc.com', port=443): Max retries exceeded with url: /downloads/Files/Fortnightly%20Portfolio%20Disclosures/2025/Fortnightly%20Debt%20Scheme%20Portfolio%20-%2031st%20October%202025.zip (Caused by NameResolutionError(""HTTPSConnection(host='archive.icicipruamc.com', port=443): Failed to resolve 'archive.icicipruamc.com' ([Errno 8] nodename nor servname provided, or not known)""))",0,,pending,True,{},2026-08-20 16:19:21.404102+00:00,2026-08-20 16:19:21.404102+00:00
ba8fa10e-bb6d-4f1e-81f2-39cec78829bb,b460c25d-fe5a-4324-b1da-e8eb5d3a7697,https://www.icicipruamc.com/fund-details/fund-documents/methodology/index-linked-products-methodology-1886.pdf,download,404 Client Error: The requested content does not exist. for url: https://www.icicipruamc.com/fund-details/fund-documents/methodology/index-linked-products-methodology-1886.pdf,0,,pending,True,{},2026-08-20 16:20:47.432194+00:00,2026-08-20 16:20:47.432194+00:00
8ea883a6-a4e2-4f4e-93e6-d1daada80ffe,b460c25d-fe5a-4324-b1da-e8eb5d3a7697,https://www.icicipruamc.com/fund-details/fund-documents/historical/CRISIL-IBX AAA Bond Financial Services Index – Dec 2026-1886.xlsx,download,404 Client Error: The requested content does not exist. for url: https://www.icicipruamc.com/fund-details/fund-documents/historical/CRISIL-IBX%20AAA%20Bond%20Financial%20Services%20Index%20%E2%80%93%20Dec%202026-1886.xlsx,0,,pending,True,{},2026-08-20 16:20:47.432194+00:00,2026-08-20 16:20:47.432194+00:00
2c0fe703-9de7-402d-83a1-ff6135598f45,b460c25d-fe5a-4324-b1da-e8eb5d3a7697,https://www.icicipruamc.com/fund-details/fund-documents/methodology/Method_NIFTY_Fixed_Income_Indices-1853.pdf,download,404 Client Error: The requested content does not exist. for url: https://www.icicipruamc.com/fund-details/fund-documents/methodology/Method_NIFTY_Fixed_Income_Indices-1853.pdf,0,,pending,True,{},2026-08-20 16:20:47.432194+00:00,2026-08-20 16:20:47.432194+00:00
cf331e4a-95e6-4753-a68d-8499d3459c3c,b460c25d-fe5a-4324-b1da-e8eb5d3a7697,https://www.icicipruamc.com/fund-details/fund-documents/historical/Nifty-G-Sec-Dec-2030-Index-Historical-Data-1853.xlsx,download,404 Client Error: The requested content does not exist. for url: https://www.icicipruamc.com/fund-details/fund-documents/historical/Nifty-G-Sec-Dec-2030-Index-Historical-Data-1853.xlsx,0,,pending,True,{},2026-08-20 16:20:47.432194+00:00,2026-08-20 16:20:47.432194+00:00
42df5f33-acaf-4bc5-9ec3-7a2881c78cfe,b460c25d-fe5a-4324-b1da-e8eb5d3a7697,https://www.icicipruamc.com/fund-details/fund-documents/methodology/Method_NIFTY_Fixed_Income_Indices-1864.pdf,download,404 Client Error: The requested content does not exist. for url: https://www.icicipruamc.com/fund-details/fund-documents/methodology/Method_NIFTY_Fixed_Income_Indices-1864.pdf,0,,pending,True,{},2026-08-20 16:20:47.432194+00:00,2026-08-20 16:20:47.432194+00:00
50d9de6a-1d0d-4380-b2e9-dbe69e5e8de3,b460c25d-fe5a-4324-b1da-e8eb5d3a7697,https://www.icicipruamc.com/fund-details/fund-documents/historical/Inclusion-Exclusion-report - Nifty SDL Sep 2026 Index Fund-1864.xlsx,download,404 Client Error: The requested content does not exist. for url: https://www.icicipruamc.com/fund-details/fund-documents/historical/Inclusion-Exclusion-report%20-%20Nifty%20SDL%20Sep%202026%20Index%20Fund-1864.xlsx,0,,pending,True,{},2026-08-20 16:20:47.432194+00:00,2026-08-20 16:20:47.432194+00:00
4a9e5b5a-7d55-45d2-83c8-f257f0a13edf,b460c25d-fe5a-4324-b1da-e8eb5d3a7697,https://www.icicipruamc.com/fund-details/fund-documents/methodology/Method_NIFTY_Fixed_Income_Indices-1842.pdf,download,404 Client Error: The requested content does not exist. for url: https://www.icicipruamc.com/fund-details/fund-documents/methodology/Method_NIFTY_Fixed_Income_Indices-1842.pdf,0,,pending,True,{},2026-08-20 16:20:47.432194+00:00,2026-08-20 16:20:47.432194+00:00
28ab8328-ca4b-421b-bb59-509c00372751,b460c25d-fe5a-4324-b1da-e8eb5d3a7697,https://www.icicipruamc.com/fund-details/fund-documents/historical/nifty-sdl-sep-2027-index-1842.xlsx,download,404 Client Error: The requested content does not exist. for url: https://www.icicipruamc.com/fund-details/fund-documents/historical/nifty-sdl-sep-2027-index-1842.xlsx,0,,pending,True,{},2026-08-20 16:20:47.432194+00:00,2026-08-20 16:20:47.432194+00:00
8f380a95-6449-491f-b5b9-a4fa879a9123,b460c25d-fe5a-4324-b1da-e8eb5d3a7697,https://www.icicipruamc.com/fund-details/fund-documents/methodology/Method_NIFTY_Fixed_Income_Indices-1852.pdf,download,404 Client Error: The requested content does not exist. for url: https://www.icicipruamc.com/fund-details/fund-documents/methodology/Method_NIFTY_Fixed_Income_Indices-1852.pdf,0,,pending,True,{},2026-08-20 16:20:47.432194+00:00,2026-08-20 16:20:47.432194+00:00
c78e1ca4-a53d-4cda-996d-0ae320c0be4f,b460c25d-fe5a-4324-b1da-e8eb5d3a7697,https://www.icicipruamc.com/fund-details/fund-documents/historical/Nifty-SDL-Dec-2028-Index-Historical-Data-1852.xlsx,download,404 Client Error: The requested content does not exist. for url: https://www.icicipruamc.com/fund-details/fund-documents/historical/Nifty-SDL-Dec-2028-Index-Historical-Data-1852.xlsx,0,,pending,True,{},2026-08-20 16:20:47.432194+00:00,2026-08-20 16:20:47.432194+00:00
56de07bc-8251-40aa-a690-29ae15492acb,b460c25d-fe5a-4324-b1da-e8eb5d3a7697,https://www.icicipruamc.com/fund-details/fund-documents/methodology/Method_NIFTY_Fixed_Income_Indices-1825.pdf,download,404 Client Error: The requested content does not exist. for url: https://www.icicipruamc.com/fund-details/fund-documents/methodology/Method_NIFTY_Fixed_Income_Indices-1825.pdf,0,,pending,True,{},2026-08-20 16:20:47.432194+00:00,2026-08-20 16:20:47.432194+00:00
09d80177-1999-438e-8409-bb93fe24162f,b460c25d-fe5a-4324-b1da-e8eb5d3a7697,https://www.icicipruamc.com/fund-details/fund-documents/historical/nifty-psu-bond-plus-sdl-sep-2027-40-60-index-1825.xlsx,download,404 Client Error: The requested content does not exist. for url: https://www.icicipruamc.com/fund-details/fund-documents/historical/nifty-psu-bond-plus-sdl-sep-2027-40-60-index-1825.xlsx,0,,pending,True,{},2026-08-20 16:20:47.432194+00:00,2026-08-20 16:20:47.432194+00:00
63695cd7-5fb8-4e5c-a388-8e723b98cb5d,b460c25d-fe5a-4324-b1da-e8eb5d3a7697,https://www.icicipruamc.com/fund-details/fund-documents/methodology/CRISIL-IBX_Financial_Services_3-6_Months_Debt_Index-1888.xlsx,download,404 Client Error: The requested content does not exist. for url: https://www.icicipruamc.com/fund-details/fund-documents/methodology/CRISIL-IBX_Financial_Services_3-6_Months_Debt_Index-1888.xlsx,0,,pending,True,{},2026-08-20 16:20:47.432194+00:00,2026-08-20 16:20:47.432194+00:00
6f579d29-db74-4309-942b-16501a316232,b460c25d-fe5a-4324-b1da-e8eb5d3a7697,https://www.icicipruamc.com/fund-details/fund-documents/historical/CRISIL-IBX_Financial_Services_3-6_Months_Debt_Index-1888.xlsx,download,404 Client Error: The requested content does not exist. for url: https://www.icicipruamc.com/fund-details/fund-documents/historical/CRISIL-IBX_Financial_Services_3-6_Months_Debt_Index-1888.xlsx,0,,pending,True,{},2026-08-20 16:20:47.432194+00:00,2026-08-20 16:20:47.432194+00:00
64359367-82dc-4f3b-8f71-1e095f1ad506,b460c25d-fe5a-4324-b1da-e8eb5d3a7697,https://www.icicipruamc.com/sif/isif-equity-ex-top-100-long-short-fund/iSIF%20Equity%20Ex%20Top%20100%20Long-Short%20Presentation%20Final.pdf,download,404 Client Error: The requested content does not exist. for url: https://www.icicipruamc.com/sif/isif-equity-ex-top-100-long-short-fund/iSIF%20Equity%20Ex%20Top%20100%20Long-Short%20Presentation%20Final.pdf,0,,pending,True,{},2026-08-20 16:20:47.432194+00:00,2026-08-20 16:20:47.432194+00:00
b1d852ed-c091-4d5d-9a40-721e3855dd13,b460c25d-fe5a-4324-b1da-e8eb5d3a7697,https://www.icicipruamc.com/sif/downloads/Important%20Announcement_SIF.pdf,download,404 Client Error: The requested content does not exist. for url: https://www.icicipruamc.com/sif/downloads/Important%20Announcement_SIF.pdf,0,,pending,True,{},2026-08-20 16:20:47.432194+00:00,2026-08-20 16:20:47.432194+00:00
2131441e-70a5-4cb7-b3fe-1297bc0afb0a,b460c25d-fe5a-4324-b1da-e8eb5d3a7697,https://www.icicipruamc.com/banner/campaign/scheme-merger/letter-to-unitholders-merging-schemes.pdf,download,404 Client Error: The requested content does not exist. for url: https://www.icicipruamc.com/banner/campaign/scheme-merger/letter-to-unitholders-merging-schemes.pdf,0,,pending,True,{},2026-08-20 16:20:47.432194+00:00,2026-08-20 16:20:47.432194+00:00
fe20a42a-66d8-4079-96fa-07570e39b510,b460c25d-fe5a-4324-b1da-e8eb5d3a7697,https://www.icicipruamc.com/banner/campaign/scheme-merger/addendum.pdf,download,404 Client Error: The requested content does not exist. for url: https://www.icicipruamc.com/banner/campaign/scheme-merger/addendum.pdf,0,,pending,True,{},2026-08-20 16:20:47.432194+00:00,2026-08-20 16:20:47.432194+00:00
6e7df991-c298-4ca8-b1d2-3438293e8f6f,b460c25d-fe5a-4324-b1da-e8eb5d3a7697,https://www.icicipruamc.com/banner/campaign/scheme-merger/consent-form.pdf,download,404 Client Error: The requested content does not exist. for url: https://www.icicipruamc.com/banner/campaign/scheme-merger/consent-form.pdf,0,,pending,True,{},2026-08-20 16:20:47.432194+00:00,2026-08-20 16:20:47.432194+00:00
8b1391f8-bac1-466b-a3c3-8301056df25f,b460c25d-fe5a-4324-b1da-e8eb5d3a7697,https://www.icicipruamc.com/pressrelease/Press Release_ICICI Prudential Value Fund completes 22 years.pdf,download,404 Client Error: The requested content does not exist. for url: https://www.icicipruamc.com/pressrelease/Press%20Release_ICICI%20Prudential%20Value%20Fund%20completes%2022%20years.pdf,0,,pending,True,{},2026-08-20 16:20:47.432194+00:00,2026-08-20 16:20:47.432194+00:00
26adc0f3-87a0-4e50-9715-e40d49a6faf8,b460c25d-fe5a-4324-b1da-e8eb5d3a7697,https://www.icicipruamc.com/pressrelease/Press Release_ICICI Prudential BSE Insurance ETF.pdf,download,404 Client Error: The requested content does not exist. for url: https://www.icicipruamc.com/pressrelease/Press%20Release_ICICI%20Prudential%20BSE%20Insurance%20ETF.pdf,0,,pending,True,{},2026-08-20 16:20:47.432194+00:00,2026-08-20 16:20:47.432194+00:00
1484e802-8cbb-4a5d-9951-0f2c63d2b5c0,b460c25d-fe5a-4324-b1da-e8eb5d3a7697,https://www.icicipruamc.com/pressrelease/ICICI Prudential Flexicap Fund completes five years.pdf,download,404 Client Error: The requested content does not exist. for url: https://www.icicipruamc.com/pressrelease/ICICI%20Prudential%20Flexicap%20Fund%20completes%20five%20years.pdf,0,,pending,True,{},2026-08-20 16:20:47.432194+00:00,2026-08-20 16:20:47.432194+00:00
8444f087-65a1-47c0-87a2-db0a3d040cc0,b460c25d-fe5a-4324-b1da-e8eb5d3a7697,https://www.icicipruamc.com/pressrelease/Press Release_ICICI Prudential Balanced Hybrid Fund.pdf,download,404 Client Error: The requested content does not exist. for url: https://www.icicipruamc.com/pressrelease/Press%20Release_ICICI%20Prudential%20Balanced%20Hybrid%20Fund.pdf,0,,pending,True,{},2026-08-20 16:20:47.432194+00:00,2026-08-20 16:20:47.432194+00:00
ed20ab55-a4eb-4f6c-a0f3-3d65b9c1a452,b460c25d-fe5a-4324-b1da-e8eb5d3a7697,https://www.icicipruamc.com/pressrelease/Press Release_ ICICI Prudential Multi-Asset Active FOF.pdf,download,404 Client Error: The requested content does not exist. for url: https://www.icicipruamc.com/pressrelease/Press%20Release_%20ICICI%20Prudential%20Multi-Asset%20Active%20FOF.pdf,0,,pending,True,{},2026-08-20 16:20:47.432194+00:00,2026-08-20 16:20:47.432194+00:00
e4c98689-b4a3-4f19-874f-946dde126816,b460c25d-fe5a-4324-b1da-e8eb5d3a7697,https://www.icicipruamc.com/pressrelease/Press Release - Nifty Smallcap 250 ETF.pdf,download,404 Client Error: The requested content does not exist. for url: https://www.icicipruamc.com/pressrelease/Press%20Release%20-%20Nifty%20Smallcap%20250%20ETF.pdf,0,,pending,True,{},2026-08-20 16:20:47.432194+00:00,2026-08-20 16:20:47.432194+00:00
6756a6a7-b99b-4fc0-9d91-1b9b7d2aae7f,b460c25d-fe5a-4324-b1da-e8eb5d3a7697,https://www.icicipruamc.com/pressrelease/Press%20release%20-%20NAV%20Publication.pdf,download,404 Client Error: The requested content does not exist. for url: https://www.icicipruamc.com/pressrelease/Press%20release%20-%20NAV%20Publication.pdf,0,,pending,True,{},2026-08-20 16:20:47.432194+00:00,2026-08-20 16:20:47.432194+00:00
8fd90505-4881-4b86-a14c-6447aba57e29,b460c25d-fe5a-4324-b1da-e8eb5d3a7697,https://www.icicipruamc.com/pressrelease/Press%20release%20-Notice%20to%20the%20unit-holders%20of%20ICICI%20Prudential%20Mutual%20Fund.pdf,download,404 Client Error: The requested content does not exist. for url: https://www.icicipruamc.com/pressrelease/Press%20release%20-Notice%20to%20the%20unit-holders%20of%20ICICI%20Prudential%20Mutual%20Fund.pdf,0,,pending,True,{},2026-08-20 16:20:47.432194+00:00,2026-08-20 16:20:47.432194+00:00
dbf58a84-7a2e-4db9-8a7d-add9f26e53cb,b460c25d-fe5a-4324-b1da-e8eb5d3a7697,https://www.icicipruamc.com/pressrelease/Press Release_ICICI Prudential Diversified Equity All Cap Active FOF NFO.pdf,download,404 Client Error: The requested content does not exist. for url: https://www.icicipruamc.com/pressrelease/Press%20Release_ICICI%20Prudential%20Diversified%20Equity%20All%20Cap%20Active%20FOF%20NFO.pdf,0,,pending,True,{},2026-08-20 16:20:47.432194+00:00,2026-08-20 16:20:47.432194+00:00
bfc24bda-6041-4408-9626-96aeb933d16c,b460c25d-fe5a-4324-b1da-e8eb5d3a7697,https://www.icicipruamc.com/pressrelease/Press Release_ICICI Prudential India Opportunities Fund completes 7 years.pdf,download,404 Client Error: The requested content does not exist. for url: https://www.icicipruamc.com/pressrelease/Press%20Release_ICICI%20Prudential%20India%20Opportunities%20Fund%20completes%207%20years.pdf,0,,pending,True,{},2026-08-20 16:20:47.432194+00:00,2026-08-20 16:20:47.432194+00:00
8ba4e2f5-cb74-4e20-8d86-ba7e500dc9ae,b460c25d-fe5a-4324-b1da-e8eb5d3a7697,https://www.icicipruamc.com/pressrelease/Press Release_ICICI Prudential Conglomerate Fund NFO.pdf,download,404 Client Error: The requested content does not exist. for url: https://www.icicipruamc.com/pressrelease/Press%20Release_ICICI%20Prudential%20Conglomerate%20Fund%20NFO.pdf,0,,pending,True,{},2026-08-20 16:20:47.432194+00:00,2026-08-20 16:20:47.432194+00:00
47b0f1e7-d833-408f-aae2-5af6ff9c57d5,b460c25d-fe5a-4324-b1da-e8eb5d3a7697,https://www.icicipruamc.com/pressrelease/Press Release_ICICI Prudential Business Cycle Fund completes Five Years.pdf,download,404 Client Error: The requested content does not exist. for url: https://www.icicipruamc.com/pressrelease/Press%20Release_ICICI%20Prudential%20Business%20Cycle%20Fund%20completes%20Five%20Years.pdf,0,,pending,True,{},2026-08-20 16:20:47.432194+00:00,2026-08-20 16:20:47.432194+00:00
bd95b0e5-c08f-47f6-833c-cd2e5dd87870,b460c25d-fe5a-4324-b1da-e8eb5d3a7697,https://www.icicipruamc.com/announcements/ICICI_014_Fortnightly portfolio Notice_19 August 2026.pdf,download,404 Client Error: The requested content does not exist. for url: https://www.icicipruamc.com/announcements/ICICI_014_Fortnightly%20portfolio%20Notice_19%20August%202026.pdf,0,,pending,True,{},2026-08-20 16:20:47.432194+00:00,2026-08-20 16:20:47.432194+00:00
789a6c7c-2afd-4650-8e8f-7cc4e1b36527,b460c25d-fe5a-4324-b1da-e8eb5d3a7697,https://www.icicipruamc.com/announcements/ICICI_013_Addendum final_19 August 2026.pdf,download,404 Client Error: The requested content does not exist. for url: https://www.icicipruamc.com/announcements/ICICI_013_Addendum%20final_19%20August%202026.pdf,0,,pending,True,{},2026-08-20 16:20:47.432194+00:00,2026-08-20 16:20:47.432194+00:00
03a7c9ab-2d11-4216-b14b-fc7ce3a7604b,b460c25d-fe5a-4324-b1da-e8eb5d3a7697,https://www.icicipruamc.com/announcements/ICICI_012_Change in address of OPAT AMC Chennai_17 August 2026.pdf,download,404 Client Error: The requested content does not exist. for url: https://www.icicipruamc.com/announcements/ICICI_012_Change%20in%20address%20of%20OPAT%20AMC%20Chennai_17%20August%202026.pdf,0,,pending,True,{},2026-08-20 16:20:47.432194+00:00,2026-08-20 16:20:47.432194+00:00
e5aa3825-c880-4455-9c54-7f6c1a2890e1,b460c25d-fe5a-4324-b1da-e8eb5d3a7697,https://www.icicipruamc.com/announcements/ICICI_011_Notice-cum-addendum_12 August 2026.pdf,download,404 Client Error: The requested content does not exist. for url: https://www.icicipruamc.com/announcements/ICICI_011_Notice-cum-addendum_12%20August%202026.pdf,0,,pending,True,{},2026-08-20 16:20:47.432194+00:00,2026-08-20 16:20:47.432194+00:00
bacc11e6-d365-4558-9ef8-d26b31e1519a,b460c25d-fe5a-4324-b1da-e8eb5d3a7697,https://www.icicipruamc.com/announcements/ICICI_009_Monthly portfolio Notice_10 August 2026.pdf,download,404 Client Error: The requested content does not exist. for url: https://www.icicipruamc.com/announcements/ICICI_009_Monthly%20portfolio%20Notice_10%20August%202026.pdf,0,,pending,True,{},2026-08-20 16:20:47.432194+00:00,2026-08-20 16:20:47.432194+00:00
742a392e-2466-43a7-9f33-cfcf2f28ecf1,c086dcf3-4a89-4ec9-a476-ed3367406b3c,https://www.icicipruamc.com/fund-details/fund-documents/historical/nifty-sdl-sep-2027-index-1842.xlsx,download,404 Client Error: The requested content does not exist. for url: https://www.icicipruamc.com/fund-details/fund-documents/historical/nifty-sdl-sep-2027-index-1842.xlsx,0,,pending,True,{},2026-08-20 17:46:51.240074+00:00,2026-08-20 17:46:51.240074+00:00
3d8249f0-ed4d-4054-b8f8-d8e77ca0c07b,b460c25d-fe5a-4324-b1da-e8eb5d3a7697,https://www.icicipruamc.com/announcements/ICICI_010_Benchmark Riskometer Addendum_10 August 2026.pdf,download,404 Client Error: The requested content does not exist. for url: https://www.icicipruamc.com/announcements/ICICI_010_Benchmark%20Riskometer%20Addendum_10%20August%202026.pdf,0,,pending,True,{},2026-08-20 16:20:47.432194+00:00,2026-08-20 16:20:47.432194+00:00
a95429c9-6db3-43d4-acad-dfbb83956c16,b460c25d-fe5a-4324-b1da-e8eb5d3a7697,https://www.icicipruamc.com/announcements/ICICI_006_Notice - cum- addendum_6 August 2026.pdf,download,404 Client Error: The requested content does not exist. for url: https://www.icicipruamc.com/announcements/ICICI_006_Notice%20-%20cum-%20addendum_6%20August%202026.pdf,0,,pending,True,{},2026-08-20 16:20:47.432194+00:00,2026-08-20 16:20:47.432194+00:00
eebc553c-e12c-48e5-a9e6-4dddcb7e7bb4,b460c25d-fe5a-4324-b1da-e8eb5d3a7697,https://www.icicipruamc.com/announcements/ICICI_007_MF Riskometer Addendum_7 August 2026.pdf,download,404 Client Error: The requested content does not exist. for url: https://www.icicipruamc.com/announcements/ICICI_007_MF%20Riskometer%20Addendum_7%20August%202026.pdf,0,,pending,True,{},2026-08-20 16:20:47.432194+00:00,2026-08-20 16:20:47.432194+00:00
3630f3fd-ea13-4d4c-97e1-db145d8105fd,b460c25d-fe5a-4324-b1da-e8eb5d3a7697,https://www.icicipruamc.com/announcements/ICICI_004_Fortnightly portfolio Notice_5 August 2026.pdf,download,404 Client Error: The requested content does not exist. for url: https://www.icicipruamc.com/announcements/ICICI_004_Fortnightly%20portfolio%20Notice_5%20August%202026.pdf,0,,pending,True,{},2026-08-20 16:20:47.432194+00:00,2026-08-20 16:20:47.432194+00:00
008f1fb5-eb10-4bd9-871f-4a343f998da4,b460c25d-fe5a-4324-b1da-e8eb5d3a7697,https://www.icicipruamc.com/announcements/ICICI_005_IDCW Notice_5 August 2026.pdf,download,404 Client Error: The requested content does not exist. for url: https://www.icicipruamc.com/announcements/ICICI_005_IDCW%20Notice_5%20August%202026.pdf,0,,pending,True,{},2026-08-20 16:20:47.432194+00:00,2026-08-20 16:20:47.432194+00:00
7beb894b-7d79-42f0-a62e-f8351761e4a4,b460c25d-fe5a-4324-b1da-e8eb5d3a7697,https://www.icicipruamc.com/announcements/ICICI_003_Notice-cum-addendum for change in the PRC_4 August 2026.pdf,download,404 Client Error: The requested content does not exist. for url: https://www.icicipruamc.com/announcements/ICICI_003_Notice-cum-addendum%20for%20change%20in%20the%20PRC_4%20August%202026.pdf,0,,pending,True,{},2026-08-20 16:20:47.432194+00:00,2026-08-20 16:20:47.432194+00:00
92058ad4-2420-400d-b918-ee029731594f,b460c25d-fe5a-4324-b1da-e8eb5d3a7697,https://www.icicipruamc.com/announcements/ICICI_002_Notice cum Addendum_to SAI_4 August 2026.pdf,download,404 Client Error: The requested content does not exist. for url: https://www.icicipruamc.com/announcements/ICICI_002_Notice%20cum%20Addendum_to%20SAI_4%20August%202026.pdf,0,,pending,True,{},2026-08-20 16:20:47.432194+00:00,2026-08-20 16:20:47.432194+00:00
e2f98699-5b31-4a57-b6bb-c2979e8ce148,c086dcf3-4a89-4ec9-a476-ed3367406b3c,https://www.icicipruamc.com/fund-details/fund-documents/methodology/index-linked-products-methodology-1886.pdf,download,404 Client Error: The requested content does not exist. for url: https://www.icicipruamc.com/fund-details/fund-documents/methodology/index-linked-products-methodology-1886.pdf,0,,pending,True,{},2026-08-20 17:46:51.240074+00:00,2026-08-20 17:46:51.240074+00:00
88ffc451-e1d5-4671-8fff-1d05fab86648,c086dcf3-4a89-4ec9-a476-ed3367406b3c,https://www.icicipruamc.com/fund-details/fund-documents/historical/CRISIL-IBX AAA Bond Financial Services Index – Dec 2026-1886.xlsx,download,404 Client Error: The requested content does not exist. for url: https://www.icicipruamc.com/fund-details/fund-documents/historical/CRISIL-IBX%20AAA%20Bond%20Financial%20Services%20Index%20%E2%80%93%20Dec%202026-1886.xlsx,0,,pending,True,{},2026-08-20 17:46:51.240074+00:00,2026-08-20 17:46:51.240074+00:00
c1d1b3a7-dae8-4c40-ab75-b43264b50e4c,c086dcf3-4a89-4ec9-a476-ed3367406b3c,https://www.icicipruamc.com/fund-details/fund-documents/methodology/Method_NIFTY_Fixed_Income_Indices-1853.pdf,download,404 Client Error: The requested content does not exist. for url: https://www.icicipruamc.com/fund-details/fund-documents/methodology/Method_NIFTY_Fixed_Income_Indices-1853.pdf,0,,pending,True,{},2026-08-20 17:46:51.240074+00:00,2026-08-20 17:46:51.240074+00:00
e6ae7cfc-87fd-43d7-93a1-81b1f9d88bb8,c086dcf3-4a89-4ec9-a476-ed3367406b3c,https://www.icicipruamc.com/fund-details/fund-documents/historical/Nifty-G-Sec-Dec-2030-Index-Historical-Data-1853.xlsx,download,404 Client Error: The requested content does not exist. for url: https://www.icicipruamc.com/fund-details/fund-documents/historical/Nifty-G-Sec-Dec-2030-Index-Historical-Data-1853.xlsx,0,,pending,True,{},2026-08-20 17:46:51.240074+00:00,2026-08-20 17:46:51.240074+00:00
131b945d-c137-42ff-99b3-62e00334ae64,c086dcf3-4a89-4ec9-a476-ed3367406b3c,https://www.icicipruamc.com/fund-details/fund-documents/methodology/Method_NIFTY_Fixed_Income_Indices-1864.pdf,download,404 Client Error: The requested content does not exist. for url: https://www.icicipruamc.com/fund-details/fund-documents/methodology/Method_NIFTY_Fixed_Income_Indices-1864.pdf,0,,pending,True,{},2026-08-20 17:46:51.240074+00:00,2026-08-20 17:46:51.240074+00:00
15094935-3209-4b16-9b96-1673bc86e0cb,c086dcf3-4a89-4ec9-a476-ed3367406b3c,https://www.icicipruamc.com/fund-details/fund-documents/historical/Inclusion-Exclusion-report - Nifty SDL Sep 2026 Index Fund-1864.xlsx,download,404 Client Error: The requested content does not exist. for url: https://www.icicipruamc.com/fund-details/fund-documents/historical/Inclusion-Exclusion-report%20-%20Nifty%20SDL%20Sep%202026%20Index%20Fund-1864.xlsx,0,,pending,True,{},2026-08-20 17:46:51.240074+00:00,2026-08-20 17:46:51.240074+00:00
261a7c69-e520-4c3b-bf8d-948848587f70,c086dcf3-4a89-4ec9-a476-ed3367406b3c,https://www.icicipruamc.com/fund-details/fund-documents/methodology/Method_NIFTY_Fixed_Income_Indices-1842.pdf,download,404 Client Error: The requested content does not exist. for url: https://www.icicipruamc.com/fund-details/fund-documents/methodology/Method_NIFTY_Fixed_Income_Indices-1842.pdf,0,,pending,True,{},2026-08-20 17:46:51.240074+00:00,2026-08-20 17:46:51.240074+00:00
347098d3-85e6-46b3-8fc7-97c22b34383e,c086dcf3-4a89-4ec9-a476-ed3367406b3c,https://www.icicipruamc.com/fund-details/fund-documents/methodology/Method_NIFTY_Fixed_Income_Indices-1852.pdf,download,404 Client Error: The requested content does not exist. for url: https://www.icicipruamc.com/fund-details/fund-documents/methodology/Method_NIFTY_Fixed_Income_Indices-1852.pdf,0,,pending,True,{},2026-08-20 17:46:51.240074+00:00,2026-08-20 17:46:51.240074+00:00
12ceac69-d33f-463b-b89a-c20d1c61ac3d,c086dcf3-4a89-4ec9-a476-ed3367406b3c,https://www.icicipruamc.com/fund-details/fund-documents/historical/Nifty-SDL-Dec-2028-Index-Historical-Data-1852.xlsx,download,404 Client Error: The requested content does not exist. for url: https://www.icicipruamc.com/fund-details/fund-documents/historical/Nifty-SDL-Dec-2028-Index-Historical-Data-1852.xlsx,0,,pending,True,{},2026-08-20 17:46:51.240074+00:00,2026-08-20 17:46:51.240074+00:00
927a525b-7246-4ac9-a0e4-c8bce1b8efa4,c086dcf3-4a89-4ec9-a476-ed3367406b3c,https://www.icicipruamc.com/fund-details/fund-documents/methodology/Method_NIFTY_Fixed_Income_Indices-1825.pdf,download,404 Client Error: The requested content does not exist. for url: https://www.icicipruamc.com/fund-details/fund-documents/methodology/Method_NIFTY_Fixed_Income_Indices-1825.pdf,0,,pending,True,{},2026-08-20 17:46:51.240074+00:00,2026-08-20 17:46:51.240074+00:00
d2c6f5bb-bebe-428b-9f36-51a5e96580b3,c086dcf3-4a89-4ec9-a476-ed3367406b3c,https://www.icicipruamc.com/fund-details/fund-documents/historical/nifty-psu-bond-plus-sdl-sep-2027-40-60-index-1825.xlsx,download,404 Client Error: The requested content does not exist. for url: https://www.icicipruamc.com/fund-details/fund-documents/historical/nifty-psu-bond-plus-sdl-sep-2027-40-60-index-1825.xlsx,0,,pending,True,{},2026-08-20 17:46:51.240074+00:00,2026-08-20 17:46:51.240074+00:00
a5c5920f-658d-4485-ad6d-173c36ab339d,c086dcf3-4a89-4ec9-a476-ed3367406b3c,https://www.icicipruamc.com/fund-details/fund-documents/methodology/CRISIL-IBX_Financial_Services_3-6_Months_Debt_Index-1888.xlsx,download,404 Client Error: The requested content does not exist. for url: https://www.icicipruamc.com/fund-details/fund-documents/methodology/CRISIL-IBX_Financial_Services_3-6_Months_Debt_Index-1888.xlsx,0,,pending,True,{},2026-08-20 17:46:51.240074+00:00,2026-08-20 17:46:51.240074+00:00
61240c3c-0cea-48ce-a1c1-a2c635f6cd77,c086dcf3-4a89-4ec9-a476-ed3367406b3c,https://www.icicipruamc.com/fund-details/fund-documents/historical/CRISIL-IBX_Financial_Services_3-6_Months_Debt_Index-1888.xlsx,download,404 Client Error: The requested content does not exist. for url: https://www.icicipruamc.com/fund-details/fund-documents/historical/CRISIL-IBX_Financial_Services_3-6_Months_Debt_Index-1888.xlsx,0,,pending,True,{},2026-08-20 17:46:51.240074+00:00,2026-08-20 17:46:51.240074+00:00
e09ba38d-d6eb-4c7e-b059-f94b20e1860f,c086dcf3-4a89-4ec9-a476-ed3367406b3c,https://www.icicipruamc.com/sif/isif-equity-ex-top-100-long-short-fund/iSIF%20Equity%20Ex%20Top%20100%20Long-Short%20Presentation%20Final.pdf,download,404 Client Error: The requested content does not exist. for url: https://www.icicipruamc.com/sif/isif-equity-ex-top-100-long-short-fund/iSIF%20Equity%20Ex%20Top%20100%20Long-Short%20Presentation%20Final.pdf,0,,pending,True,{},2026-08-20 17:46:51.240074+00:00,2026-08-20 17:46:51.240074+00:00
031b5195-0152-4a17-adda-cfe6e7d69cdb,c086dcf3-4a89-4ec9-a476-ed3367406b3c,https://www.icicipruamc.com/sif/downloads/Important%20Announcement_SIF.pdf,download,404 Client Error: The requested content does not exist. for url: https://www.icicipruamc.com/sif/downloads/Important%20Announcement_SIF.pdf,0,,pending,True,{},2026-08-20 17:46:51.240074+00:00,2026-08-20 17:46:51.240074+00:00
dc3eaf3d-2c23-4b0f-82f8-1882ae23a163,c086dcf3-4a89-4ec9-a476-ed3367406b3c,https://www.icicipruamc.com/banner/campaign/scheme-merger/letter-to-unitholders-surviving-scheme.pdf,download,404 Client Error: The requested content does not exist. for url: https://www.icicipruamc.com/banner/campaign/scheme-merger/letter-to-unitholders-surviving-scheme.pdf,0,,pending,True,{},2026-08-20 17:46:51.240074+00:00,2026-08-20 17:46:51.240074+00:00
0fae9d15-8b90-406f-b09a-e70fbfdcbc58,c086dcf3-4a89-4ec9-a476-ed3367406b3c,https://www.icicipruamc.com/banner/campaign/scheme-merger/letter-to-unitholders-merging-schemes.pdf,download,404 Client Error: The requested content does not exist. for url: https://www.icicipruamc.com/banner/campaign/scheme-merger/letter-to-unitholders-merging-schemes.pdf,0,,pending,True,{},2026-08-20 17:46:51.240074+00:00,2026-08-20 17:46:51.240074+00:00
117f1924-9f99-4001-a9a5-2cdbd2e091a0,c086dcf3-4a89-4ec9-a476-ed3367406b3c,https://www.icicipruamc.com/banner/campaign/scheme-merger/addendum.pdf,download,404 Client Error: The requested content does not exist. for url: https://www.icicipruamc.com/banner/campaign/scheme-merger/addendum.pdf,0,,pending,True,{},2026-08-20 17:46:51.240074+00:00,2026-08-20 17:46:51.240074+00:00
7ef2f5a6-586c-43b6-9e7b-ef733fa7bf63,c086dcf3-4a89-4ec9-a476-ed3367406b3c,https://www.icicipruamc.com/banner/campaign/scheme-merger/consent-form.pdf,download,404 Client Error: The requested content does not exist. for url: https://www.icicipruamc.com/banner/campaign/scheme-merger/consent-form.pdf,0,,pending,True,{},2026-08-20 17:46:51.240074+00:00,2026-08-20 17:46:51.240074+00:00
327f794d-43f4-4a41-83d3-d8a24ddc103f,c086dcf3-4a89-4ec9-a476-ed3367406b3c,https://www.icicipruamc.com/downloads/Files/Fortnightly Portfolio Disclosures/2026/Fortnightly Debt Scheme Portfolio - 15th August 2026.zip,download,"HTTPSConnectionPool(host='archive.icicipruamc.com', port=443): Max retries exceeded with url: /downloads/Files/Fortnightly%20Portfolio%20Disclosures/2026/Fortnightly%20Debt%20Scheme%20Portfolio%20-%2015th%20August%202026.zip (Caused by NameResolutionError(""HTTPSConnection(host='archive.icicipruamc.com', port=443): Failed to resolve 'archive.icicipruamc.com' ([Errno 8] nodename nor servname provided, or not known)""))",0,,pending,True,{},2026-08-20 17:46:51.240074+00:00,2026-08-20 17:46:51.240074+00:00
0277995b-a28f-4ffa-aacb-4eddcd5c01df,c086dcf3-4a89-4ec9-a476-ed3367406b3c,https://www.icicipruamc.com/downloads/Files/Fortnightly Portfolio Disclosures/2026/Fortnightly Debt Scheme Portfolio - 31st July 2026.zip,download,"HTTPSConnectionPool(host='archive.icicipruamc.com', port=443): Max retries exceeded with url: /downloads/Files/Fortnightly%20Portfolio%20Disclosures/2026/Fortnightly%20Debt%20Scheme%20Portfolio%20-%2031st%20July%202026.zip (Caused by NameResolutionError(""HTTPSConnection(host='archive.icicipruamc.com', port=443): Failed to resolve 'archive.icicipruamc.com' ([Errno 8] nodename nor servname provided, or not known)""))",0,,pending,True,{},2026-08-20 17:46:51.240074+00:00,2026-08-20 17:46:51.240074+00:00
42e22181-750b-4e4c-adbd-d29cd6fc0ee4,c086dcf3-4a89-4ec9-a476-ed3367406b3c,https://www.icicipruamc.com/downloads/Files/Fortnightly Portfolio Disclosures/2026/Fortnightly Debt Scheme Portfolio - 15th July 2026.zip,download,"HTTPSConnectionPool(host='archive.icicipruamc.com', port=443): Max retries exceeded with url: /downloads/Files/Fortnightly%20Portfolio%20Disclosures/2026/Fortnightly%20Debt%20Scheme%20Portfolio%20-%2015th%20July%202026.zip (Caused by NameResolutionError(""HTTPSConnection(host='archive.icicipruamc.com', port=443): Failed to resolve 'archive.icicipruamc.com' ([Errno 8] nodename nor servname provided, or not known)""))",0,,pending,True,{},2026-08-20 17:46:51.240074+00:00,2026-08-20 17:46:51.240074+00:00
a12c5f94-36b4-4db9-8c96-c52c1bd56be0,c086dcf3-4a89-4ec9-a476-ed3367406b3c,https://www.icicipruamc.com/downloads/Files/Fortnightly Portfolio Disclosures/2026/Fortnightly Debt Scheme Portfolio - 30th June 2026.zip,download,"HTTPSConnectionPool(host='archive.icicipruamc.com', port=443): Max retries exceeded with url: /downloads/Files/Fortnightly%20Portfolio%20Disclosures/2026/Fortnightly%20Debt%20Scheme%20Portfolio%20-%2030th%20June%202026.zip (Caused by NameResolutionError(""HTTPSConnection(host='archive.icicipruamc.com', port=443): Failed to resolve 'archive.icicipruamc.com' ([Errno 8] nodename nor servname provided, or not known)""))",0,,pending,True,{},2026-08-20 17:46:51.240074+00:00,2026-08-20 17:46:51.240074+00:00
2c1329eb-78df-498c-a173-dacc57eb7108,c086dcf3-4a89-4ec9-a476-ed3367406b3c,https://www.icicipruamc.com/downloads/Files/Fortnightly Portfolio Disclosures/2026/Fortnightly Debt Scheme Portfolio - 15th June 2026.zip,download,"HTTPSConnectionPool(host='archive.icicipruamc.com', port=443): Max retries exceeded with url: /downloads/Files/Fortnightly%20Portfolio%20Disclosures/2026/Fortnightly%20Debt%20Scheme%20Portfolio%20-%2015th%20June%202026.zip (Caused by NameResolutionError(""HTTPSConnection(host='archive.icicipruamc.com', port=443): Failed to resolve 'archive.icicipruamc.com' ([Errno 8] nodename nor servname provided, or not known)""))",0,,pending,True,{},2026-08-20 17:46:51.240074+00:00,2026-08-20 17:46:51.240074+00:00
74aa600d-14e3-4df0-9874-d8077dd7f378,c086dcf3-4a89-4ec9-a476-ed3367406b3c,https://www.icicipruamc.com/downloads/Files/Fortnightly Portfolio Disclosures/2026/Fortnightly Debt Scheme Portfolio - 31st May 2026.zip,download,"HTTPSConnectionPool(host='archive.icicipruamc.com', port=443): Max retries exceeded with url: /downloads/Files/Fortnightly%20Portfolio%20Disclosures/2026/Fortnightly%20Debt%20Scheme%20Portfolio%20-%2031st%20May%202026.zip (Caused by NameResolutionError(""HTTPSConnection(host='archive.icicipruamc.com', port=443): Failed to resolve 'archive.icicipruamc.com' ([Errno 8] nodename nor servname provided, or not known)""))",0,,pending,True,{},2026-08-20 17:46:51.240074+00:00,2026-08-20 17:46:51.240074+00:00
ca82de7d-7ac3-4ade-981a-add561459130,c086dcf3-4a89-4ec9-a476-ed3367406b3c,https://www.icicipruamc.com/downloads/Files/Fortnightly Portfolio Disclosures/2026/Fortnightly Debt Scheme Portfolio - 15th May 2026.zip,download,"HTTPSConnectionPool(host='archive.icicipruamc.com', port=443): Max retries exceeded with url: /downloads/Files/Fortnightly%20Portfolio%20Disclosures/2026/Fortnightly%20Debt%20Scheme%20Portfolio%20-%2015th%20May%202026.zip (Caused by NameResolutionError(""HTTPSConnection(host='archive.icicipruamc.com', port=443): Failed to resolve 'archive.icicipruamc.com' ([Errno 8] nodename nor servname provided, or not known)""))",0,,pending,True,{},2026-08-20 17:46:51.240074+00:00,2026-08-20 17:46:51.240074+00:00
2a3fdb61-46be-4ef4-8396-d96547d0a16d,c086dcf3-4a89-4ec9-a476-ed3367406b3c,https://www.icicipruamc.com/downloads/Files/Fortnightly Portfolio Disclosures/2026/Fortnightly Debt Scheme Portfolio - 30th April 2026.zip,download,"HTTPSConnectionPool(host='archive.icicipruamc.com', port=443): Max retries exceeded with url: /downloads/Files/Fortnightly%20Portfolio%20Disclosures/2026/Fortnightly%20Debt%20Scheme%20Portfolio%20-%2030th%20April%202026.zip (Caused by NameResolutionError(""HTTPSConnection(host='archive.icicipruamc.com', port=443): Failed to resolve 'archive.icicipruamc.com' ([Errno 8] nodename nor servname provided, or not known)""))",0,,pending,True,{},2026-08-20 17:46:51.240074+00:00,2026-08-20 17:46:51.240074+00:00
245aff1b-574a-4fc1-9f1a-bda37dffa2f7,c086dcf3-4a89-4ec9-a476-ed3367406b3c,https://www.icicipruamc.com/downloads/Files/Fortnightly Portfolio Disclosures/2026/Fortnightly Debt Scheme Portfolio - 15th April 2026.zip,download,"HTTPSConnectionPool(host='archive.icicipruamc.com', port=443): Max retries exceeded with url: /downloads/Files/Fortnightly%20Portfolio%20Disclosures/2026/Fortnightly%20Debt%20Scheme%20Portfolio%20-%2015th%20April%202026.zip (Caused by NameResolutionError(""HTTPSConnection(host='archive.icicipruamc.com', port=443): Failed to resolve 'archive.icicipruamc.com' ([Errno 8] nodename nor servname provided, or not known)""))",0,,pending,True,{},2026-08-20 17:46:51.240074+00:00,2026-08-20 17:46:51.240074+00:00
bc7a1a08-9e7e-4dc2-8963-b6e7f0613500,c086dcf3-4a89-4ec9-a476-ed3367406b3c,https://www.icicipruamc.com/downloads/Files/Fortnightly Portfolio Disclosures/2026/Fortnightly Debt Scheme Portfolio - 31st March 2026.zip,download,"HTTPSConnectionPool(host='archive.icicipruamc.com', port=443): Max retries exceeded with url: /downloads/Files/Fortnightly%20Portfolio%20Disclosures/2026/Fortnightly%20Debt%20Scheme%20Portfolio%20-%2031st%20March%202026.zip (Caused by NameResolutionError(""HTTPSConnection(host='archive.icicipruamc.com', port=443): Failed to resolve 'archive.icicipruamc.com' ([Errno 8] nodename nor servname provided, or not known)""))",0,,pending,True,{},2026-08-20 17:46:51.240074+00:00,2026-08-20 17:46:51.240074+00:00
682632a6-ff58-4ec6-8222-1817df5f956c,c086dcf3-4a89-4ec9-a476-ed3367406b3c,https://www.icicipruamc.com/downloads/Files/Fortnightly Portfolio Disclosures/2026/Fortnightly Debt Scheme Portfolio - 15th March 2026.zip,download,"HTTPSConnectionPool(host='archive.icicipruamc.com', port=443): Max retries exceeded with url: /downloads/Files/Fortnightly%20Portfolio%20Disclosures/2026/Fortnightly%20Debt%20Scheme%20Portfolio%20-%2015th%20March%202026.zip (Caused by NameResolutionError(""HTTPSConnection(host='archive.icicipruamc.com', port=443): Failed to resolve 'archive.icicipruamc.com' ([Errno 8] nodename nor servname provided, or not known)""))",0,,pending,True,{},2026-08-20 17:46:51.240074+00:00,2026-08-20 17:46:51.240074+00:00
a94f90fa-2cfa-4068-bafd-f54c9d61003c,c086dcf3-4a89-4ec9-a476-ed3367406b3c,https://www.icicipruamc.com/downloads/Files/Fortnightly Portfolio Disclosures/2026/Fortnightly Debt Scheme Portfolio - 28th February 2026.zip,download,"HTTPSConnectionPool(host='archive.icicipruamc.com', port=443): Max retries exceeded with url: /downloads/Files/Fortnightly%20Portfolio%20Disclosures/2026/Fortnightly%20Debt%20Scheme%20Portfolio%20-%2028th%20February%202026.zip (Caused by NameResolutionError(""HTTPSConnection(host='archive.icicipruamc.com', port=443): Failed to resolve 'archive.icicipruamc.com' ([Errno 8] nodename nor servname provided, or not known)""))",0,,pending,True,{},2026-08-20 17:46:51.240074+00:00,2026-08-20 17:46:51.240074+00:00
b585b6ba-f73f-411b-92f5-64053e19a5d0,c086dcf3-4a89-4ec9-a476-ed3367406b3c,https://www.icicipruamc.com/downloads/Files/Fortnightly Portfolio Disclosures/2026/Fortnightly Debt Scheme Portfolio - 15th February 2026.zip,download,"HTTPSConnectionPool(host='archive.icicipruamc.com', port=443): Max retries exceeded with url: /downloads/Files/Fortnightly%20Portfolio%20Disclosures/2026/Fortnightly%20Debt%20Scheme%20Portfolio%20-%2015th%20February%202026.zip (Caused by NameResolutionError(""HTTPSConnection(host='archive.icicipruamc.com', port=443): Failed to resolve 'archive.icicipruamc.com' ([Errno 8] nodename nor servname provided, or not known)""))",0,,pending,True,{},2026-08-20 17:46:51.240074+00:00,2026-08-20 17:46:51.240074+00:00
fa9c1675-8c9c-41c4-bf98-7010f1d4fb23,c086dcf3-4a89-4ec9-a476-ed3367406b3c,https://www.icicipruamc.com/downloads/Files/Fortnightly Portfolio Disclosures/2026/Fortnightly Debt Scheme Portfolio - 31st January 2026.zip,download,"HTTPSConnectionPool(host='archive.icicipruamc.com', port=443): Max retries exceeded with url: /downloads/Files/Fortnightly%20Portfolio%20Disclosures/2026/Fortnightly%20Debt%20Scheme%20Portfolio%20-%2031st%20January%202026.zip (Caused by NameResolutionError(""HTTPSConnection(host='archive.icicipruamc.com', port=443): Failed to resolve 'archive.icicipruamc.com' ([Errno 8] nodename nor servname provided, or not known)""))",0,,pending,True,{},2026-08-20 17:46:51.240074+00:00,2026-08-20 17:46:51.240074+00:00
6f0e7d90-b20d-4963-89a7-7d4f82d211c5,c086dcf3-4a89-4ec9-a476-ed3367406b3c,https://www.icicipruamc.com/downloads/Files/Fortnightly Portfolio Disclosures/2026/Fortnightly Debt Scheme Portfolio - 15th January 2026.zip,download,"HTTPSConnectionPool(host='archive.icicipruamc.com', port=443): Max retries exceeded with url: /downloads/Files/Fortnightly%20Portfolio%20Disclosures/2026/Fortnightly%20Debt%20Scheme%20Portfolio%20-%2015th%20January%202026.zip (Caused by NameResolutionError(""HTTPSConnection(host='archive.icicipruamc.com', port=443): Failed to resolve 'archive.icicipruamc.com' ([Errno 8] nodename nor servname provided, or not known)""))",0,,pending,True,{},2026-08-20 17:46:51.240074+00:00,2026-08-20 17:46:51.240074+00:00
367ba8da-fdc3-44a6-9c45-f102512a6ca7,c086dcf3-4a89-4ec9-a476-ed3367406b3c,https://www.icicipruamc.com/downloads/Files/Fortnightly Portfolio Disclosures/2025/Fortnightly Debt Scheme Portfolio - 31st December 2025.zip,download,"HTTPSConnectionPool(host='archive.icicipruamc.com', port=443): Max retries exceeded with url: /downloads/Files/Fortnightly%20Portfolio%20Disclosures/2025/Fortnightly%20Debt%20Scheme%20Portfolio%20-%2031st%20December%202025.zip (Caused by NameResolutionError(""HTTPSConnection(host='archive.icicipruamc.com', port=443): Failed to resolve 'archive.icicipruamc.com' ([Errno 8] nodename nor servname provided, or not known)""))",0,,pending,True,{},2026-08-20 17:46:51.240074+00:00,2026-08-20 17:46:51.240074+00:00
767ddaf2-0148-42ce-bbb2-f0ffdde1038f,c086dcf3-4a89-4ec9-a476-ed3367406b3c,https://www.icicipruamc.com/downloads/Files/Fortnightly Portfolio Disclosures/2025/Fortnightly Debt Scheme Portfolio - 15th December 2025.zip,download,"HTTPSConnectionPool(host='archive.icicipruamc.com', port=443): Max retries exceeded with url: /downloads/Files/Fortnightly%20Portfolio%20Disclosures/2025/Fortnightly%20Debt%20Scheme%20Portfolio%20-%2015th%20December%202025.zip (Caused by NameResolutionError(""HTTPSConnection(host='archive.icicipruamc.com', port=443): Failed to resolve 'archive.icicipruamc.com' ([Errno 8] nodename nor servname provided, or not known)""))",0,,pending,True,{},2026-08-20 17:46:51.240074+00:00,2026-08-20 17:46:51.240074+00:00
ce4b3c02-e9c4-4623-8e41-372398dcf8ba,c086dcf3-4a89-4ec9-a476-ed3367406b3c,https://www.icicipruamc.com/downloads/Files/Fortnightly Portfolio Disclosures/2025/Fortnightly Debt Scheme Portfolio - 30th November 2025.zip,download,"HTTPSConnectionPool(host='archive.icicipruamc.com', port=443): Max retries exceeded with url: /downloads/Files/Fortnightly%20Portfolio%20Disclosures/2025/Fortnightly%20Debt%20Scheme%20Portfolio%20-%2030th%20November%202025.zip (Caused by NameResolutionError(""HTTPSConnection(host='archive.icicipruamc.com', port=443): Failed to resolve 'archive.icicipruamc.com' ([Errno 8] nodename nor servname provided, or not known)""))",0,,pending,True,{},2026-08-20 17:46:51.240074+00:00,2026-08-20 17:46:51.240074+00:00
ae5aa120-5a6e-429f-98c0-fb71ffb9eb3a,c086dcf3-4a89-4ec9-a476-ed3367406b3c,https://www.icicipruamc.com/downloads/Files/Fortnightly Portfolio Disclosures/2025/Fortnightly Debt Scheme Portfolio - 15th November 2025.zip,download,"HTTPSConnectionPool(host='archive.icicipruamc.com', port=443): Max retries exceeded with url: /downloads/Files/Fortnightly%20Portfolio%20Disclosures/2025/Fortnightly%20Debt%20Scheme%20Portfolio%20-%2015th%20November%202025.zip (Caused by NameResolutionError(""HTTPSConnection(host='archive.icicipruamc.com', port=443): Failed to resolve 'archive.icicipruamc.com' ([Errno 8] nodename nor servname provided, or not known)""))",0,,pending,True,{},2026-08-20 17:46:51.240074+00:00,2026-08-20 17:46:51.240074+00:00
a5d6289c-2939-4b53-8aee-234e1af7d6df,c086dcf3-4a89-4ec9-a476-ed3367406b3c,https://www.icicipruamc.com/downloads/Files/Fortnightly Portfolio Disclosures/2025/Fortnightly Debt Scheme Portfolio - 31st October 2025.zip,download,"HTTPSConnectionPool(host='archive.icicipruamc.com', port=443): Max retries exceeded with url: /downloads/Files/Fortnightly%20Portfolio%20Disclosures/2025/Fortnightly%20Debt%20Scheme%20Portfolio%20-%2031st%20October%202025.zip (Caused by NameResolutionError(""HTTPSConnection(host='archive.icicipruamc.com', port=443): Failed to resolve 'archive.icicipruamc.com' ([Errno 8] nodename nor servname provided, or not known)""))",0,,pending,True,{},2026-08-20 17:46:51.240074+00:00,2026-08-20 17:46:51.240074+00:00
7e3bb829-0967-4085-810e-37c336aa8859,c086dcf3-4a89-4ec9-a476-ed3367406b3c,https://www.icicipruamc.com/fund-details/fund-documents/methodology/index-linked-products-methodology-1886.pdf,download,404 Client Error: The requested content does not exist. for url: https://www.icicipruamc.com/fund-details/fund-documents/methodology/index-linked-products-methodology-1886.pdf,0,,pending,True,{},2026-08-20 17:48:17.120689+00:00,2026-08-20 17:48:17.120689+00:00
5cbea5ec-f4b1-44f6-abde-d757a2d4f3fe,c086dcf3-4a89-4ec9-a476-ed3367406b3c,https://www.icicipruamc.com/fund-details/fund-documents/historical/CRISIL-IBX AAA Bond Financial Services Index – Dec 2026-1886.xlsx,download,404 Client Error: The requested content does not exist. for url: https://www.icicipruamc.com/fund-details/fund-documents/historical/CRISIL-IBX%20AAA%20Bond%20Financial%20Services%20Index%20%E2%80%93%20Dec%202026-1886.xlsx,0,,pending,True,{},2026-08-20 17:48:17.120689+00:00,2026-08-20 17:48:17.120689+00:00
cdf108e7-1a13-4f37-b212-b5f988a4845e,c086dcf3-4a89-4ec9-a476-ed3367406b3c,https://www.icicipruamc.com/fund-details/fund-documents/methodology/Method_NIFTY_Fixed_Income_Indices-1853.pdf,download,404 Client Error: The requested content does not exist. for url: https://www.icicipruamc.com/fund-details/fund-documents/methodology/Method_NIFTY_Fixed_Income_Indices-1853.pdf,0,,pending,True,{},2026-08-20 17:48:17.120689+00:00,2026-08-20 17:48:17.120689+00:00
2711f84b-c51e-48b4-8542-aeb8ac9c5456,c086dcf3-4a89-4ec9-a476-ed3367406b3c,https://www.icicipruamc.com/fund-details/fund-documents/historical/Nifty-G-Sec-Dec-2030-Index-Historical-Data-1853.xlsx,download,404 Client Error: The requested content does not exist. for url: https://www.icicipruamc.com/fund-details/fund-documents/historical/Nifty-G-Sec-Dec-2030-Index-Historical-Data-1853.xlsx,0,,pending,True,{},2026-08-20 17:48:17.120689+00:00,2026-08-20 17:48:17.120689+00:00
7e03a488-a4c3-4b6c-97e8-d9f5796efafe,c086dcf3-4a89-4ec9-a476-ed3367406b3c,https://www.icicipruamc.com/fund-details/fund-documents/methodology/Method_NIFTY_Fixed_Income_Indices-1864.pdf,download,404 Client Error: The requested content does not exist. for url: https://www.icicipruamc.com/fund-details/fund-documents/methodology/Method_NIFTY_Fixed_Income_Indices-1864.pdf,0,,pending,True,{},2026-08-20 17:48:17.120689+00:00,2026-08-20 17:48:17.120689+00:00
e0557246-a8ce-4591-982a-21550c8d0b8a,c086dcf3-4a89-4ec9-a476-ed3367406b3c,https://www.icicipruamc.com/fund-details/fund-documents/historical/Inclusion-Exclusion-report - Nifty SDL Sep 2026 Index Fund-1864.xlsx,download,404 Client Error: The requested content does not exist. for url: https://www.icicipruamc.com/fund-details/fund-documents/historical/Inclusion-Exclusion-report%20-%20Nifty%20SDL%20Sep%202026%20Index%20Fund-1864.xlsx,0,,pending,True,{},2026-08-20 17:48:17.120689+00:00,2026-08-20 17:48:17.120689+00:00
312e6159-2055-4607-8f4f-b4403b2dc2b4,c086dcf3-4a89-4ec9-a476-ed3367406b3c,https://www.icicipruamc.com/fund-details/fund-documents/methodology/Method_NIFTY_Fixed_Income_Indices-1842.pdf,download,404 Client Error: The requested content does not exist. for url: https://www.icicipruamc.com/fund-details/fund-documents/methodology/Method_NIFTY_Fixed_Income_Indices-1842.pdf,0,,pending,True,{},2026-08-20 17:48:17.120689+00:00,2026-08-20 17:48:17.120689+00:00
7ae064a9-68fc-4cbd-9c98-f111ea0282b2,c086dcf3-4a89-4ec9-a476-ed3367406b3c,https://www.icicipruamc.com/fund-details/fund-documents/historical/nifty-sdl-sep-2027-index-1842.xlsx,download,404 Client Error: The requested content does not exist. for url: https://www.icicipruamc.com/fund-details/fund-documents/historical/nifty-sdl-sep-2027-index-1842.xlsx,0,,pending,True,{},2026-08-20 17:48:17.120689+00:00,2026-08-20 17:48:17.120689+00:00
33b72915-7bc8-4aed-adc6-854aec68f280,c086dcf3-4a89-4ec9-a476-ed3367406b3c,https://www.icicipruamc.com/fund-details/fund-documents/methodology/Method_NIFTY_Fixed_Income_Indices-1852.pdf,download,404 Client Error: The requested content does not exist. for url: https://www.icicipruamc.com/fund-details/fund-documents/methodology/Method_NIFTY_Fixed_Income_Indices-1852.pdf,0,,pending,True,{},2026-08-20 17:48:17.120689+00:00,2026-08-20 17:48:17.120689+00:00
ac866d13-6ee8-4a0f-a5ca-d58ced2e6b8e,c086dcf3-4a89-4ec9-a476-ed3367406b3c,https://www.icicipruamc.com/fund-details/fund-documents/historical/Nifty-SDL-Dec-2028-Index-Historical-Data-1852.xlsx,download,404 Client Error: The requested content does not exist. for url: https://www.icicipruamc.com/fund-details/fund-documents/historical/Nifty-SDL-Dec-2028-Index-Historical-Data-1852.xlsx,0,,pending,True,{},2026-08-20 17:48:17.120689+00:00,2026-08-20 17:48:17.120689+00:00
16c1ce8d-5fbb-4c2c-8a2d-3fa9d2820194,c086dcf3-4a89-4ec9-a476-ed3367406b3c,https://www.icicipruamc.com/fund-details/fund-documents/methodology/Method_NIFTY_Fixed_Income_Indices-1825.pdf,download,404 Client Error: The requested content does not exist. for url: https://www.icicipruamc.com/fund-details/fund-documents/methodology/Method_NIFTY_Fixed_Income_Indices-1825.pdf,0,,pending,True,{},2026-08-20 17:48:17.120689+00:00,2026-08-20 17:48:17.120689+00:00
86668907-e185-4280-8aa2-4849bff5d1f3,c086dcf3-4a89-4ec9-a476-ed3367406b3c,https://www.icicipruamc.com/fund-details/fund-documents/historical/nifty-psu-bond-plus-sdl-sep-2027-40-60-index-1825.xlsx,download,404 Client Error: The requested content does not exist. for url: https://www.icicipruamc.com/fund-details/fund-documents/historical/nifty-psu-bond-plus-sdl-sep-2027-40-60-index-1825.xlsx,0,,pending,True,{},2026-08-20 17:48:17.120689+00:00,2026-08-20 17:48:17.120689+00:00
43aab923-ad58-438d-abe7-896ecfc7ccb1,c086dcf3-4a89-4ec9-a476-ed3367406b3c,https://www.icicipruamc.com/fund-details/fund-documents/methodology/CRISIL-IBX_Financial_Services_3-6_Months_Debt_Index-1888.xlsx,download,404 Client Error: The requested content does not exist. for url: https://www.icicipruamc.com/fund-details/fund-documents/methodology/CRISIL-IBX_Financial_Services_3-6_Months_Debt_Index-1888.xlsx,0,,pending,True,{},2026-08-20 17:48:17.120689+00:00,2026-08-20 17:48:17.120689+00:00
1e89dd83-84a2-4d49-93c4-602ea6b05584,c086dcf3-4a89-4ec9-a476-ed3367406b3c,https://www.icicipruamc.com/fund-details/fund-documents/historical/CRISIL-IBX_Financial_Services_3-6_Months_Debt_Index-1888.xlsx,download,404 Client Error: The requested content does not exist. for url: https://www.icicipruamc.com/fund-details/fund-documents/historical/CRISIL-IBX_Financial_Services_3-6_Months_Debt_Index-1888.xlsx,0,,pending,True,{},2026-08-20 17:48:17.120689+00:00,2026-08-20 17:48:17.120689+00:00
0a08176d-f6ca-478b-81a6-7fb2e6511c4f,c086dcf3-4a89-4ec9-a476-ed3367406b3c,https://www.icicipruamc.com/sif/isif-equity-ex-top-100-long-short-fund/iSIF%20Equity%20Ex%20Top%20100%20Long-Short%20Presentation%20Final.pdf,download,404 Client Error: The requested content does not exist. for url: https://www.icicipruamc.com/sif/isif-equity-ex-top-100-long-short-fund/iSIF%20Equity%20Ex%20Top%20100%20Long-Short%20Presentation%20Final.pdf,0,,pending,True,{},2026-08-20 17:48:17.120689+00:00,2026-08-20 17:48:17.120689+00:00
b513aa9f-c018-4e79-8acd-0f79ecb927d5,c086dcf3-4a89-4ec9-a476-ed3367406b3c,https://www.icicipruamc.com/sif/downloads/Important%20Announcement_SIF.pdf,download,404 Client Error: The requested content does not exist. for url: https://www.icicipruamc.com/sif/downloads/Important%20Announcement_SIF.pdf,0,,pending,True,{},2026-08-20 17:48:17.120689+00:00,2026-08-20 17:48:17.120689+00:00
567795ea-cc1c-405f-934e-a022c9be8bbe,c086dcf3-4a89-4ec9-a476-ed3367406b3c,https://www.icicipruamc.com/banner/campaign/scheme-merger/letter-to-unitholders-surviving-scheme.pdf,download,404 Client Error: The requested content does not exist. for url: https://www.icicipruamc.com/banner/campaign/scheme-merger/letter-to-unitholders-surviving-scheme.pdf,0,,pending,True,{},2026-08-20 17:48:17.120689+00:00,2026-08-20 17:48:17.120689+00:00
1bce2468-4a30-4a17-8802-d98d07ee1566,c086dcf3-4a89-4ec9-a476-ed3367406b3c,https://www.icicipruamc.com/banner/campaign/scheme-merger/letter-to-unitholders-merging-schemes.pdf,download,404 Client Error: The requested content does not exist. for url: https://www.icicipruamc.com/banner/campaign/scheme-merger/letter-to-unitholders-merging-schemes.pdf,0,,pending,True,{},2026-08-20 17:48:17.120689+00:00,2026-08-20 17:48:17.120689+00:00
83b48ad5-0652-4885-a1e6-561ec81a64e7,c086dcf3-4a89-4ec9-a476-ed3367406b3c,https://www.icicipruamc.com/banner/campaign/scheme-merger/addendum.pdf,download,404 Client Error: The requested content does not exist. for url: https://www.icicipruamc.com/banner/campaign/scheme-merger/addendum.pdf,0,,pending,True,{},2026-08-20 17:48:17.120689+00:00,2026-08-20 17:48:17.120689+00:00
faa02db2-13a9-4a63-a8c5-991c45325240,c086dcf3-4a89-4ec9-a476-ed3367406b3c,https://www.icicipruamc.com/banner/campaign/scheme-merger/consent-form.pdf,download,404 Client Error: The requested content does not exist. for url: https://www.icicipruamc.com/banner/campaign/scheme-merger/consent-form.pdf,0,,pending,True,{},2026-08-20 17:48:17.120689+00:00,2026-08-20 17:48:17.120689+00:00
0632c510-6464-40f8-b0c5-757f2747aa89,c086dcf3-4a89-4ec9-a476-ed3367406b3c,https://www.icicipruamc.com/pressrelease/Press Release_ICICI Prudential Value Fund completes 22 years.pdf,download,404 Client Error: The requested content does not exist. for url: https://www.icicipruamc.com/pressrelease/Press%20Release_ICICI%20Prudential%20Value%20Fund%20completes%2022%20years.pdf,0,,pending,True,{},2026-08-20 17:48:17.120689+00:00,2026-08-20 17:48:17.120689+00:00
93a788b0-2460-4888-9249-00bb03b7c766,c086dcf3-4a89-4ec9-a476-ed3367406b3c,https://www.icicipruamc.com/pressrelease/Press Release_ICICI Prudential BSE Insurance ETF.pdf,download,404 Client Error: The requested content does not exist. for url: https://www.icicipruamc.com/pressrelease/Press%20Release_ICICI%20Prudential%20BSE%20Insurance%20ETF.pdf,0,,pending,True,{},2026-08-20 17:48:17.120689+00:00,2026-08-20 17:48:17.120689+00:00
2dff4bce-694c-409b-b648-04d19e076a70,c086dcf3-4a89-4ec9-a476-ed3367406b3c,https://www.icicipruamc.com/pressrelease/ICICI Prudential Flexicap Fund completes five years.pdf,download,404 Client Error: The requested content does not exist. for url: https://www.icicipruamc.com/pressrelease/ICICI%20Prudential%20Flexicap%20Fund%20completes%20five%20years.pdf,0,,pending,True,{},2026-08-20 17:48:17.120689+00:00,2026-08-20 17:48:17.120689+00:00
b7902b15-ce92-4466-8206-1faf45688d5c,c086dcf3-4a89-4ec9-a476-ed3367406b3c,https://www.icicipruamc.com/pressrelease/Press Release_ICICI Prudential Balanced Hybrid Fund.pdf,download,404 Client Error: The requested content does not exist. for url: https://www.icicipruamc.com/pressrelease/Press%20Release_ICICI%20Prudential%20Balanced%20Hybrid%20Fund.pdf,0,,pending,True,{},2026-08-20 17:48:17.120689+00:00,2026-08-20 17:48:17.120689+00:00
ced2bfbc-4aad-4451-93d7-a481560fb724,c086dcf3-4a89-4ec9-a476-ed3367406b3c,https://www.icicipruamc.com/pressrelease/Press Release_ ICICI Prudential Multi-Asset Active FOF.pdf,download,404 Client Error: The requested content does not exist. for url: https://www.icicipruamc.com/pressrelease/Press%20Release_%20ICICI%20Prudential%20Multi-Asset%20Active%20FOF.pdf,0,,pending,True,{},2026-08-20 17:48:17.120689+00:00,2026-08-20 17:48:17.120689+00:00
665ee954-a049-4617-8be5-af25857dd715,c086dcf3-4a89-4ec9-a476-ed3367406b3c,https://www.icicipruamc.com/pressrelease/Press Release - Nifty Smallcap 250 ETF.pdf,download,404 Client Error: The requested content does not exist. for url: https://www.icicipruamc.com/pressrelease/Press%20Release%20-%20Nifty%20Smallcap%20250%20ETF.pdf,0,,pending,True,{},2026-08-20 17:48:17.120689+00:00,2026-08-20 17:48:17.120689+00:00
78a9a9ee-fc27-4f53-b7d3-e0fb24a9e3d8,c086dcf3-4a89-4ec9-a476-ed3367406b3c,https://www.icicipruamc.com/pressrelease/Press%20release%20-%20NAV%20Publication.pdf,download,404 Client Error: The requested content does not exist. for url: https://www.icicipruamc.com/pressrelease/Press%20release%20-%20NAV%20Publication.pdf,0,,pending,True,{},2026-08-20 17:48:17.120689+00:00,2026-08-20 17:48:17.120689+00:00
1cc4094a-a28a-473d-8b4d-f74927080051,c086dcf3-4a89-4ec9-a476-ed3367406b3c,https://www.icicipruamc.com/pressrelease/Press%20release%20-Notice%20to%20the%20unit-holders%20of%20ICICI%20Prudential%20Mutual%20Fund.pdf,download,404 Client Error: The requested content does not exist. for url: https://www.icicipruamc.com/pressrelease/Press%20release%20-Notice%20to%20the%20unit-holders%20of%20ICICI%20Prudential%20Mutual%20Fund.pdf,0,,pending,True,{},2026-08-20 17:48:17.120689+00:00,2026-08-20 17:48:17.120689+00:00
40eecbe1-216e-407e-8e1e-79073aa7c858,c086dcf3-4a89-4ec9-a476-ed3367406b3c,https://www.icicipruamc.com/pressrelease/Press Release_ICICI Prudential Diversified Equity All Cap Active FOF NFO.pdf,download,404 Client Error: The requested content does not exist. for url: https://www.icicipruamc.com/pressrelease/Press%20Release_ICICI%20Prudential%20Diversified%20Equity%20All%20Cap%20Active%20FOF%20NFO.pdf,0,,pending,True,{},2026-08-20 17:48:17.120689+00:00,2026-08-20 17:48:17.120689+00:00
c0976f58-e3a6-4f91-b33d-dee1cd75a18f,c086dcf3-4a89-4ec9-a476-ed3367406b3c,https://www.icicipruamc.com/pressrelease/Press Release_ICICI Prudential India Opportunities Fund completes 7 years.pdf,download,404 Client Error: The requested content does not exist. for url: https://www.icicipruamc.com/pressrelease/Press%20Release_ICICI%20Prudential%20India%20Opportunities%20Fund%20completes%207%20years.pdf,0,,pending,True,{},2026-08-20 17:48:17.120689+00:00,2026-08-20 17:48:17.120689+00:00
10246988-097c-4700-b5b8-25b121ab3410,c086dcf3-4a89-4ec9-a476-ed3367406b3c,https://www.icicipruamc.com/pressrelease/Press Release_ICICI Prudential Conglomerate Fund NFO.pdf,download,404 Client Error: The requested content does not exist. for url: https://www.icicipruamc.com/pressrelease/Press%20Release_ICICI%20Prudential%20Conglomerate%20Fund%20NFO.pdf,0,,pending,True,{},2026-08-20 17:48:17.120689+00:00,2026-08-20 17:48:17.120689+00:00
3358b005-0b91-4eb9-93f7-8d5054b919d0,c086dcf3-4a89-4ec9-a476-ed3367406b3c,https://www.icicipruamc.com/pressrelease/Press Release_ICICI Prudential Business Cycle Fund completes Five Years.pdf,download,404 Client Error: The requested content does not exist. for url: https://www.icicipruamc.com/pressrelease/Press%20Release_ICICI%20Prudential%20Business%20Cycle%20Fund%20completes%20Five%20Years.pdf,0,,pending,True,{},2026-08-20 17:48:17.120689+00:00,2026-08-20 17:48:17.120689+00:00
17a19a72-9445-4054-ad65-ecba486b387a,c086dcf3-4a89-4ec9-a476-ed3367406b3c,https://www.icicipruamc.com/announcements/ICICI_014_Fortnightly portfolio Notice_19 August 2026.pdf,download,404 Client Error: The requested content does not exist. for url: https://www.icicipruamc.com/announcements/ICICI_014_Fortnightly%20portfolio%20Notice_19%20August%202026.pdf,0,,pending,True,{},2026-08-20 17:48:17.120689+00:00,2026-08-20 17:48:17.120689+00:00
de047274-3676-4c52-b504-7f49b4300e82,c086dcf3-4a89-4ec9-a476-ed3367406b3c,https://www.icicipruamc.com/announcements/ICICI_013_Addendum final_19 August 2026.pdf,download,404 Client Error: The requested content does not exist. for url: https://www.icicipruamc.com/announcements/ICICI_013_Addendum%20final_19%20August%202026.pdf,0,,pending,True,{},2026-08-20 17:48:17.120689+00:00,2026-08-20 17:48:17.120689+00:00
44d6c990-4b14-4d34-89d6-72e043e9f25c,c086dcf3-4a89-4ec9-a476-ed3367406b3c,https://www.icicipruamc.com/announcements/ICICI_012_Change in address of OPAT AMC Chennai_17 August 2026.pdf,download,404 Client Error: The requested content does not exist. for url: https://www.icicipruamc.com/announcements/ICICI_012_Change%20in%20address%20of%20OPAT%20AMC%20Chennai_17%20August%202026.pdf,0,,pending,True,{},2026-08-20 17:48:17.120689+00:00,2026-08-20 17:48:17.120689+00:00
84919808-2193-4da3-b402-5a1ad6d51443,c086dcf3-4a89-4ec9-a476-ed3367406b3c,https://www.icicipruamc.com/announcements/ICICI_011_Notice-cum-addendum_12 August 2026.pdf,download,404 Client Error: The requested content does not exist. for url: https://www.icicipruamc.com/announcements/ICICI_011_Notice-cum-addendum_12%20August%202026.pdf,0,,pending,True,{},2026-08-20 17:48:17.120689+00:00,2026-08-20 17:48:17.120689+00:00
459b3cb1-6728-487c-958d-6444d4e0aba3,c086dcf3-4a89-4ec9-a476-ed3367406b3c,https://www.icicipruamc.com/announcements/ICICI_009_Monthly portfolio Notice_10 August 2026.pdf,download,404 Client Error: The requested content does not exist. for url: https://www.icicipruamc.com/announcements/ICICI_009_Monthly%20portfolio%20Notice_10%20August%202026.pdf,0,,pending,True,{},2026-08-20 17:48:17.120689+00:00,2026-08-20 17:48:17.120689+00:00
a384fcab-0496-430d-9c03-0f58104546dd,c086dcf3-4a89-4ec9-a476-ed3367406b3c,https://www.icicipruamc.com/announcements/ICICI_010_Benchmark Riskometer Addendum_10 August 2026.pdf,download,404 Client Error: The requested content does not exist. for url: https://www.icicipruamc.com/announcements/ICICI_010_Benchmark%20Riskometer%20Addendum_10%20August%202026.pdf,0,,pending,True,{},2026-08-20 17:48:17.120689+00:00,2026-08-20 17:48:17.120689+00:00
5f549465-d229-46cf-a471-d0ab6b7150bd,c086dcf3-4a89-4ec9-a476-ed3367406b3c,https://www.icicipruamc.com/announcements/ICICI_006_Notice - cum- addendum_6 August 2026.pdf,download,404 Client Error: The requested content does not exist. for url: https://www.icicipruamc.com/announcements/ICICI_006_Notice%20-%20cum-%20addendum_6%20August%202026.pdf,0,,pending,True,{},2026-08-20 17:48:17.120689+00:00,2026-08-20 17:48:17.120689+00:00
2e0bd651-5daf-4780-a55d-af49f9d38b14,c086dcf3-4a89-4ec9-a476-ed3367406b3c,https://www.icicipruamc.com/announcements/ICICI_007_MF Riskometer Addendum_7 August 2026.pdf,download,404 Client Error: The requested content does not exist. for url: https://www.icicipruamc.com/announcements/ICICI_007_MF%20Riskometer%20Addendum_7%20August%202026.pdf,0,,pending,True,{},2026-08-20 17:48:17.120689+00:00,2026-08-20 17:48:17.120689+00:00
247e59eb-1030-44e3-ab36-207511e0d378,c086dcf3-4a89-4ec9-a476-ed3367406b3c,https://www.icicipruamc.com/announcements/ICICI_004_Fortnightly portfolio Notice_5 August 2026.pdf,download,404 Client Error: The requested content does not exist. for url: https://www.icicipruamc.com/announcements/ICICI_004_Fortnightly%20portfolio%20Notice_5%20August%202026.pdf,0,,pending,True,{},2026-08-20 17:48:17.120689+00:00,2026-08-20 17:48:17.120689+00:00
03912c5e-667a-47a0-8172-3d3379d3294d,c086dcf3-4a89-4ec9-a476-ed3367406b3c,https://www.icicipruamc.com/announcements/ICICI_005_IDCW Notice_5 August 2026.pdf,download,404 Client Error: The requested content does not exist. for url: https://www.icicipruamc.com/announcements/ICICI_005_IDCW%20Notice_5%20August%202026.pdf,0,,pending,True,{},2026-08-20 17:48:17.120689+00:00,2026-08-20 17:48:17.120689+00:00
ffcd2950-1dc4-4973-a361-ef498e04c0d6,c086dcf3-4a89-4ec9-a476-ed3367406b3c,https://www.icicipruamc.com/announcements/ICICI_003_Notice-cum-addendum for change in the PRC_4 August 2026.pdf,download,404 Client Error: The requested content does not exist. for url: https://www.icicipruamc.com/announcements/ICICI_003_Notice-cum-addendum%20for%20change%20in%20the%20PRC_4%20August%202026.pdf,0,,pending,True,{},2026-08-20 17:48:17.120689+00:00,2026-08-20 17:48:17.120689+00:00
3e5d6c84-ad3f-41d4-b591-d2dfef1c0b68,c086dcf3-4a89-4ec9-a476-ed3367406b3c,https://www.icicipruamc.com/announcements/ICICI_002_Notice cum Addendum_to SAI_4 August 2026.pdf,download,404 Client Error: The requested content does not exist. for url: https://www.icicipruamc.com/announcements/ICICI_002_Notice%20cum%20Addendum_to%20SAI_4%20August%202026.pdf,0,,pending,True,{},2026-08-20 17:48:17.120689+00:00,2026-08-20 17:48:17.120689+00:00
