holding_id,snapshot_id,security_name,isin,pct
ad460326-8a0b-4c26-b99a-5d99dd1be424,1afbd610-f4eb-4d17-83c6-a9a55a44a499,Units of an Alternative Investment Fund (AIF),,0.327752
44d4490f-22f5-4c2e-bad3-44e6974dcadf,cd1ac2ac-144f-49e8-8eec-08bd6e94de30,Equity & Equity Related Instruments,,4.999925
76af0607-f795-42e7-84c1-70a804ac1266,cd1ac2ac-144f-49e8-8eec-08bd6e94de30,Units of Real Estate Investment Trust (REITs),,4.999925
6a9f440c-1a00-4a32-97ae-f4e11522311b,cd1ac2ac-144f-49e8-8eec-08bd6e94de30,Units of an Alternative Investment Fund (AIF),,0.368846
8f841faf-c61f-4046-a27a-9577b2b12570,a03cf20e-9208-49a1-8b38-779cab341be0,Units of an Alternative Investment Fund (AIF),,0.369636
bc64994c-679f-45a6-b644-f8c9556e6200,e2abf388-13ac-4624-9b4f-fb39054ca13c,Units of an Alternative Investment Fund (AIF),,0.234192
b9bd90a2-5731-49b9-b4a0-1091204f610a,e7f1ddf3-c437-4c3f-8a0b-9cc4cd068ad7,Units of an Alternative Investment Fund (AIF),,0.396356
a713c98d-eeb2-4ce8-be9d-1a4f11b106bc,4cdf0151-0148-4d19-9549-d0b86d87221d,Equity & Equity Related Instruments,,4.944648
3f63a5f2-a427-4dde-b1d1-c6e310539270,4cdf0151-0148-4d19-9549-d0b86d87221d,Units of Real Estate Investment Trust (REITs),,4.944648
02fdc8f0-4807-4d7c-bd6d-686f1f5953f2,4cdf0151-0148-4d19-9549-d0b86d87221d,Units of an Alternative Investment Fund (AIF),,0.348954
c2201d70-969f-4bb7-8b2a-2474d07120c8,2094b2f3-5a8a-43d1-b470-7db60cc5d880,Units of an Alternative Investment Fund (AIF),,0.349975
190a7298-6e50-4c0c-ae80-727e23f0447c,d624b4dd-89f7-4a41-bd69-2d395ec70f5d,Units of an Alternative Investment Fund (AIF),,0.245973
9ab0b62e-8e81-4c81-b3fe-137b3ebe014a,dcbbafb8-8442-48b9-8daa-175d49e8bd44,Equity & Equity Related Instruments,,23.823551
2d6dbfe6-50f6-4308-abdb-6c399822d6e6,dcbbafb8-8442-48b9-8daa-175d49e8bd44,Units of Real Estate Investment Trust (REITs),,0.572367
2eac18c9-a3e9-40d3-94a1-28a15463a1ab,dcbbafb8-8442-48b9-8daa-175d49e8bd44,Units of an Alternative Investment Fund (AIF),,0.29797
cec4c183-292d-4d0d-a3d5-805266df0caa,9cf6ff02-411c-4639-b01b-ec38c1a8ec27,Equity & Equity Related Instruments,,23.539926
73358034-5dbf-4b74-8590-5aab62e45877,1cd04d8e-c9a7-4a20-a0f0-a7247650e0be,Units of an Alternative Investment Fund (AIF),,0.404745
369b8c90-5b1a-4f28-8031-ca7e1dfbcd8a,66722b2d-47e6-4b9d-9077-690e37c7e069,Units of an Alternative Investment Fund (AIF),,0.327473
6abe48d7-9c3a-4283-b075-88ce5f78b720,36f60612-18d2-4452-97d2-bfd064aa4b62,Units of an Alternative Investment Fund (AIF),,0.308104
eba2b542-c7e3-4f1b-a608-22f76fbbfca6,812a4cd3-cc77-4d84-bb3f-3b199c63fb84,Units of an Alternative Investment Fund (AIF),,0.327717
c38945dd-57e9-41c1-b7e5-1cf0078a8b53,d8a8834f-096f-43da-91fe-f46a0bb92194,Units of an Alternative Investment Fund (AIF),,0.351009
66a0d602-49c5-4b65-9578-4b68ecbf1e17,b33aed83-8de9-4845-a32e-f10501e90efd,Units of an Alternative Investment Fund (AIF),,0.460163
f95ca471-d71d-4630-bd3a-8a24a2b74cb0,7c8dcf52-21e4-409d-918a-a34afa274143,Equity & Equity Related Instruments,,4.912214
6d8abbfe-e339-4009-ad7f-df92f7370d00,31a0e19a-aeb1-4efe-8d0e-7925255f4e29,Units of an Alternative Investment Fund (AIF),,0.325645
b1fb49a5-ec03-4b3d-821b-374afe79db25,ec14bbbd-b9c6-4776-9bc6-695e2817c0e6,Equity & Equity Related Instruments,,4.915759
66507ab6-144c-40a0-a76c-a131a2341b58,ec14bbbd-b9c6-4776-9bc6-695e2817c0e6,Units of Real Estate Investment Trust (REITs),,4.915759
697ff639-574a-4852-96ce-4e1cd4662abe,ec14bbbd-b9c6-4776-9bc6-695e2817c0e6,Units of an Alternative Investment Fund (AIF),,0.370841
f38b6c04-a231-480d-9143-6bbd488788ea,0d1bac0f-251d-4616-80e2-be59350e25af,Units of an Alternative Investment Fund (AIF),,0.417756
478e7ab6-a422-4105-b077-5692ae87d99b,0ab25285-5d93-487e-a178-4918592ef642,Units of an Alternative Investment Fund (AIF),,0.251314
1c4bf967-28f3-415c-ad62-eae11e39b38c,3e7cfb6f-68ff-4bcc-bc69-a8c1f71c4208,Units of an Alternative Investment Fund (AIF),,0.398149
4e41141e-b498-443e-9e31-7fea714b9bf6,be0c5b77-9e34-4a37-9c04-cf8c8c12059e,Equity & Equity Related Instruments,,4.845532
9ef723e2-6c5c-4b30-bd22-c614ae26d76c,be0c5b77-9e34-4a37-9c04-cf8c8c12059e,Units of Real Estate Investment Trust (REITs),,4.845532
0eacadad-18f6-4f70-9608-2e0673891d24,be0c5b77-9e34-4a37-9c04-cf8c8c12059e,Units of an Alternative Investment Fund (AIF),,0.350352
310d659b-d73e-4dc9-a0a9-f76d869d214a,c04836de-552b-47c7-8001-a52775a1785e,Units of an Alternative Investment Fund (AIF),,0.266975
e3258e97-8d2a-4ce1-ae1a-e257cffc8827,00740c1c-d453-4d65-b6bd-9d516970290f,Equity & Equity Related Instruments,,24.12319
95da7499-17f1-4e56-9623-b2a725ccf783,00740c1c-d453-4d65-b6bd-9d516970290f,Units of Real Estate Investment Trust (REITs),,0.599299
28526ddc-390c-4e45-b580-a3237f879957,00740c1c-d453-4d65-b6bd-9d516970290f,Units of an Alternative Investment Fund (AIF),,0.298009
cccce931-565b-4785-aac2-a4604516d003,46213c92-96d2-4685-92ef-e55ef29def87,Equity & Equity Related Instruments,,22.434543
c6ff132d-cd85-4f3e-b0a8-22fc9809434c,0bdbf472-db08-4474-8ea8-eb9d3aa6e74e,Units of an Alternative Investment Fund (AIF),,0.399678
769d444b-dbc7-4973-8688-0f85da5cbfc9,0ddca12e-803d-43b0-8d0d-ce205251b07c,Units of an Alternative Investment Fund (AIF),,0.329326
fb98dae2-bd69-4d7d-8044-183145b777a3,c270ee50-c1be-4915-b444-56e3d3bf9067,Units of an Alternative Investment Fund (AIF),,0.319107
39b35d82-558a-4766-9be9-3e5c8b4fbb87,4b74a33c-c2ff-4caa-a53b-80c5608e27a1,Units of an Alternative Investment Fund (AIF),,0.2672
3e7d44e0-f7de-4b9a-bc87-4efe2155f7d4,fd385805-013f-4f1a-9b51-3683b1a918b9,Units of an Alternative Investment Fund (AIF),,0.328413
49614ddc-136d-44f9-b353-2789c5a58a81,a764dfce-aaea-4066-a1bc-f5e761312160,Units of an Alternative Investment Fund (AIF),,0.350384
96f14c2d-6fc2-4a1d-94ba-32f3d7de797b,adb48cf9-c93a-4f68-8f59-7aa2a3c413f5,Units of an Alternative Investment Fund (AIF),,0.461117
fa4608cb-cd32-48d6-88f9-2ae45a35ebdf,2fb6c459-1c7f-4497-9da6-5500c8e872b5,Equity & Equity Related Instruments,,23.921551
b32f52db-9791-4746-94df-55b04d73d96f,2fb6c459-1c7f-4497-9da6-5500c8e872b5,Units of Real Estate Investment Trust (REITs),,0.714575
5d36d18e-7f48-4f72-a530-4c8e226db30c,2fb6c459-1c7f-4497-9da6-5500c8e872b5,Units of an Alternative Investment Fund (AIF),,0.296696
603ef39b-2372-4339-82d3-1d7ac9d93915,14e71298-dba0-4f0b-8f56-9c57d9dc52ae,Equity & Equity Related Instruments,,21.662894
32a4678a-8aa4-4c05-a10a-6b4dd110b8d5,ea9d8147-cf0d-4b2f-b52a-3c51772bdff3,Units of an Alternative Investment Fund (AIF),,0.401755
c19c89b8-c6c0-476a-af0a-7a51aca18385,9e586f1d-1b8c-40de-b4b5-9dad09f8db87,Units of an Alternative Investment Fund (AIF),,0.33316
2f6755ae-8de0-4420-bc82-588fb2124394,f390d864-0f9a-4aac-931f-b1b74176c72b,Units of an Alternative Investment Fund (AIF),,0.31176
8b829b0e-836a-4cff-a2c6-b0eee01b659f,1881ba2f-6aac-4a52-9f5e-f9c8371b5c90,Units of an Alternative Investment Fund (AIF),,0.326253
90801264-ba2d-47ac-b2c1-d830686c7688,5106491c-b0df-4e25-a128-bc0d5370f6b9,Units of an Alternative Investment Fund (AIF),,0.350796
10064837-6fe0-41a4-926d-12130d792629,4d6c6a64-781e-4d7c-a8ed-1287ee0fd44a,Units of an Alternative Investment Fund (AIF),,0.458782
985bae56-5057-42cd-a603-33509f322a47,d890f448-3dbe-438b-893d-8b0bca92b8a2,Equity & Equity Related Instruments,,23.048599
baf1134b-6d3e-483f-85bf-9cbda5159eb9,83041765-0026-4d4e-b9bd-25e82ae263d1,Units of an Alternative Investment Fund (AIF),,0.326466
f5a9dc05-c7a6-4134-a930-337ac64c448d,bcddfd56-f220-46b8-849a-eb391695dc96,Equity & Equity Related Instruments,,5.178178
5cc45a48-834f-472d-9986-7052683822b2,bcddfd56-f220-46b8-849a-eb391695dc96,Units of Real Estate Investment Trust (REITs),,5.178178
717bc5ec-7833-43bb-be70-4f9ffd4ab25d,bcddfd56-f220-46b8-849a-eb391695dc96,Units of an Alternative Investment Fund (AIF),,0.376062
71c04890-5046-493f-b56b-2894730ba1e0,ea55916d-8892-4883-856a-fa81947ce720,Units of an Alternative Investment Fund (AIF),,0.430704
7d2e5cf0-37b9-4aa0-b47a-6fa8b78f459b,e8fb8c8f-2f7f-41ae-950c-0710f3232c30,Units of an Alternative Investment Fund (AIF),,0.2257
73ef5447-262d-4c94-bc6f-41795ea68e25,2d11f82e-adec-4429-bd0b-074a74f19cb1,Units of an Alternative Investment Fund (AIF),,0.394004
300f2124-3819-4623-9847-d24fb7c6a663,7c8dcf52-21e4-409d-918a-a34afa274143,Units of Real Estate Investment Trust (REITs),,4.912214
f7e52cf3-0743-49b1-87f1-ed58b9141597,7c8dcf52-21e4-409d-918a-a34afa274143,Units of an Alternative Investment Fund (AIF),,0.348903
d13ee2b4-30aa-415a-b04d-24e305888eca,221e459f-adad-4e04-97a9-8127b38aaa48,Equity & Equity Related Instruments,,4.956642
7a171431-31c7-47c8-ac8f-16ed7dd1f0b7,221e459f-adad-4e04-97a9-8127b38aaa48,Units of Real Estate Investment Trust (REITs),,4.956642
a7552bc1-ba8f-4597-9cb3-9104cb58ba48,221e459f-adad-4e04-97a9-8127b38aaa48,Units of an Alternative Investment Fund (AIF),,0.348195
588fce31-d530-4683-8a12-56ea9c4c9de1,9fd2e38f-9846-4a04-ba4f-f9423d6353dd,Units of an Alternative Investment Fund (AIF),,0.296164
7a2040fe-6e17-4316-90a7-ce595e0e4d1a,d890f448-3dbe-438b-893d-8b0bca92b8a2,Units of Real Estate Investment Trust (REITs),,1.1045
4b9bc516-4e20-4b33-a878-1f0ca4de1427,d890f448-3dbe-438b-893d-8b0bca92b8a2,Units of an Alternative Investment Fund (AIF),,0.2975
5f95bb73-b18a-47b5-b4ec-de7ba0953507,c2e1efb7-370b-463b-b0de-f5317ef5d117,Equity & Equity Related Instruments,,20.540736
9d19ff93-b8e7-487c-8e27-56a11f2327dc,faf3b901-7fb8-4bf0-8fe3-944ef0aa071f,Units of an Alternative Investment Fund (AIF),,0.387258
4ab82007-b33a-487e-98ad-9daafe3b6428,bcf72b4b-e55c-473c-bb1e-3c559343650c,Units of an Alternative Investment Fund (AIF),,0.329422
162a6048-955e-484f-a54e-f58821b2c3b7,4e5173a4-3949-4a41-9d6d-6717dbce964e,Units of an Alternative Investment Fund (AIF),,0.367351
6393c305-aa63-40e5-a81e-d3909fd77d58,6615a588-e752-4c95-ad2c-6427d67a3161,Units of an Alternative Investment Fund (AIF),,0.342208
5d51861d-548a-4fee-b1bf-522cbc283214,7468aac9-2bcd-4176-8e4e-d026d1e1e190,Units of an Alternative Investment Fund (AIF),,0.320832
5d25cc1f-e0e1-464e-af90-23fea7ac07c8,761d9f6e-8c8f-4663-aff2-ceb2f151c473,Units of an Alternative Investment Fund (AIF),,0.454879
f1aed7b5-07a2-4a94-b56a-a1a789c67c88,efbf2bbc-4b51-4a3b-b936-b8e5e9673303,Units of an Alternative Investment Fund (AIF),,0.32615
47eb41e2-42e6-4ebc-81d5-afdc2212853e,4e5270ed-dcc5-4d7c-8dee-a4f31b7aab7d,Units of Real Estate Investment Trust (REITs),,5.509663
753d9a8f-154b-44f3-a8bb-8605bc683f2b,4e5270ed-dcc5-4d7c-8dee-a4f31b7aab7d,Units of an Alternative Investment Fund (AIF),,0.375714
deb209f4-bb90-4a63-96fb-b5e012d0a79f,10f3d427-8f0d-4985-8d38-c80ed0eceb23,Units of an Alternative Investment Fund (AIF),,0.439595
4d1c8c5b-bf23-40df-ba50-f9677a7f6155,5fb001ec-1da0-49db-9489-8efc20fe9589,Units of an Alternative Investment Fund (AIF),,0.265076
e7073a93-6c66-4c72-a805-1aef2e58327f,baa02901-03f9-4397-a6e8-587139e0ad5c,Units of an Alternative Investment Fund (AIF),,0.388651
a2c0e65e-b89b-47cf-bf28-ed3638d243e8,839e1c84-24cc-475a-bbd2-2384661c9755,Units of an Alternative Investment Fund (AIF),,0.322333
e74856aa-e345-425d-9626-6cc9e8d90342,9089a6f1-0498-4b5b-9795-d1e33a01d8ab,Equity & Equity Related Instruments,,5.711338
8c0e854e-dd2a-43bb-ad9f-24d1672c2d80,9089a6f1-0498-4b5b-9795-d1e33a01d8ab,Units of Real Estate Investment Trust (REITs),,5.711338
85a1cab6-40a5-4120-ae08-c7436b70ebb1,9089a6f1-0498-4b5b-9795-d1e33a01d8ab,Units of an Alternative Investment Fund (AIF),,0.375871
2ea9fde7-5299-4612-b685-dbe88a83e2da,27ce0443-88cb-4a0c-a4e0-83ece4f8d55b,Units of an Alternative Investment Fund (AIF),,0.447743
6e3cc56d-eb15-412a-a3cf-88d63fd56261,5e488a3d-f278-46f2-975d-b81b2afdab45,Units of an Alternative Investment Fund (AIF),,0.234601
4ef49387-27e1-4225-9854-6d808deaf500,1343c497-4b98-45bc-abad-69b9a52cf686,Units of an Alternative Investment Fund (AIF),,0.390502
62f3ff37-3071-4923-a563-b5f761743143,088a91b9-0596-47d2-aa3b-719eef690847,Equity & Equity Related Instruments,,4.946549
fa74148e-6d56-47bb-9cf5-500eb1a1c9a3,088a91b9-0596-47d2-aa3b-719eef690847,Units of Real Estate Investment Trust (REITs),,4.946549
4b142c99-acc4-48ee-9e59-8b624cd6689d,088a91b9-0596-47d2-aa3b-719eef690847,Units of an Alternative Investment Fund (AIF),,0.348773
65dc56c9-25e8-4702-9aa7-3a378e41c5a0,1db69206-0ecc-44a4-b7ee-56ea5a9e644d,Units of an Alternative Investment Fund (AIF),,0.295063
51423bbe-6081-4aac-a02e-09257d04d78f,28985f02-80e4-4a5f-b54c-a4974d11799c,Units of an Alternative Investment Fund (AIF),,0.45648
0b2f274b-908b-4855-93d3-97380e89781b,a4082ff9-0f4e-4f6a-b40e-7c3fb072f3df,Equity & Equity Related Instruments,,24.276086
fa90e86d-0abe-474c-91f4-6495cf3e57f0,a4082ff9-0f4e-4f6a-b40e-7c3fb072f3df,Units of Real Estate Investment Trust (REITs),,1.090418
1a4c9f6d-bf8d-4222-b6cc-60c498ec7a12,a4082ff9-0f4e-4f6a-b40e-7c3fb072f3df,Units of an Alternative Investment Fund (AIF),,0.298353
2ed6d6a8-fe5b-42e3-93bc-bc1f3cacd0a0,947d68d3-43dc-4195-8d31-f5da2b52e3c3,Equity & Equity Related Instruments,,20.964748
ee3e70dd-eccc-4581-a47a-2ab6789f5fe3,b3433f33-f0b0-40b8-9249-3d3bffe52e04,Units of an Alternative Investment Fund (AIF),,0.323507
46072163-6873-4d67-9587-a3d1e9c3972e,ba21454e-1d9f-4e83-a98b-9760cb8d8c1b,Units of an Alternative Investment Fund (AIF),,0.326105
abe6af6c-6abd-471f-9056-6cf75ece6347,780af6fa-d2f1-4060-8390-695c93461379,Units of an Alternative Investment Fund (AIF),,0.322928
68b93171-5810-450d-adc6-2b926ca87796,aad27759-5340-44cd-bf2e-e9344c47730a,Units of an Alternative Investment Fund (AIF),,0.356003
adad660a-28cc-4ece-9e71-c774ffdea1cd,fb7370a9-93c3-4175-9fda-c02d3318faf2,Equity & Equity Related Instruments,,22.909532
10cc4a34-08e7-45ad-b097-faedcc78e704,fb7370a9-93c3-4175-9fda-c02d3318faf2,Units of Real Estate Investment Trust (REITs),,1.095151
e36a8d0c-91c9-4774-8dc0-125ed6861f0e,fb7370a9-93c3-4175-9fda-c02d3318faf2,Units of an Alternative Investment Fund (AIF),,0.299528
4bf59152-f720-4c13-b3af-29400b11b3e1,be891d6e-bede-4cb7-96c2-b2bb00c2a0c8,Equity & Equity Related Instruments,,21.503925
9a2aaeff-3264-4a00-a674-4e7249e01aa2,4730aca3-2678-4061-8ddf-f5d6fdef6ac5,Units of an Alternative Investment Fund (AIF),,0.331888
980dfd8a-148a-46db-ae16-bd4562d5a6b9,c2cf540d-0b26-4658-a66d-1b3e36abc657,Units of an Alternative Investment Fund (AIF),,0.295483
c5e900da-a5f4-4657-90bf-2efcfc8cf140,d80ae8f5-5486-4936-b727-c279529a5127,Units of an Alternative Investment Fund (AIF),,0.304793
0aa4aead-d20d-43d0-b444-2727de46ff5d,09a9ff33-4804-4fff-97e9-45425803ec32,Units of an Alternative Investment Fund (AIF),,0.313309
df0d342c-9e29-4ab7-9aef-8e7daddc9f44,4bfe59b4-84f5-44da-82d1-17ca8225fa26,Units of an Alternative Investment Fund (AIF),,0.342885
673c009b-1858-4b1a-a8d7-91e95b46b05a,e2071e42-8056-4f46-92dd-2579d1fa5134,Units of an Alternative Investment Fund (AIF),,0.344205
3b6b488d-8fa6-488b-b93f-d0339050bc1d,2d8785c8-b103-46d4-a14a-51e656b8bf7a,Units of an Alternative Investment Fund (AIF),,0.306441
78368906-6a8c-4d38-b585-9325d5e5ac94,ea1a9c70-e894-4c99-b712-c2fd76d6d155,Equity & Equity Related Instruments,,5.927754
15418dc4-3e90-4710-bab5-35a370762645,ea1a9c70-e894-4c99-b712-c2fd76d6d155,Units of Real Estate Investment Trust (REITs),,5.927754
037d5007-5be0-4c8b-9c5f-167fde2b3a8d,ea1a9c70-e894-4c99-b712-c2fd76d6d155,Units of an Alternative Investment Fund (AIF),,0.385979
ac5eeb22-8a1c-45cf-9b24-e33dfbf7a5aa,87eeaaee-7b10-4930-8cab-7e8e692b116c,Units of an Alternative Investment Fund (AIF),,0.462121
aed3a14b-6200-42b5-86a4-a5eb738c4e0a,4c08ed27-d2e4-498f-952b-cc1176317399,Units of an Alternative Investment Fund (AIF),,0.247136
322d56ad-a1ae-4f04-a4a4-ba872886174c,0feb0b91-96de-4b4c-8a3a-8bc5c3c6bb20,Units of an Alternative Investment Fund (AIF),,0.390143
a49e47d4-a54b-4d24-b405-d74d5060a90d,53bf952e-0cab-4f37-b583-69d71b6be02f,Equity & Equity Related Instruments,,4.952086
29671d3a-1d8a-41f5-b748-779bff88fadc,53bf952e-0cab-4f37-b583-69d71b6be02f,Units of Real Estate Investment Trust (REITs),,4.952086
b80b13ba-67c7-4031-9931-1d34092ec2b2,53bf952e-0cab-4f37-b583-69d71b6be02f,Units of an Alternative Investment Fund (AIF),,0.349814
18b29583-9fb9-4246-9f36-586f94da974e,a13045f9-a79f-451a-86dc-e71c5341d9d6,Units of an Alternative Investment Fund (AIF),,0.301379
50aacd30-b7d3-4ffe-894a-4ba5e711a967,ce795584-9008-4123-8a30-2c32e13417dc,Units of an Alternative Investment Fund (AIF),,0.464534
f2acb241-70a3-4e67-8d86-673f30dc6b50,f90563aa-3917-4f4a-9b47-e1a8b99ad98c,Units of an Alternative Investment Fund (AIF),,0.257557
5c71e77e-6653-43a1-8fe3-6ec45f5d108d,a8963c5d-1930-45ac-bc4f-9d185b410901,Units of an Alternative Investment Fund (AIF),,0.388291
c84d4ee8-0e83-4b52-9394-67492e56a364,31b0a4d2-d7b9-4cc9-bc8b-6db0adb48781,Equity & Equity Related Instruments,,4.87939
5e7fd7a1-5924-4a3b-8a33-625c13064989,31b0a4d2-d7b9-4cc9-bc8b-6db0adb48781,Units of Real Estate Investment Trust (REITs),,4.87939
b8e48d46-f3c6-4ead-a2cf-59f6c89e692d,31b0a4d2-d7b9-4cc9-bc8b-6db0adb48781,Units of an Alternative Investment Fund (AIF),,0.3473
af106ea2-73bb-4eed-8290-bc62294f0be6,1e537f86-7506-4b20-85c6-5c6bd582c778,Units of an Alternative Investment Fund (AIF),,0.292397
f12bea94-91e5-4170-a33d-370a54e1a70f,bc438cab-df87-47a3-8f4e-540aa747a3af,Equity & Equity Related Instruments,,23.329336
1b550f33-631c-4d08-930b-f7bda12f7120,bc438cab-df87-47a3-8f4e-540aa747a3af,Units of Real Estate Investment Trust (REITs),,1.090856
9a2a5528-3bf2-4700-9a04-6739d12ec7f9,bc438cab-df87-47a3-8f4e-540aa747a3af,Units of an Alternative Investment Fund (AIF),,0.299936
bb531ac5-5814-453d-b7c4-bcdf7f86152c,0ac649fc-965c-470f-a687-3d4f8dad3e43,Equity & Equity Related Instruments,,20.427224
a36acdb3-da18-4e7d-b3fc-154d40248091,0d66af3e-11f2-4745-ab5f-b4c38c202405,Units of an Alternative Investment Fund (AIF),,0.310877
49b50916-a787-4279-85d6-bf0d936ba2d3,71962331-e82a-4d97-9cde-e3bf14ae5b6a,Units of an Alternative Investment Fund (AIF),,0.290399
027aedaf-fb6e-4777-8c43-f29a39795529,303770e4-74f4-4f4c-9e89-d0ab3bafd01f,Units of an Alternative Investment Fund (AIF),,0.298614
57a16019-00d5-4adf-9b27-b03cee8fb98e,2a0a445d-88fa-418e-a241-e0a8f991a947,Units of an Alternative Investment Fund (AIF),,0.310832
55262f1c-c3bd-45e3-9388-f625a75df504,f7d9748b-ac0b-4cbb-8aba-4b6195a24776,Units of an Alternative Investment Fund (AIF),,0.338359
1aa2dd86-b44e-4fd4-8d9c-98980ed5de07,645ed815-af76-447e-a056-f3ea7c29af8c,Units of an Alternative Investment Fund (AIF),,0.335384
4505a67e-860a-488f-8d59-4dbebaaa49ae,928b5ddf-36f0-4613-86dd-eca77d155a94,Units of an Alternative Investment Fund (AIF),,0.29735
15a94edf-2f82-4492-bc86-f99902a8b7a0,c7791b0d-86fd-48a1-90e8-df027f6b24a6,Equity & Equity Related Instruments,,5.938686
42a15a86-7fae-4d9e-9f6a-5de9872ab57d,c7791b0d-86fd-48a1-90e8-df027f6b24a6,Units of Real Estate Investment Trust (REITs),,5.938686
05df1ef7-00df-483f-89fe-62f703870b76,c7791b0d-86fd-48a1-90e8-df027f6b24a6,Units of an Alternative Investment Fund (AIF),,0.385609
f42748d0-0cea-413a-80a4-fad44e6f6be1,70654eaf-d17f-4c1f-90b2-e5b62ab7d413,Units of an Alternative Investment Fund (AIF),,0.296652
55c522df-c90f-4c04-9b55-1d3a481a8597,4d0c0519-0667-4605-b05c-5da966b5ff46,Equity & Equity Related Instruments,,6.012726
b46e6901-1ac6-439c-b509-191f9ab68422,4d0c0519-0667-4605-b05c-5da966b5ff46,Units of Real Estate Investment Trust (REITs),,6.012726
919c3f38-c18e-43bb-abd3-39af9c4109a1,4d0c0519-0667-4605-b05c-5da966b5ff46,Units of an Alternative Investment Fund (AIF),,0.385708
fff8c89c-bb01-48fd-8afb-9f28b81b1ca6,66a7f267-48ad-4912-ac39-f15c1061a409,Units of an Alternative Investment Fund (AIF),,0.465283
5b2bef51-d219-417c-ab55-2372da14f2f2,85de1c92-0fd8-4485-a2df-f67900a3c206,Units of an Alternative Investment Fund (AIF),,0.261932
88c6b00d-3d0d-4de9-9a50-ab1402ce288f,0b001522-0b7a-4b43-a310-a42930a3beee,Units of an Alternative Investment Fund (AIF),,0.389273
c6635d20-0c88-453e-8286-736f120a843b,fe8699d7-26ca-4d14-8db5-dadb75986d37,Equity & Equity Related Instruments,,4.930492
5062de39-ad5c-4de9-b63f-dfb9b07587d5,fe8699d7-26ca-4d14-8db5-dadb75986d37,Units of Real Estate Investment Trust (REITs),,4.930492
528d0d17-4e8c-487e-9217-238df167ba7b,fe8699d7-26ca-4d14-8db5-dadb75986d37,Units of an Alternative Investment Fund (AIF),,0.346816
ae42229e-6337-4383-a0f2-0454c913fee4,24b64332-4132-43bc-b052-1b60d893fce4,Units of an Alternative Investment Fund (AIF),,0.278674
91449412-867b-42f5-ad9b-7c48b2ee87dc,3e516cb5-698b-4f84-9591-b1025b2e40d6,Equity & Equity Related Instruments,,22.657829
1acc2389-c2b6-4c38-8d75-c610d5788d8d,3e516cb5-698b-4f84-9591-b1025b2e40d6,Units of Real Estate Investment Trust (REITs),,1.105271
105cb4b1-2eab-4846-84eb-83b2739896b8,3e516cb5-698b-4f84-9591-b1025b2e40d6,Units of an Alternative Investment Fund (AIF),,0.299759
6b77d6e3-8162-4160-9713-2e0904eb4876,2e5c3dc0-368a-4986-8da4-2b5218073cfa,Equity & Equity Related Instruments,,20.682863
dc35baa1-063b-452e-afcd-df0698fd4a6f,a7402020-9df0-4ebd-8e97-561604a3f07b,Units of an Alternative Investment Fund (AIF),,0.309148
a8cd8d43-9ea2-4f85-8ba2-789262a640d1,7cbbcb70-6b10-4c03-997b-407da75a7c91,Units of an Alternative Investment Fund (AIF),,0.291506
46d90e68-11bd-4892-ba88-e7063d941f8c,2c500c08-517f-4cd6-a894-1445c723d18f,Units of an Alternative Investment Fund (AIF),,0.305215
1bb10d82-c89f-4c5e-90f2-ea6c2138e0f9,aaf00953-c796-43c6-a6c2-6114d7cb1b17,Units of an Alternative Investment Fund (AIF),,0.308779
08630b75-f6c7-45aa-a9f0-6dfd52e44bf5,e2d0ba1f-5f1d-4b8c-8027-d122ca8463c7,Units of an Alternative Investment Fund (AIF),,0.334276
ca3fc54e-68f7-4ae8-8ebf-86e515fb83da,7f671812-dbb2-407f-89e0-dfd92a681131,Units of an Alternative Investment Fund (AIF),,0.333888
0ad95400-2d2c-4c39-aded-db86d5b211d4,e64c4bb1-2f23-4e52-9961-f51bfbcf9642,Units of an Alternative Investment Fund (AIF),,0.294709
077b51ce-5850-4bb9-b0f5-233665e6ee56,1013710b-cf7a-4d23-9086-6ff68229be89,Equity & Equity Related Instruments,,6.406631
c674c21c-5ed8-48ef-84eb-c667c3ab46c6,1013710b-cf7a-4d23-9086-6ff68229be89,Units of Real Estate Investment Trust (REITs),,6.406631
b1e18ead-9da5-4ddd-8ec9-e7cfc54a3caa,1013710b-cf7a-4d23-9086-6ff68229be89,Units of an Alternative Investment Fund (AIF),,0.39309
5e31c1a0-d1c8-4b66-b1eb-36d0fcfcf6e7,61579e94-4163-4b16-9eb0-1e4ef5123e65,Units of an Alternative Investment Fund (AIF),,0.477041
45123c89-3bfd-4c87-bce1-03442d414827,c3fb088d-c0be-453f-b448-b057b8bc600d,Units of an Alternative Investment Fund (AIF),,0.232552
b1d57661-677e-4c6b-a3d1-4c6e87205590,c370b9db-9d09-49b1-aa9d-03ce09d7d287,Units of an Alternative Investment Fund (AIF),,0.365281
13921d19-cbcc-4f1f-9d96-07e51e4aed8b,bf3ea8b2-f8fb-4b30-827f-509addf4d9ee,Equity & Equity Related Instruments,,5.126379
3d053430-8ad4-4081-872b-82d12a84d42a,bf3ea8b2-f8fb-4b30-827f-509addf4d9ee,Units of Real Estate Investment Trust (REITs),,5.126379
41e66a53-3cee-40f1-a5a6-99fe029e5302,bf3ea8b2-f8fb-4b30-827f-509addf4d9ee,Units of an Alternative Investment Fund (AIF),,0.344156
e4cc1941-1bc0-45a0-9f63-46b890da4744,aa25e2c0-0bae-4e33-a838-7435c1ce85e9,Units of an Alternative Investment Fund (AIF),,0.277927
33b31ee1-7941-4eb2-8aaf-3e295651a1af,7f541c3b-85ef-44d5-b255-dd55f72a886b,Equity & Equity Related Instruments,,24.377774
6d65ee7c-4932-46ea-a8d5-5b863593f2fc,7f541c3b-85ef-44d5-b255-dd55f72a886b,Units of Real Estate Investment Trust (REITs),,1.134954
b453bceb-2b45-4eaa-95f5-3c4d18262e22,7f541c3b-85ef-44d5-b255-dd55f72a886b,Units of an Alternative Investment Fund (AIF),,0.297905
8fe279ef-8b63-40cb-acef-cd739c94dbba,2d802037-2862-4807-9b05-b76e592c3731,Equity & Equity Related Instruments,,21.477108
f99997d5-8518-4195-ba9e-7457d4fc9a0f,e85839d7-b6de-4936-92d9-a8e64d2cc7e4,Units of an Alternative Investment Fund (AIF),,0.302051
be30a7cd-a898-4756-8799-2b51db5134b5,3353bb5c-3999-472e-a074-b00430fb2236,Units of an Alternative Investment Fund (AIF),,0.290791
572dccb3-eefb-4668-83b9-2c6f8e245e85,c18cc7b2-7d46-4f09-899e-e6ec0a71f895,Units of an Alternative Investment Fund (AIF),,0.317475
d52c0576-0bb5-4934-88eb-17e5c3a100a5,711f46bb-8fc2-483a-be11-0ac12efdb381,Units of an Alternative Investment Fund (AIF),,0.305844
ed81c5d4-0e88-463f-a09e-116c1bdf647a,3d7c87ab-66b0-4d80-bbc6-734d98c0394b,Units of an Alternative Investment Fund (AIF),,0.332664
cd1ffee0-4d08-4364-b415-f7078e358c84,f518421c-7206-4b7e-b9a0-cb487eb6eda3,Units of an Alternative Investment Fund (AIF),,0.331322
443d81db-cc6f-4fc5-988b-eb1804570b56,74569dd9-610f-4890-9a33-c5d96c475c8f,Equity & Equity Related Instruments,,6.012726
0e2d2383-76e5-458a-93a2-7409cba0496b,e140d848-3ad8-4b89-9419-425d9d72b4ef,Units of an Alternative Investment Fund (AIF),,0.492609
d7d17723-5778-4d89-b625-f5b005f2f5ef,12ea2be4-6df9-4f37-9892-032dee2bb4c6,Units of an Alternative Investment Fund (AIF),,0.332039
6cc4504a-e94b-4263-9826-320d5fd30fad,07d425ca-5e8f-4133-be29-56487a1e0858,Units of an Alternative Investment Fund (AIF),,0.367405
69c43a3d-1712-4cbe-8e00-e24e9aafffee,d6b4bd08-5122-4dfb-8b5a-7db281469651,Units of Real Estate Investment Trust (REITs),,4.878336
827c19d3-ec90-429c-bbfc-ae2978d68875,d6b4bd08-5122-4dfb-8b5a-7db281469651,Units of an Alternative Investment Fund (AIF),,0.340954
36a46856-4595-4385-a9ca-5063d2750051,2ca1b458-7314-4216-9155-52747a329995,Units of an Alternative Investment Fund (AIF),,0.285603
f5c82c51-084f-4fb7-9936-5aa8c80f2098,0966a435-ba15-4b6b-a900-00c74daad508,Equity & Equity Related Instruments,,23.227167
a34e4eec-4980-4f65-b69d-c122f218e534,0966a435-ba15-4b6b-a900-00c74daad508,Units of Real Estate Investment Trust (REITs),,1.186536
8ecabc75-9d51-4fdc-8cb4-8732852e7998,0966a435-ba15-4b6b-a900-00c74daad508,Units of an Alternative Investment Fund (AIF),,0.304208
d2362b4f-6838-4c92-bdae-6bfbf8d6d414,e3071ff8-b9bd-4059-b5d3-9d78399a20d9,Equity & Equity Related Instruments,,19.773033
2d1a310d-4d83-484d-82e2-5e2aa60ed50f,f50d966c-faed-4c97-bbda-2ae24ef1e4ab,Units of an Alternative Investment Fund (AIF),,0.319558
c21620df-092b-4277-99be-0ab93cb495ba,6cd32567-42f4-4cde-be34-bf771c3b7891,Units of an Alternative Investment Fund (AIF),,0.300725
71177151-612c-4f3c-b9de-6c3670416667,ce635c1e-dddb-498f-b7d2-4751b5e1723d,Units of an Alternative Investment Fund (AIF),,0.355198
1d168fb9-55eb-4c5a-b4cc-ec811fa1216a,e796887c-9360-4567-a477-29a79388da1a,Units of an Alternative Investment Fund (AIF),,0.305075
d044d466-1f9d-4e10-ab10-3e9644dccb7f,27e4816a-b8ca-4df3-bec2-26409d8d523d,Units of an Alternative Investment Fund (AIF),,0.333885
c8b79c7b-33b8-4f42-ae86-ac2a56740572,4c01030e-ed81-4318-b05c-37e8382ab93a,Units of an Alternative Investment Fund (AIF),,0.332447
f3214da0-3c83-44b4-9244-5fcaa0047045,ab05f386-1f24-4278-a4b1-d0fd3e693981,Units of an Alternative Investment Fund (AIF),,0.319309
70b780d9-85cc-4c6c-b90e-f30b7efc7a01,fd4ad9ab-969a-4c4a-9d5c-af517dd4edfe,Units of Real Estate Investment Trust (REITs),,6.170846
03ab9c3e-e5a3-4532-93c9-8602505e5b39,fd4ad9ab-969a-4c4a-9d5c-af517dd4edfe,Units of an Alternative Investment Fund (AIF),,0.394054
15f8c347-e5e5-49c4-8339-79dbe5039282,e3e37018-06fe-49fb-97ec-41708bee52d5,Units of an Alternative Investment Fund (AIF),,0.323696
0e3b4706-6ca8-4291-9ed6-4bac0c346337,41f6de84-9f10-4c1a-aafa-b4a5b751cebf,Units of an Alternative Investment Fund (AIF),,0.303812
e9ba2ccf-5805-4c51-a2d8-5ba5e473fcf3,70741bc0-bb4d-45fb-a752-bf80b161c34a,Units of Real Estate Investment Trust (REITs),,6.20148
31881115-0a5f-4ec1-afca-825996d381f7,70741bc0-bb4d-45fb-a752-bf80b161c34a,Units of an Alternative Investment Fund (AIF),,0.390025
55436238-0d0d-42fd-808d-ecbd80748f15,820803d8-3f9c-4667-8979-1eb4c07b1fb2,Units of an Alternative Investment Fund (AIF),,0.480086
16cb7efa-d36b-4564-8aeb-5b16697ee3b6,79d0c9bd-d101-4726-a1bd-a41494793898,Units of an Alternative Investment Fund (AIF),,0.26903
9bbafb59-2f90-415c-82cd-3cd8746f4930,0ea37abf-cc22-4fdf-9d5c-97b26d054bb5,Units of an Alternative Investment Fund (AIF),,0.344497
2c4a8377-fd77-4b8d-816f-1a04ae6568c5,197865a6-c8e5-4141-b9bc-5a3c5461b922,Units of Real Estate Investment Trust (REITs),,4.879288
e9382fca-feca-423b-aec3-0458fdf6fa00,197865a6-c8e5-4141-b9bc-5a3c5461b922,Units of an Alternative Investment Fund (AIF),,0.335113
4ee50c3c-70db-4517-844e-2a5a14161a71,43a8d88c-a6cd-4be3-bc67-809f0ac01dd6,Units of an Alternative Investment Fund (AIF),,0.280936
34a6c9b7-9733-48c8-9325-7f53266e2896,de375279-1b3e-4b97-8094-838727fa0816,Equity & Equity Related Instruments,,23.311519
61cf86d3-f4e3-493a-979c-3ba094b1ee46,de375279-1b3e-4b97-8094-838727fa0816,Units of Real Estate Investment Trust (REITs),,1.181712
438448b0-e491-480b-9d9c-66f71fa14a4c,de375279-1b3e-4b97-8094-838727fa0816,Units of an Alternative Investment Fund (AIF),,0.299512
193cfc94-8146-45b9-9cf6-5aa31370615c,850362fd-3811-48b5-9445-f9db63305c26,Equity & Equity Related Instruments,,20.009972
bf7aba38-af17-4538-83b8-8c2fbf5806f7,e002ad48-6022-4ed6-946b-b89bfd5c835d,Units of an Alternative Investment Fund (AIF),,0.315775
c4b14d3f-2d90-497e-a179-cba8b4c8d051,a426bd66-2924-4b92-97e0-0cce20313f74,Units of an Alternative Investment Fund (AIF),,0.288871
d23a526c-7039-4c35-9504-e6b13fd60aef,07982967-4b88-41ed-b2aa-6ad45c643386,Units of an Alternative Investment Fund (AIF),,0.324311
75574eaf-9511-4275-929b-1f133c6266ea,c23f835c-62d0-4fa9-9fb7-079177c4e580,Units of an Alternative Investment Fund (AIF),,0.294082
fb0d0880-5480-413b-8e07-3b4dc5ae701f,015cfdd4-ca5f-494a-a73b-d2f5f6f88401,Units of an Alternative Investment Fund (AIF),,0.326859
16745ae4-35a3-44c4-b007-77e43572f590,05a5a7a5-496d-4755-b9e4-de34822b2c80,Units of an Alternative Investment Fund (AIF),,0.289573
07737aa4-d6c7-4555-aa83-a0a32a81285e,d252294c-1246-40a6-89ae-2d090db68aec,Units of Real Estate Investment Trust (REITs),,6.299023
061a398b-99e0-4b96-a1e7-02581fbb8943,d252294c-1246-40a6-89ae-2d090db68aec,Units of an Alternative Investment Fund (AIF),,0.385747
addc1036-04a4-4c46-b3cb-60eba40d2011,94ae140a-53a2-4bad-91d4-c07bf8a3ea9c,Units of an Alternative Investment Fund (AIF),,0.465199
9f40ae4a-3a93-4ef6-a7d5-88e8b852d322,4439b426-5d7d-4990-a41f-cd6936548b77,Units of an Alternative Investment Fund (AIF),,0.264382
8c9891cd-280e-421d-ad95-2de98c381e0c,1f8a24f9-15c2-4223-b090-4ed8007b6865,Units of an Alternative Investment Fund (AIF),,0.336423
131572b1-7807-45a1-9670-54ab0c761036,e59e62a1-3c9e-4d54-9f94-bc959c211689,Units of Real Estate Investment Trust (REITs),,5.042008
bb5ff195-91a4-4a7d-b4bd-2d303a2393cc,e59e62a1-3c9e-4d54-9f94-bc959c211689,Units of an Alternative Investment Fund (AIF),,0.330677
d054e4fc-6adc-4836-8ca1-2fcda6dfbfd5,fb183185-a706-4c3c-8917-1e8d07f1773e,Units of an Alternative Investment Fund (AIF),,0.256246
6fa0699c-9d70-474c-ab4d-56c96c0cdbe2,e4df8765-5e63-492f-b377-dba57b8119ab,Equity & Equity Related Instruments,,23.108628
47663d89-522f-4329-8943-8d22ef59def4,e4df8765-5e63-492f-b377-dba57b8119ab,Units of Real Estate Investment Trust (REITs),,1.171975
7019f7c5-463a-4731-92ef-2eea2a332c27,e4df8765-5e63-492f-b377-dba57b8119ab,Units of an Alternative Investment Fund (AIF),,0.292968
c6750af0-750e-4efd-87ad-cf7922e9fd38,5a0f5a5d-ab06-44f6-8717-d682933b0ce2,Equity & Equity Related Instruments,,21.629282
f0d8172e-454a-4bca-b576-1edc59aae013,128aa7eb-f444-4afe-aadc-bf2a19ff6888,Units of an Alternative Investment Fund (AIF),,0.271739
107f4024-7e44-4f02-81e5-14dcb0c1f15d,9efb4aa7-c86f-4fa2-87f5-14e57927b16b,Units of an Alternative Investment Fund (AIF),,0.271619
83b26501-7a25-4f3d-aba8-97242833b758,065be8e8-e5f1-40b6-b816-ba92a02177b2,Units of an Alternative Investment Fund (AIF),,0.287014
885248f0-240c-448d-bb8a-459dcd370544,a9766f47-9627-409a-b3d1-d71e9939aa63,Units of an Alternative Investment Fund (AIF),,0.287124
f60baafb-0f45-4b7c-a645-127694f1f148,92b8edeb-78d5-48c1-95da-1565232761c2,Units of an Alternative Investment Fund (AIF),,0.31977
675cc05f-f624-416e-9187-7fd9ee24634c,90982757-26e6-4926-89ff-4c73bdc50e0d,Units of an Alternative Investment Fund (AIF),,0.307303
72ef331f-9474-47e6-a5ed-e2613671805e,e1d9dff7-fa22-4025-b301-8400bfa12339,Units of an Alternative Investment Fund (AIF),,0.289049
1c9313f8-8df4-4461-a1f1-42721adec89d,8f956609-f15f-4a37-807f-9e9969d90442,Units of Real Estate Investment Trust (REITs),,6.68878
3b51ebd0-ee19-479f-9a5d-f775ccf98c1b,8f956609-f15f-4a37-807f-9e9969d90442,Units of an Alternative Investment Fund (AIF),,0.383459
10890017-01e3-4842-a4ba-0bb4801508c0,b73b7508-06ea-4fc2-bf55-c24e16b69e3c,Units of an Alternative Investment Fund (AIF),,0.463625
9104a285-e824-49e2-b106-99436b3ed618,e117af92-9a1a-43cd-aef9-b267608520f5,Units of an Alternative Investment Fund (AIF),,0.234395
b57d33f1-3054-426e-b55f-83b3ac608c94,867dabbc-bb03-434c-ae1c-9aae1d61c8be,Units of an Alternative Investment Fund (AIF),,0.332986
8dee0ad5-d9bb-4d4b-9c2a-ff188d12f46b,37f43b32-d904-4205-b1e5-ab54f48d8157,Units of Real Estate Investment Trust (REITs),,5.655995
bddcca58-16d3-4a4b-a8b9-dbf27c6f85ef,37f43b32-d904-4205-b1e5-ab54f48d8157,Units of an Alternative Investment Fund (AIF),,0.329869
2f0238c1-5dea-4769-bc5f-2840905c018b,e067d519-e798-482b-beb2-35a6a17a1126,Units of an Alternative Investment Fund (AIF),,0.252474
81f5775a-695a-4573-b828-919c4f86e6e1,15a69581-ff1e-4d29-bca3-7873d0da7736,Equity & Equity Related Instruments,,22.305449
acc57855-a474-4fdf-be5a-bb4dd391f316,15a69581-ff1e-4d29-bca3-7873d0da7736,Units of Real Estate Investment Trust (REITs),,1.236855
67430601-0203-45bf-b71e-e36692cd9de2,15a69581-ff1e-4d29-bca3-7873d0da7736,Units of an Alternative Investment Fund (AIF),,0.291034
096fdc07-6d75-4696-a8cb-fa45e543d63b,503ae4a1-8e5e-4c47-9bd3-871c88b84f80,Equity & Equity Related Instruments,,21.26861
f5590b92-59c5-45c7-9559-7e2236e2affe,2ca06aa1-2082-4dfd-80b6-307ee8dffb82,Units of an Alternative Investment Fund (AIF),,0.269685
e347afee-62e3-4901-8e64-412c27ed60c5,e570bd61-3be2-4cf4-b90a-b4b30b9c0b1f,Units of an Alternative Investment Fund (AIF),,0.272235
c3d765c3-c267-4074-adee-8ac7cd5cc272,1260f009-2874-47b3-98c4-876c6d37ecad,Units of an Alternative Investment Fund (AIF),,0.277619
b186511e-e1fe-4531-aab2-f344079638b7,be04c87b-3912-4b97-bacf-de8395c41191,Units of an Alternative Investment Fund (AIF),,0.287314
e4b6326e-9de6-4f70-9999-5531fcb068b7,800a565d-9f3e-4795-b18d-75d4ba51659c,Units of an Alternative Investment Fund (AIF),,0.315442
a7227df4-0f1f-49c1-9ffc-122c2de154a0,9df78082-ae44-4be3-8e23-033fdca04118,Units of an Alternative Investment Fund (AIF),,0.30775
2cdc68d7-83f3-4a4a-92cf-04ae1ff9df9c,72b7362a-0ead-4b79-a51c-1289665063db,Units of an Alternative Investment Fund (AIF),,0.287806
149756c7-4c40-45a6-b079-7b7643d603ee,800a6d55-52aa-4493-a7ec-ad1ce37bc43d,Equity & Equity Related Instruments,,6.795107
a71a2de0-7831-4dd5-b486-26de8f833cb7,800a6d55-52aa-4493-a7ec-ad1ce37bc43d,Units of Real Estate Investment Trust (REITs),,6.795107
048e99e6-c2a3-4d92-9bcf-2fdde035c8dc,800a6d55-52aa-4493-a7ec-ad1ce37bc43d,Units of an Alternative Investment Fund (AIF),,0.38391
f7de4e9a-a115-4509-aa6b-3f83ead1a1ac,6e52e580-3ade-4cc2-ba2d-bccacb706347,Units of an Alternative Investment Fund (AIF),,0.478148
4988e8c0-b2ad-463f-91dc-cd28eeb485d8,af84854b-efd9-45cb-a348-45b40aa38515,Units of an Alternative Investment Fund (AIF),,0.270798
6a04951f-e2f0-4d6f-b327-0b86ecded1da,ed551935-7b01-45f1-9d33-19d8d809c8a5,Units of an Alternative Investment Fund (AIF),,0.323272
252422de-e507-4346-8831-e4f42bf12d8f,dfecfaf2-d64b-487d-bb9a-83027978490b,Equity & Equity Related Instruments,,5.707007
b55829a0-a4c1-4ce9-b957-1d1b656dd0a5,dfecfaf2-d64b-487d-bb9a-83027978490b,Units of Real Estate Investment Trust (REITs),,5.707007
9d2a4002-3be4-4b4a-9e85-acf71d1379e1,dfecfaf2-d64b-487d-bb9a-83027978490b,Units of an Alternative Investment Fund (AIF),,0.328552
c43aaf23-565c-4eba-a142-c403ea464871,5c9a3793-29a8-4d79-81ef-63b552d88775,Units of an Alternative Investment Fund (AIF),,0.256817
858df4c7-42e5-45b3-b538-d5fb792a003b,248e7151-16f0-488f-9425-2d106864e74c,Equity & Equity Related Instruments,,23.731117
4c92dc8f-66cd-4716-b06b-78413bf24245,248e7151-16f0-488f-9425-2d106864e74c,Units of Real Estate Investment Trust (REITs),,1.245408
e68350ad-1a58-4fcd-a007-563594a7d78e,248e7151-16f0-488f-9425-2d106864e74c,Units of an Alternative Investment Fund (AIF),,0.291883
3f815325-5ae9-4214-afa8-b3a263bf1cd5,f8eb49f1-cc94-4aeb-a67c-6dea210be6ec,Equity & Equity Related Instruments,,23.645412
204443a5-cc47-4c6b-a111-bd1e00949790,cbad35d2-e8a4-4d29-9b2a-7d622a4f6bdc,Units of an Alternative Investment Fund (AIF),,0.267344
4b4aa425-3bea-4c40-b144-ddba11a69a85,e0718653-936e-4eaa-98fe-27b5eb69dd1f,Units of an Alternative Investment Fund (AIF),,0.271788
77e0794c-10b7-4f6a-a7a6-6ea363452c4a,59364f12-e3f1-47e2-b005-6ee09d7e4f3f,Units of an Alternative Investment Fund (AIF),,0.26947
7eb6f138-594e-4b54-9b54-702a3c926207,24b3831d-398a-4f4f-b484-085796555287,Units of an Alternative Investment Fund (AIF),,0.285798
5c051f3a-b3ff-49bd-b4cb-019c181fa604,6877b869-0590-4b44-8a86-96f5ea9896b5,Units of an Alternative Investment Fund (AIF),,0.314821
86b7ead5-afac-4b86-a8c0-c650929f066c,63d3663d-fac8-4138-b7d0-aa11df48f551,Units of an Alternative Investment Fund (AIF),,0.305064
12fff08a-114c-4d4c-9e83-c1eacd79db86,dad0fe8c-b3e2-47ba-8229-8e8b4ad53b9a,Units of Real Estate Investment Trust (REITs),,5.716829
45c4ded7-04ee-460e-b0e7-4d08a6ae81fd,dad0fe8c-b3e2-47ba-8229-8e8b4ad53b9a,Units of an Alternative Investment Fund (AIF),,0.32786
f3ff097c-8e39-4093-a8e3-0de86fbf1b49,450d64dc-44b2-4a23-83c8-04b89022ed13,Units of an Alternative Investment Fund (AIF),,0.265948
78ba69f0-4c52-40af-865d-3d008246635e,d52b0ba9-4f3f-4d39-86c7-dfa160e1949c,Equity & Equity Related Instruments,,22.387026
e9dda2cb-e3ba-4526-8af6-b751256310b1,d52b0ba9-4f3f-4d39-86c7-dfa160e1949c,Units of Real Estate Investment Trust (REITs),,1.410253
ce34fd41-e3bb-473c-8290-d737e9fd3a6c,d52b0ba9-4f3f-4d39-86c7-dfa160e1949c,Units of an Alternative Investment Fund (AIF),,0.289955
3b25fa27-9a47-4f9e-89f5-c42bb66d8ca4,0d5d85ac-27d6-429d-ae63-ed2f8858194e,Equity & Equity Related Instruments,,23.317425
61b53d36-7e3e-48d1-8752-9a3094f246a8,b1ff206d-17fe-424d-8ee6-0cab27576e9a,Units of an Alternative Investment Fund (AIF),,0.271329
6f32ec7f-336c-42d7-9e98-4dd2c6111b24,09d917fe-7637-4746-8937-2db3b5959f38,Units of an Alternative Investment Fund (AIF),,0.265491
649e96a8-8be4-437b-9174-f313d08cb9c7,3e5581fd-c031-4bf3-ac02-dc23b997b8f5,Units of an Alternative Investment Fund (AIF),,0.258701
0bcef3b8-dd83-4398-a416-58625bd8ab50,09b73127-f3a3-40b3-972c-7e56d912d44f,Units of an Alternative Investment Fund (AIF),,0.285425
3efeb131-38a4-44f7-aa85-746610a4a723,40c928e5-990b-48c1-b68c-15cc1c9dc530,Units of an Alternative Investment Fund (AIF),,0.309945
474bb3c9-83c3-4b45-bc80-749f8416abb6,b7df6923-c6d1-466a-941e-e2fcdef0e94a,Units of an Alternative Investment Fund (AIF),,0.305009
869c3a02-0ae8-4d13-b72a-5a6508b036ab,4b960579-40e7-4d2e-bf7e-893dc84fc90c,Units of an Alternative Investment Fund (AIF),,0.281841
0d5cd7f3-75ad-4bb6-9956-de21e715137a,4cae050c-636f-4f70-a8dc-e1dee58bae14,Units of Real Estate Investment Trust (REITs),,6.921495
8937fce2-da55-419d-990e-d5b834467a13,4cae050c-636f-4f70-a8dc-e1dee58bae14,Units of an Alternative Investment Fund (AIF),,0.383914
30f812ea-84d4-4ffd-a5e6-1294b3561b3f,79635475-7969-4fae-ae0b-02911d167cf7,Units of an Alternative Investment Fund (AIF),,0.467535
463fdebb-252a-49ec-bf19-7e9a4bd53d6c,dc73e098-b3f7-4dec-b455-f30e43a91141,Units of an Alternative Investment Fund (AIF),,0.273143
29fd2fae-405b-4df1-9538-e38297b075f5,99cbf215-eadc-409e-a144-698cff46d333,Units of an Alternative Investment Fund (AIF),,0.316665
afe3e45b-21c3-4f54-9331-35dce1712254,0b894809-7041-4b74-8211-ac73216a7d7c,Units of an Alternative Investment Fund (AIF),,0.275493
9429e1a1-7847-4a48-9b8a-50dcbf18f5dc,e1b003cb-f409-47eb-bc16-1c393058f4d5,Units of Real Estate Investment Trust (REITs),,6.837654
d5759923-9a66-4bce-baab-365896f7d357,e1b003cb-f409-47eb-bc16-1c393058f4d5,Units of an Alternative Investment Fund (AIF),,0.383717
725dc403-4d60-45be-aa4b-06a1306dbdbe,8ba79e27-d4fc-4ecd-a508-beb3c4df0704,Units of an Alternative Investment Fund (AIF),,0.470626
daa2dd2d-9895-485f-b7eb-9415ef12935a,39f726a0-24c4-4815-ac6c-1005ea3ce8a2,Units of an Alternative Investment Fund (AIF),,0.311005
d2076922-c5c2-429b-b615-8a63be925335,fcf464ed-c6df-4323-9030-5f56988452bb,Units of an Alternative Investment Fund (AIF),,0.313313
91df058d-767f-4a13-9cc5-ebad62208297,b64c73d4-b626-4735-8b59-06c2d9cb2a27,Units of Real Estate Investment Trust (REITs),,5.590185
cda56455-868e-4bb3-bd54-302922ba7da1,b64c73d4-b626-4735-8b59-06c2d9cb2a27,Units of an Alternative Investment Fund (AIF),,0.326043
34b5ed36-1e08-401e-ad88-dc6f06e0700f,c63a5edd-c5d0-4a20-8b4d-9dfc8a0b42a0,Units of an Alternative Investment Fund (AIF),,0.260893
fdf63fe3-d0bb-4f2a-82f2-e65423c2bae1,103607a3-4723-4565-b948-802ff95ec896,Equity & Equity Related Instruments,,22.723269
f102d275-b4e5-4cde-b71c-c2bab2c21e0e,103607a3-4723-4565-b948-802ff95ec896,Units of Real Estate Investment Trust (REITs),,1.391993
142e6918-50b4-41d8-8857-307d44167d6c,103607a3-4723-4565-b948-802ff95ec896,Units of an Alternative Investment Fund (AIF),,0.288601
55704cee-68e2-4048-94b6-aa5f44176b1a,39ac33ed-b05a-46e2-9011-b2e5839f72f4,Equity & Equity Related Instruments,,23.181075
2b8db4c5-705a-4327-8a39-59fb633e5e96,ae6c8342-c8e0-4a88-8964-991d6f062081,Units of an Alternative Investment Fund (AIF),,0.240055
bbfcf6e7-b429-4e86-8228-a6cd2bc1aed8,0e806506-6522-4aca-a51e-26241a0a813d,Units of an Alternative Investment Fund (AIF),,0.293647
375a4d21-2f34-447b-b0c8-939aa71fa947,27c8ff99-f65a-4581-b8ef-32b89661022c,Units of an Alternative Investment Fund (AIF),,0.274
97e8f6fb-16ac-4c0f-a71b-3851a130e22a,6255f4fb-fde4-43a6-ab45-06e5776c0759,Units of an Alternative Investment Fund (AIF),,0.282726
5d569f01-194e-4edd-9be9-3e817785f8bc,0d5793c7-0f2c-4006-9913-a28374646b0a,Units of an Alternative Investment Fund (AIF),,0.30894
b45023b0-c10c-4ccb-be25-c4e078fd8346,9addf7fe-8d2a-4916-8f6f-8af3e317bfbf,Units of an Alternative Investment Fund (AIF),,0.303326
9fe84d14-d888-4218-8f34-3bb14e9fcfd8,abe3887a-6eb8-4873-9002-748b300fc686,Units of an Alternative Investment Fund (AIF),,0.269274
1c9b9bb5-6e84-4b04-8359-6227a0f41960,42dd4ae6-5b70-48af-8cb1-813f60181a68,Units of Real Estate Investment Trust (REITs),,6.85644
f6d1ba58-d3ad-411a-963d-1b7cb44e3205,42dd4ae6-5b70-48af-8cb1-813f60181a68,Units of an Alternative Investment Fund (AIF),,0.381921
fc21f5d1-fa91-4e0a-ba97-7420ed34b6a3,82c3a1b8-9182-424f-a110-aea95f6e9206,Units of an Alternative Investment Fund (AIF),,0.458897
936c28c1-38e7-481d-8ee3-e36291656855,a4d9b741-21f2-424c-96d8-479b55609e9c,Units of an Alternative Investment Fund (AIF),,0.284363
909214cf-9660-41cf-a20f-20ef6fc18cb7,e996c537-3918-43b6-819f-f1bd4ae5071d,Units of an Alternative Investment Fund (AIF),,0.307483
f51296aa-1bc1-42b3-a22f-4d363dbaa54e,1d115c80-b022-4890-b7f4-b74b3a35ddd2,Units of Real Estate Investment Trust (REITs),,5.557901
7d180625-27bf-4692-a201-3e6a231aba6d,1d115c80-b022-4890-b7f4-b74b3a35ddd2,Units of an Alternative Investment Fund (AIF),,0.321753
ecc1a109-f7da-402b-a25c-b3a033f75931,e8b202f5-7424-48d3-9845-823b0c653d88,Units of an Alternative Investment Fund (AIF),,0.232855
34ba1dec-90e8-4410-9741-7fae5abe7729,783a9479-3ccd-4c61-acef-0333ecda0e33,Equity & Equity Related Instruments,,22.511678
cfd78e20-4b5e-4a9a-a6dc-96e48f2937fa,783a9479-3ccd-4c61-acef-0333ecda0e33,Units of Real Estate Investment Trust (REITs),,1.3863
d7c06d36-09bd-4f4e-8233-972c6cb70d4f,783a9479-3ccd-4c61-acef-0333ecda0e33,Units of an Alternative Investment Fund (AIF),,0.286779
054da0e0-ca39-4d0d-9116-4f106157e498,c0cf97e9-43df-4048-a870-f6b0f88c507d,Equity & Equity Related Instruments,,24.687045
42ae8d4e-0a06-4f7a-95a9-da220314298a,5976105c-a345-4931-897f-03c7f9e6e0a0,Units of an Alternative Investment Fund (AIF),,0.232695
800d14b0-50b6-40c9-a922-5015a4114854,d0a5543f-6e38-404f-b07a-f1c7633dd9a3,Units of an Alternative Investment Fund (AIF),,0.261113
8c9e00f7-7f9c-4e0a-93f1-847e21825d91,4bb0dcfc-f4cd-47a7-95ff-744e7c6a77f2,Units of an Alternative Investment Fund (AIF),,0.233992
778271b0-7c79-4b3d-a4c3-c9aded91c719,5d26564f-493a-41f5-8432-dce13bb80def,Units of an Alternative Investment Fund (AIF),,0.281591
2b2505fa-794e-4784-ab84-6defacf75122,e31be415-03c7-4f16-943d-1f9738105924,Units of an Alternative Investment Fund (AIF),,0.309038
4ded5ad7-1d63-40eb-9fca-dc91a3c911b2,28b8e1f9-0bc0-4c04-82c4-60620f1b0dc0,Units of an Alternative Investment Fund (AIF),,0.303149
8693723c-61cb-4ef4-9670-535754babf57,ff902fbe-e046-4a22-a2df-3ccc08a1f460,Units of an Alternative Investment Fund (AIF),,0.263131
03a114af-fead-4fd4-b9c0-6c0cef1733d9,ab9536de-ef13-4adb-ba32-9901ecb2bc7d,Units of Real Estate Investment Trust (REITs),,7.185229
6e1c7acd-1245-4ab3-ab7e-1e9416863357,ab9536de-ef13-4adb-ba32-9901ecb2bc7d,Units of an Alternative Investment Fund (AIF),,0.380656
cf31ab96-269c-4595-9c99-929f6b591eb4,e548700d-1cb4-4474-aec8-8a9d1a038f84,Units of an Alternative Investment Fund (AIF),,0.464507
cccc3659-6f47-4418-9dd0-fc2c5a7cd546,d57b0fe3-df3e-49c5-9fc2-534df2eda6e2,Units of an Alternative Investment Fund (AIF),,0.293299
9a9b7d94-5bd8-460b-9bd8-aa9e1c44bd2f,d7cfcb87-7a7e-427d-90b6-53d87e2184f5,Units of an Alternative Investment Fund (AIF),,0.303086
6add4d28-c70d-4d0b-b3ae-87925cfb0882,d6d08827-8ed2-41f6-82eb-eedfae4f304a,Units of Real Estate Investment Trust (REITs),,5.428537
d0869ff9-fb82-467a-9bad-ee56bd725204,d6d08827-8ed2-41f6-82eb-eedfae4f304a,Units of an Alternative Investment Fund (AIF),,0.319433
8eb0fbd8-f71f-426c-b1da-afa20010cf6c,ecab2ed6-5d1e-4a4f-b891-84721061394d,Units of an Alternative Investment Fund (AIF),,0.229439
a00d82f5-a644-401b-af22-189edfa12998,8c16b220-8868-47e9-b462-5f860c392e78,Equity & Equity Related Instruments,,22.390794
6422e775-4d11-4803-9e45-0dbd3be1751e,8c16b220-8868-47e9-b462-5f860c392e78,Units of Real Estate Investment Trust (REITs),,1.370904
07ea2c13-c205-428e-9d51-26015d879e02,8c16b220-8868-47e9-b462-5f860c392e78,Units of an Alternative Investment Fund (AIF),,0.285699
a2e19fe9-b2be-42af-b1a0-e55c8f797714,3ca430f4-a25f-4533-9b58-2d52bf30adac,Equity & Equity Related Instruments,,27.929039
5aed9d66-e33f-4afd-8ec4-5e41b7f42736,82834aa2-d039-46f1-b482-814810cb57e0,Units of an Alternative Investment Fund (AIF),,0.238468
368776f3-3823-4dc2-a5bb-3e145f4f5c7d,c88d2b63-8071-4442-a98b-b4deb288064c,Units of an Alternative Investment Fund (AIF),,0.258022
e1d452f2-ce04-4477-acf4-8ec616555e19,85140840-111a-4277-b6b7-490db4d1fb51,Units of an Alternative Investment Fund (AIF),,0.233797
c86be959-93c3-493e-99a7-3effe57c2df5,9cf5899f-f821-4903-b7d4-42d186fcd95b,Units of an Alternative Investment Fund (AIF),,0.280238
fc173311-3085-4725-83ae-3675edf33a09,58cf225c-1553-446b-9045-35da47bd8ce8,Units of an Alternative Investment Fund (AIF),,0.30756
fbd9f097-b61d-4d3c-bdc8-1d0dde4f6bca,b03ab028-7523-4fea-8ea6-1b508dd04978,Units of an Alternative Investment Fund (AIF),,0.3019
4f881d97-fa24-48ed-99a1-65aca10487fc,4932aa30-8c7e-48cf-97bc-d2244df4dfcb,Units of Real Estate Investment Trust (REITs),,7.099633
f74bec2f-aa9e-45be-9ec8-c1fe8e1fd2c5,7ee18dc5-446c-4387-9c74-936f8c992a1e,Units of Real Estate Investment Trust (REITs),,5.385589
4b32f691-2a82-43cd-82a4-2191da7d8be6,ad998d41-4c56-47a5-8994-b356d4c6a298,Equity & Equity Related Instruments,,22.788123
fc7a82fa-fdae-4430-b45c-7745a9cc3a0d,ad998d41-4c56-47a5-8994-b356d4c6a298,Units of Real Estate Investment Trust (REITs),,1.349332
9d307c7c-2383-48de-91e6-936d4d652f67,44a49c3e-7e01-4373-b40b-18d0a6e9a3c3,Equity & Equity Related Instruments,,27.132361
6db1635b-4944-40ac-82d9-fbd3c8c782ed,d9156623-2aa7-4d73-b758-3df5036ae72f,Units of an Alternative Investment Fund (AIF),,0.474461
712d81c7-2dd4-489b-a4f8-6392523ad0c3,545e5702-19b2-4fa2-9967-f56891bbb8e5,Units of an Alternative Investment Fund (AIF),,0.278003
08041429-eaed-456d-82f4-6520c9b7c42c,37dbae25-2110-4dba-8171-8e04e39ef527,Units of an Alternative Investment Fund (AIF),,0.296607
c9b0155d-b314-426e-83e8-83ab969039ce,d26b6ac4-c957-41db-b0e0-1c80ef91dfe3,Units of Real Estate Investment Trust (REITs),,5.533176
f122d40f-5612-470b-a633-5a3cf68c713a,d26b6ac4-c957-41db-b0e0-1c80ef91dfe3,Units of an Alternative Investment Fund (AIF),,0.320138
8a8d0fd3-01de-438f-a524-ac09f4d20d88,123c7735-639a-493a-851f-f1e7a15c4747,Units of an Alternative Investment Fund (AIF),,0.235024
48a1743b-622d-4cdb-8b5e-0b8a2c41a09c,1abf49d2-50c4-4ff0-b36c-4882498777dd,Equity & Equity Related Instruments,,21.828446
a38b2b6b-3a5e-409e-9d53-02fc958518b4,1abf49d2-50c4-4ff0-b36c-4882498777dd,Units of Real Estate Investment Trust (REITs),,1.377007
a385fce1-660f-4d43-bc58-b2c5837c9216,1abf49d2-50c4-4ff0-b36c-4882498777dd,Units of an Alternative Investment Fund (AIF),,0.284319
260c7755-3c4a-40df-b431-e46af2aca105,b84921d7-31e0-4a9a-b9e7-2d7736dfdd9f,Equity & Equity Related Instruments,,26.555965
59ce941e-62ef-4b21-8230-eb5a5a56beab,da539ab3-e7be-4123-8497-8032a5fc19f8,Units of an Alternative Investment Fund (AIF),,0.248026
caa312b6-30ea-4ab2-995c-a9462c1e2065,fd7a4d77-a2a2-41f0-832d-6df3ab92ec32,Units of an Alternative Investment Fund (AIF),,0.266057
31ec2652-e8a1-414f-8c27-66aeac0b60ba,f7a43530-53c7-485d-8e17-4b516a2e30b9,Units of an Alternative Investment Fund (AIF),,0.257116
fa29a070-4f68-4e1c-acf7-93269573a9ae,df2c0a42-75fe-43ee-b207-a3a1c3e3f7c3,Units of an Alternative Investment Fund (AIF),,0.279732
6c004d1f-bcd1-4e69-9d2f-5c2d06daf7b3,5f170cc1-82f9-44c7-9967-db2ca35b0687,Units of an Alternative Investment Fund (AIF),,0.304778
b1ca15c5-5aff-4b1c-803d-d072677948bf,634b88cd-3004-47cf-a5fc-fb5c643a23cf,Units of an Alternative Investment Fund (AIF),,0.303765
553127fd-78fb-49eb-a71d-2132c6413221,fcc98b18-754a-44e6-b980-7bf06cbe7e72,Units of an Alternative Investment Fund (AIF),,0.266829
e9944c4b-ba17-4e2b-8579-b9d7cd4130b7,fe17a5f5-1484-47b2-a6b0-8af7c3f8d4ca,Units of Real Estate Investment Trust (REITs),,7.28021
1458ec29-d975-45c2-8695-9040c9caac4f,fe17a5f5-1484-47b2-a6b0-8af7c3f8d4ca,Units of an Alternative Investment Fund (AIF),,0.380222
cb1e5572-8050-49f4-8663-bd5a0f0e0f92,cff9a285-ca45-4f1e-9fd5-1ec44308cb8b,Equity & Equity Related Instruments,,4.930492
a89659ac-e532-4629-b925-d4df42b8e14c,b7acc70a-129b-498b-90ef-4b0306926882,Equity & Equity Related Instruments,,4.999925
84f5b71c-1405-4746-b526-f542e2f65b55,933760d3-03cd-47c8-98f4-acc610683276,Equity & Equity Related Instruments,,4.944648
16d391bf-b847-4686-b9ac-9e516be450c8,6e22d6ee-da87-48e1-b586-1eb23623be72,Equity & Equity Related Instruments,,23.539926
449a694e-44e8-4ba2-b64b-94f449c612b1,28cc5e36-80b0-4f80-8348-08816eb2d4a7,Equity & Equity Related Instruments,,4.915759
753dd03a-7395-4917-be02-088cb97c2176,e8cd99b5-fcae-4e92-b0e3-480026fcc724,Equity & Equity Related Instruments,,4.845532
3a0e6c27-569d-4031-82ba-af8f779d1f9e,d214f4ba-9526-4cf8-965b-63a106ada0b8,Equity & Equity Related Instruments,,22.434543
4b00dc1d-07e8-4e79-ab06-d054e271074c,cacfd640-1d01-45d1-95d0-bf4f36b37492,Equity & Equity Related Instruments,,21.662894
6de33cf0-cfc3-47ba-a206-7836165dd0ba,de326267-3183-4215-a54d-f4d241589c06,Equity & Equity Related Instruments,,5.178178
3950c2bf-0b4c-4292-8cdb-1545cb68649e,4ce93887-05b4-4ae3-acda-2d27f94f79eb,Equity & Equity Related Instruments,,4.912214
7ad770c7-da56-4cd1-9a32-4b988c33115b,266421e0-c488-41b7-bc84-6b35ad48c3da,Equity & Equity Related Instruments,,4.956642
0410d3ad-b578-463c-9d5b-084eddfcf88e,e365a259-7e54-4ae7-a5a9-6e2641e0ed51,Equity & Equity Related Instruments,,20.540736
d5886edc-b985-4b7c-972d-c27aec6c99bd,24f359d0-dae0-4e7e-805a-cfad41d0244a,Equity & Equity Related Instruments,,5.711338
08f12411-9234-4063-92cd-14aa500c0215,80a3168e-2043-4db9-8abe-0be717031b9a,Equity & Equity Related Instruments,,4.946549
79fb3a96-c32a-44a3-ac9a-761c639b2b8f,cddd9e10-c564-41f8-8db2-363e9e4b055f,Equity & Equity Related Instruments,,20.964748
744b8268-ee9a-4e00-b727-2228411a1ffe,1a4c2a6d-29aa-4256-b23d-ed1433caeaf1,Equity & Equity Related Instruments,,21.503925
873daffe-4fa1-4c1b-97f8-e6aafc044989,13227c46-c8a7-4410-bdd9-7bc24067de7e,Equity & Equity Related Instruments,,5.927754
2ef8ae8d-9981-444b-9f70-84cfce89b966,4a964927-08f5-4544-91c3-e23655fb9045,Equity & Equity Related Instruments,,4.952086
f19b6ace-0cba-448b-aab9-4a8d0eb17f2e,f3fb68c6-7058-44dd-98cc-714024c5a3a0,Equity & Equity Related Instruments,,4.87939
742d2423-13d8-4b4b-b508-77f50d4139ae,6ce1d881-6890-4ae9-9eb6-91c535c2cfa7,Equity & Equity Related Instruments,,20.427224
df4c15ce-1d7a-44c2-a082-477384178cb7,5a6100cc-3220-4b4c-9345-b62812928c5e,Equity & Equity Related Instruments,,5.938686
dbddb0d4-84d6-425c-ad74-86e53fb9abc6,c33846e3-4404-4220-bbca-fe2e82b26b56,Equity & Equity Related Instruments,,20.682863
c5eef8c1-848b-4a51-9fce-6c29df6d8ce9,e905b5ad-a608-46e7-a37c-b73a2b1969f9,Equity & Equity Related Instruments,,6.406631
fe6d4d67-6243-48dd-832c-2c469c37e05f,9cffa1bd-f97c-4761-814b-9ef4849a96dc,Equity & Equity Related Instruments,,5.126379
8fe17885-3206-41c5-9863-5b1c250f65bc,1a1ebf1f-4abf-4abc-b329-da91a3b06f37,Equity & Equity Related Instruments,,21.477108
9f8b9f4f-d4f1-4554-9e81-7d409fbfd264,e71bccfe-21fa-4df5-954b-9ab9b61f8ab3,Equity & Equity Related Instruments,,19.773033
e09b0f90-5b08-4b97-8238-e9212bd3e45d,aca16cd5-c977-41cd-85a2-a873efc5439f,Equity & Equity Related Instruments,,20.009972
02af635a-0ce6-4284-abd4-230fae246737,4360de68-e2b9-41be-acca-528daf0bd20e,Equity & Equity Related Instruments,,21.629282
e9335e74-7261-4ca3-8108-0e647882bb13,ad977a32-1c05-445d-a4f2-8fc4ebc2d186,Equity & Equity Related Instruments,,21.26861
76683bd0-bbef-4e3e-99a5-2ad08d8c5113,a29991a0-e222-4dfa-b0e3-103153a1fa43,Equity & Equity Related Instruments,,6.795107
d84448e1-a5c4-430d-b52f-325a24b87264,6d4b70de-b7e5-41f3-b81c-92b2feb18901,Equity & Equity Related Instruments,,5.707007
a97729c4-df64-40ad-8d0c-2535938b1c0b,48a435eb-1394-4151-ab53-d5be82074b66,Equity & Equity Related Instruments,,23.645412
80917d08-42f7-4fc7-a1d8-feac39357424,dba62e86-410a-41c8-a6fe-3127d34f5589,Equity & Equity Related Instruments,,23.317425
e5dfac3c-4896-42d2-9b6e-997e7f964250,0b34c9fb-e503-4c70-89e5-82ab0e0b05bb,Equity & Equity Related Instruments,,23.181075
aab8dc4a-ce29-46aa-9c44-33a7e32839b3,05145049-8a90-4638-b65b-f4a7767744a4,Equity & Equity Related Instruments,,24.687045
cff2a41b-06fa-4c8c-97ff-f5fa9974cbf3,9ff60524-b8d8-4c59-b0d9-42df8507198f,Equity & Equity Related Instruments,,27.929039
39971126-8612-4068-b159-272c25525ade,82bdfcbc-55ef-444f-8bd5-fd367195e754,Equity & Equity Related Instruments,,27.132361
9c450d27-fa3f-4763-81a6-2df75c7479ac,d3269724-c795-41e6-b41e-f6e95be90639,Equity & Equity Related Instruments,,26.555965
