holding_id,snapshot_id,security_name,isin,percentage_to_nav
48bf316d-51b1-4b00-b476-8d34a3a7fd80,1afbd610-f4eb-4d17-83c6-a9a55a44a499,Non-Convertible debentures / Bonds,,62.544047
15bf7735-8af9-42bc-b453-5c7ee9e2c2bc,cd1ac2ac-144f-49e8-8eec-08bd6e94de30,Non-Convertible debentures / Bonds,,71.337351
6337d5b2-4f15-4415-904a-bb92d55f4a65,cd1ac2ac-144f-49e8-8eec-08bd6e94de30,Zero Coupon Bonds / Deep Discount Bonds,,3.903531
a750c0b6-c43d-4755-b9cb-4211c35c970b,a8944bb8-8e25-4101-8031-6f3b515e89cd,Non-Convertible debentures / Bonds,,34.152798
5851d7be-64d3-4afe-a08e-c6fb0fcb7fad,a8944bb8-8e25-4101-8031-6f3b515e89cd,Zero Coupon Bonds / Deep Discount Bonds,,10.768608
8d156730-3435-4eb8-a4e0-172da2c02b2c,a03cf20e-9208-49a1-8b38-779cab341be0,Non-Convertible debentures / Bonds,,64.020798
d5a0fdca-f8ff-4f12-a738-58c22c69c7ae,e2abf388-13ac-4624-9b4f-fb39054ca13c,Non-Convertible debentures / Bonds,,3.961469
cd45ecb9-5f94-461f-818b-7c70c45fcb68,e7f1ddf3-c437-4c3f-8a0b-9cc4cd068ad7,Non-Convertible debentures / Bonds,,0.012551
27dda5e4-2337-4186-bee3-a509972f86be,4cdf0151-0148-4d19-9549-d0b86d87221d,Non-Convertible debentures / Bonds,,64.188273
aa11d4c8-32bd-4054-963e-a57a8bfa3896,4cdf0151-0148-4d19-9549-d0b86d87221d,Zero Coupon Bonds / Deep Discount Bonds,,2.939479
bcf0eda4-b8dd-42bc-b380-81624c31a731,8abe79ff-d50b-4ee7-9b20-9c06c759615c,Non-Convertible debentures / Bonds,,38.713638
3de11131-f338-410a-bbdc-5fcf0814c36a,dcbbafb8-8442-48b9-8daa-175d49e8bd44,Non-Convertible debentures / Bonds,,50.609175
11b4d921-f89e-45b9-ac96-39756378946b,9cf6ff02-411c-4639-b01b-ec38c1a8ec27,Non-Convertible debentures / Bonds,,26.735321
90958b25-b3ea-448b-9c9c-685a4e402709,d36a9c3c-521a-455b-919b-bc29cea88502,Non-Convertible debentures / Bonds,,56.107155
7a038a31-297d-4411-8e91-4ef15f3b2106,1cd04d8e-c9a7-4a20-a0f0-a7247650e0be,Non-Convertible debentures / Bonds,,45.937408
260a5564-e3fc-4b8c-8bd4-bb06af156036,1cd04d8e-c9a7-4a20-a0f0-a7247650e0be,Zero Coupon Bonds / Deep Discount Bonds,,1.356615
a0c1f120-40db-4b66-a358-b15eab1e8007,66722b2d-47e6-4b9d-9077-690e37c7e069,Non-Convertible debentures / Bonds,,69.815912
5072fa54-85d0-4d9e-87e3-85c3603d3b70,66722b2d-47e6-4b9d-9077-690e37c7e069,Zero Coupon Bonds / Deep Discount Bonds,,1.252723
69e53d73-5a57-4ef7-98a2-c9d29a863efa,36f60612-18d2-4452-97d2-bfd064aa4b62,Non-Convertible debentures / Bonds,,37.761912
0b03ee47-03c5-40d7-b756-0bdf4c1ffbfe,812a4cd3-cc77-4d84-bb3f-3b199c63fb84,Non-Convertible debentures / Bonds,,42.451902
26540d78-28a0-49cf-a4fa-d098753fab73,812a4cd3-cc77-4d84-bb3f-3b199c63fb84,Zero Coupon Bonds / Deep Discount Bonds,,1.298436
59e9d57b-12a9-4f7e-a0d8-3a89ca5e67d2,d8a8834f-096f-43da-91fe-f46a0bb92194,Non-Convertible debentures / Bonds,,73.925551
c7910d87-208f-4f4e-98eb-d18a6efc61a2,b33aed83-8de9-4845-a32e-f10501e90efd,Non-Convertible debentures / Bonds,,34.503793
a1b68244-69b3-4109-b052-e8984b725c18,31a0e19a-aeb1-4efe-8d0e-7925255f4e29,Non-Convertible debentures / Bonds,,62.318357
049190b6-c93f-4f21-9afa-ad262eb93295,ec14bbbd-b9c6-4776-9bc6-695e2817c0e6,Non-Convertible debentures / Bonds,,70.307143
345d97ce-fd26-42a1-bbb2-05258617b252,ec14bbbd-b9c6-4776-9bc6-695e2817c0e6,Zero Coupon Bonds / Deep Discount Bonds,,3.911182
abcebfb0-52b8-4312-aef4-4a943896f691,d09d7e4b-6c2d-43d8-a05e-0b79062cb206,Non-Convertible debentures / Bonds,,37.185015
ee58c7a8-bba1-4098-bb72-8d519892ac0a,d09d7e4b-6c2d-43d8-a05e-0b79062cb206,Zero Coupon Bonds / Deep Discount Bonds,,13.467772
2c7d2e12-5e7f-4584-943e-6d66e5e99fda,0d1bac0f-251d-4616-80e2-be59350e25af,Non-Convertible debentures / Bonds,,67.11072
c1a27953-970c-43db-876e-a179d1567726,0ab25285-5d93-487e-a178-4918592ef642,Non-Convertible debentures / Bonds,,4.262073
c0166fa8-2231-4839-a2f9-93aab958c1f5,3e7cfb6f-68ff-4bcc-bc69-a8c1f71c4208,Non-Convertible debentures / Bonds,,0.012639
4e032f96-93df-4ba5-9e31-c669f5adcdd9,be0c5b77-9e34-4a37-9c04-cf8c8c12059e,Non-Convertible debentures / Bonds,,64.651452
8f7667a0-c672-472a-b65e-01cbad99d47a,be0c5b77-9e34-4a37-9c04-cf8c8c12059e,Zero Coupon Bonds / Deep Discount Bonds,,2.941117
d20d4c6a-bd7f-430a-a8e3-a4e605d63804,59fdf5e2-78c4-44d3-a89c-bd9d61b6d647,Non-Convertible debentures / Bonds,,38.449148
ae998c14-eb9c-4078-897c-39a86f77d095,00740c1c-d453-4d65-b6bd-9d516970290f,Non-Convertible debentures / Bonds,,50.483885
ee088e95-ca4d-44a5-af5d-1d04f82660de,46213c92-96d2-4685-92ef-e55ef29def87,Non-Convertible debentures / Bonds,,27.013065
71d8e42e-d408-4e3f-b1cc-ee364c32cb72,3062ae6e-c6b4-437b-80b2-b0024ba6d98c,Non-Convertible debentures / Bonds,,55.918533
6430185a-d712-4966-8a38-c6526a4466e6,0bdbf472-db08-4474-8ea8-eb9d3aa6e74e,Non-Convertible debentures / Bonds,,46.207639
4c23459b-6193-48d1-b7e3-aff72027aa5b,0bdbf472-db08-4474-8ea8-eb9d3aa6e74e,Zero Coupon Bonds / Deep Discount Bonds,,1.335031
89f70881-b6fd-42cf-93ae-5ddab1557970,0ddca12e-803d-43b0-8d0d-ce205251b07c,Non-Convertible debentures / Bonds,,68.613315
dddab2ca-fb98-455e-ab0d-42ca9b6555d4,0ddca12e-803d-43b0-8d0d-ce205251b07c,Zero Coupon Bonds / Deep Discount Bonds,,1.255485
8ecc462c-4f90-4b4e-b736-1d8a8b6cfc56,c270ee50-c1be-4915-b444-56e3d3bf9067,Non-Convertible debentures / Bonds,,37.37478
42393fcc-cce5-43d9-b6f9-a3606f672420,fd385805-013f-4f1a-9b51-3683b1a918b9,Non-Convertible debentures / Bonds,,42.529979
fcdb1c88-42c8-49e7-a2b7-73a72a2d4545,fd385805-013f-4f1a-9b51-3683b1a918b9,Zero Coupon Bonds / Deep Discount Bonds,,1.296724
122b52fc-34ca-4715-a2db-d5637c632573,a764dfce-aaea-4066-a1bc-f5e761312160,Non-Convertible debentures / Bonds,,72.406959
9f835421-6497-4d07-868e-0bdd6727b228,adb48cf9-c93a-4f68-8f59-7aa2a3c413f5,Non-Convertible debentures / Bonds,,34.626778
f2c76b2d-5301-45f9-ad47-11bafd5f169b,60429457-a855-417c-91dc-b909a5656c26,Non-Convertible debentures / Bonds,,38.62295
dcc79534-b4cf-448c-ae55-544b145f7578,2fb6c459-1c7f-4497-9da6-5500c8e872b5,Non-Convertible debentures / Bonds,,51.008394
594808a5-6be2-4c4a-9969-bb0d2ca577a2,14e71298-dba0-4f0b-8f56-9c57d9dc52ae,Non-Convertible debentures / Bonds,,21.912784
c3f025bf-75be-4386-957e-14ebfd657c77,84816a59-fc64-4803-b136-d4cf1b547c0d,Non-Convertible debentures / Bonds,,49.322367
0878aef4-3512-4543-8bed-91889431a468,ea9d8147-cf0d-4b2f-b52a-3c51772bdff3,Non-Convertible debentures / Bonds,,46.773815
90aad032-658b-4419-b5a0-6a5d0892eccb,ea9d8147-cf0d-4b2f-b52a-3c51772bdff3,Zero Coupon Bonds / Deep Discount Bonds,,1.339038
1b56799b-b9eb-491e-b815-9b75345af6f7,9e586f1d-1b8c-40de-b4b5-9dad09f8db87,Non-Convertible debentures / Bonds,,69.886294
9b99feb8-6218-43d9-a7b8-72e93472883a,9e586f1d-1b8c-40de-b4b5-9dad09f8db87,Zero Coupon Bonds / Deep Discount Bonds,,1.267329
73b7889e-f2a8-4825-a641-05d89f956037,f390d864-0f9a-4aac-931f-b1b74176c72b,Non-Convertible debentures / Bonds,,36.70912
22577ddc-022a-45c9-ba60-e516fa9b8221,1881ba2f-6aac-4a52-9f5e-f9c8371b5c90,Non-Convertible debentures / Bonds,,40.833583
833e27eb-90a9-4b13-bff7-3857a7d87648,1881ba2f-6aac-4a52-9f5e-f9c8371b5c90,Zero Coupon Bonds / Deep Discount Bonds,,1.285383
ce6dcc55-c8de-49fd-9d7d-20b3238260c7,5106491c-b0df-4e25-a128-bc0d5370f6b9,Non-Convertible debentures / Bonds,,72.899624
34aa86f5-f202-478f-a93d-f276d32ad339,4d6c6a64-781e-4d7c-a8ed-1287ee0fd44a,Non-Convertible debentures / Bonds,,34.537994
49433d69-e3e2-47b4-b53f-be980a8f8e96,83041765-0026-4d4e-b9bd-25e82ae263d1,Non-Convertible debentures / Bonds,,61.184303
46db3206-e603-4838-8cf4-7019136ea4bc,bcddfd56-f220-46b8-849a-eb391695dc96,Non-Convertible debentures / Bonds,,69.006266
5dec4093-9ac3-405d-93e5-e784e1a08699,bcddfd56-f220-46b8-849a-eb391695dc96,Zero Coupon Bonds / Deep Discount Bonds,,3.957576
61ff94d1-cb27-41e3-bb7b-af6b9f6513c6,8cbf0f33-b09e-4f19-ad85-519d85b2a328,Non-Convertible debentures / Bonds,,41.93252
f3844dd0-73f6-4cc6-92c7-19f4df24f090,ea55916d-8892-4883-856a-fa81947ce720,Non-Convertible debentures / Bonds,,67.618353
c5d977d3-36ff-417f-b911-f11862042994,e8fb8c8f-2f7f-41ae-950c-0710f3232c30,Non-Convertible debentures / Bonds,,4.078857
f4bcd9a5-eab7-4db6-965b-f3a64329a45a,2d11f82e-adec-4429-bd0b-074a74f19cb1,Non-Convertible debentures / Bonds,,0.012525
eac2080c-6504-458f-9490-dfe3420f6867,7c8dcf52-21e4-409d-918a-a34afa274143,Non-Convertible debentures / Bonds,,63.693284
122903b6-c001-4497-b275-3ca8989d5e57,7c8dcf52-21e4-409d-918a-a34afa274143,Zero Coupon Bonds / Deep Discount Bonds,,2.922556
a86a37b1-74ee-4f86-b049-87144adaafe6,221e459f-adad-4e04-97a9-8127b38aaa48,Non-Convertible debentures / Bonds,,63.83349
2fb71d62-943e-4a0c-be8f-2636c201a139,221e459f-adad-4e04-97a9-8127b38aaa48,Zero Coupon Bonds / Deep Discount Bonds,,2.927117
0050deec-db40-430f-873c-1050a6aff3f8,2480f950-7769-40fe-b2bf-fce86b29d7ae,Non-Convertible debentures / Bonds,,38.456668
c81c9399-f957-42cc-ba05-10f9126cb7a8,d890f448-3dbe-438b-893d-8b0bca92b8a2,Non-Convertible debentures / Bonds,,51.5043
c30e5557-145d-4c3d-b728-6dfa94bbcc9d,c2e1efb7-370b-463b-b0de-f5317ef5d117,Non-Convertible debentures / Bonds,,22.10614
a929a882-179e-4a55-8ba4-8fd2a2986dbf,45bfc3b7-8943-46d6-9260-693dcac6e51e,Non-Convertible debentures / Bonds,,49.008436
9002649f-3c88-46c6-ba04-04e1c2da0ba6,faf3b901-7fb8-4bf0-8fe3-944ef0aa071f,Non-Convertible debentures / Bonds,,45.691171
bcd7e01d-8185-48ad-bfb7-ac759cf6824c,faf3b901-7fb8-4bf0-8fe3-944ef0aa071f,Zero Coupon Bonds / Deep Discount Bonds,,1.295366
c109315c-307e-4d17-8582-05065255696f,bcf72b4b-e55c-473c-bb1e-3c559343650c,Non-Convertible debentures / Bonds,,68.908242
349d4b5e-8e4a-4c57-9d9b-d352fa8653aa,bcf72b4b-e55c-473c-bb1e-3c559343650c,Zero Coupon Bonds / Deep Discount Bonds,,1.257617
7d19f2b7-9809-4deb-a6a1-649b0d245c5c,6615a588-e752-4c95-ad2c-6427d67a3161,Non-Convertible debentures / Bonds,,37.813468
1cf3a234-b766-43fc-a6cc-e0aefc17c96e,7468aac9-2bcd-4176-8e4e-d026d1e1e190,Non-Convertible debentures / Bonds,,40.332303
166b9986-637c-4f68-b5fb-e5397823b3c1,7468aac9-2bcd-4176-8e4e-d026d1e1e190,Zero Coupon Bonds / Deep Discount Bonds,,1.268573
5b4e632d-9a05-40fa-a591-6b86fe2b6590,2094b2f3-5a8a-43d1-b470-7db60cc5d880,Non-Convertible debentures / Bonds,,70.745708
30c39196-4378-460e-ad9c-9898d3de0d03,761d9f6e-8c8f-4663-aff2-ceb2f151c473,Non-Convertible debentures / Bonds,,34.436631
a07dbf07-47ec-4bd0-855a-ad7ba5366e25,efbf2bbc-4b51-4a3b-b936-b8e5e9673303,Non-Convertible debentures / Bonds,,61.276234
f1f45eaa-e7f9-4eae-8734-d1d1834c5cfc,4e5270ed-dcc5-4d7c-8dee-a4f31b7aab7d,Non-Convertible debentures / Bonds,,70.356814
ffd5d091-42ae-408c-90a1-f3a9c0b063db,4e5270ed-dcc5-4d7c-8dee-a4f31b7aab7d,Zero Coupon Bonds / Deep Discount Bonds,,3.968147
28ca3449-ca04-4fce-ad0c-595ed77d4139,d93ce239-ecf6-4f5e-bd8e-678ee4d38757,Non-Convertible debentures / Bonds,,32.990702
b41b029f-ca90-4516-9948-8c9bf4cf71bb,d93ce239-ecf6-4f5e-bd8e-678ee4d38757,Zero Coupon Bonds / Deep Discount Bonds,,1.360545
8723e435-3222-42ef-8eb1-6122c34cb2f2,10f3d427-8f0d-4985-8d38-c80ed0eceb23,Non-Convertible debentures / Bonds,,67.41166
c165c5bc-cecf-4202-abb6-4df531618808,5fb001ec-1da0-49db-9489-8efc20fe9589,Non-Convertible debentures / Bonds,,5.188322
9695d125-d492-486e-8612-f6a700ba4830,baa02901-03f9-4397-a6e8-587139e0ad5c,Non-Convertible debentures / Bonds,,0.012424
9dcdeb96-fb39-41bf-a6d9-53e7c32be604,839e1c84-24cc-475a-bbd2-2384661c9755,Non-Convertible debentures / Bonds,,63.533994
7f0ec891-6c80-41d7-b92e-56da360d69be,9089a6f1-0498-4b5b-9795-d1e33a01d8ab,Non-Convertible debentures / Bonds,,67.21528
339fce8b-cde9-4544-a0de-ee8fe666194c,9089a6f1-0498-4b5b-9795-d1e33a01d8ab,Zero Coupon Bonds / Deep Discount Bonds,,3.958499
09c00fb3-4a4c-40aa-abef-ac09fbca7e07,fb0c4a54-20bf-4895-b940-dee6763b3d0f,Non-Convertible debentures / Bonds,,33.188763
dba181de-c71e-4faf-815b-976092089bea,fb0c4a54-20bf-4895-b940-dee6763b3d0f,Zero Coupon Bonds / Deep Discount Bonds,,1.28736
7468d458-ebe0-4e6d-bd14-c18a11fb70cd,27ce0443-88cb-4a0c-a4e0-83ece4f8d55b,Non-Convertible debentures / Bonds,,68.489765
227cca60-be96-4aff-8076-bc33aa985d00,5e488a3d-f278-46f2-975d-b81b2afdab45,Non-Convertible debentures / Bonds,,4.239394
6097085c-fc32-4f7f-be43-2ffc5bafbee1,1343c497-4b98-45bc-abad-69b9a52cf686,Non-Convertible debentures / Bonds,,0.083235
c0107ab7-19b9-4a73-a85e-65333eaee31a,088a91b9-0596-47d2-aa3b-719eef690847,Non-Convertible debentures / Bonds,,63.709687
c874f589-f4dd-403a-a109-ff3231ad6ea7,088a91b9-0596-47d2-aa3b-719eef690847,Zero Coupon Bonds / Deep Discount Bonds,,2.923643
9800a847-0280-48da-b70f-8bb6d065a5b0,a9bc2020-4791-432e-ad3a-89ee2055acdd,Non-Convertible debentures / Bonds,,38.19941
559fca95-bfcf-41cf-b6b5-70e75af4c7a8,a4082ff9-0f4e-4f6a-b40e-7c3fb072f3df,Non-Convertible debentures / Bonds,,49.179984
f8af6c82-5ba8-4118-a261-84192d99bd82,947d68d3-43dc-4195-8d31-f5da2b52e3c3,Non-Convertible debentures / Bonds,,22.132564
886f413b-987d-4bb2-adfd-599e38a1401e,36b03c53-3d6f-45d9-a832-0775dd236b6c,Non-Convertible debentures / Bonds,,49.159137
46606dd5-6fab-434d-9e3d-efccb1ea923a,4e5173a4-3949-4a41-9d6d-6717dbce964e,Non-Convertible debentures / Bonds,,45.393201
438d7f9b-343d-4c51-83df-bbeccba84288,4e5173a4-3949-4a41-9d6d-6717dbce964e,Zero Coupon Bonds / Deep Discount Bonds,,1.225278
71f34336-9597-499f-b5c4-7c441f640190,b3433f33-f0b0-40b8-9249-3d3bffe52e04,Non-Convertible debentures / Bonds,,70.528374
62890570-da48-4aa7-b7ca-b0f6d77010ca,b3433f33-f0b0-40b8-9249-3d3bffe52e04,Zero Coupon Bonds / Deep Discount Bonds,,1.23152
ef11eeaf-1472-4c5d-a85e-968dd49792e9,ba21454e-1d9f-4e83-a98b-9760cb8d8c1b,Non-Convertible debentures / Bonds,,34.540777
81bff4b9-cdb1-4875-bf37-fd987b12b0bf,780af6fa-d2f1-4060-8390-695c93461379,Non-Convertible debentures / Bonds,,40.865955
8b2e49b9-0992-4365-a96d-012b2943f11a,780af6fa-d2f1-4060-8390-695c93461379,Zero Coupon Bonds / Deep Discount Bonds,,1.273226
3a980c6a-fc56-44fc-a2b0-7053d57f5ca7,aad27759-5340-44cd-bf2e-e9344c47730a,Non-Convertible debentures / Bonds,,70.382776
491b393e-834c-4043-924f-6ff5ac8ad85e,28985f02-80e4-4a5f-b54c-a4974d11799c,Non-Convertible debentures / Bonds,,34.567494
15c53a8a-5725-4e98-8ce1-7a252c31aeec,ab632453-3d87-4aa4-97e3-c4503650708d,Non-Convertible debentures / Bonds,,38.102604
5c6bce88-30ae-439d-b510-b38b38422f7a,fb7370a9-93c3-4175-9fda-c02d3318faf2,Non-Convertible debentures / Bonds,,49.31814
426e00d3-f850-42bd-9105-40d13eb107a0,be891d6e-bede-4cb7-96c2-b2bb00c2a0c8,Non-Convertible debentures / Bonds,,33.67687
40ac46ca-f1d0-42c3-89d9-3915c66c1e74,b624a58c-1863-4de8-b14c-7436b68a04e2,Non-Convertible debentures / Bonds,,54.9521
dc5dadc9-8a2c-49fb-9f9f-f6428fa07af3,c2cf540d-0b26-4658-a66d-1b3e36abc657,Zero Coupon Bonds / Deep Discount Bonds,,1.368726
c0a19088-8018-4891-901d-d65afd0ac357,4730aca3-2678-4061-8ddf-f5d6fdef6ac5,Non-Convertible debentures / Bonds,,41.801184
cbf5a06e-27b3-45b5-b9cb-bd5cdb4bda31,4730aca3-2678-4061-8ddf-f5d6fdef6ac5,Zero Coupon Bonds / Deep Discount Bonds,,1.095903
0f5d19f7-efb7-44de-9c39-75c6000386e1,c2cf540d-0b26-4658-a66d-1b3e36abc657,Non-Convertible debentures / Bonds,,65.741762
f1cdee29-64eb-47cf-abc9-a133ede0913e,d80ae8f5-5486-4936-b727-c279529a5127,Non-Convertible debentures / Bonds,,36.866889
e289fb7c-c4d3-4163-9e0f-15ac3f272996,09a9ff33-4804-4fff-97e9-45425803ec32,Non-Convertible debentures / Bonds,,41.105554
91a01615-4ff0-40e5-9640-8d3267281ef9,09a9ff33-4804-4fff-97e9-45425803ec32,Zero Coupon Bonds / Deep Discount Bonds,,1.469211
0b2267a2-0611-4910-a298-97114c7d1c32,4bfe59b4-84f5-44da-82d1-17ca8225fa26,Non-Convertible debentures / Bonds,,70.218124
23578e05-1e36-4695-b962-0962f6a77bf1,e2071e42-8056-4f46-92dd-2579d1fa5134,Non-Convertible debentures / Bonds,,30.442335
a598f413-54f4-4543-89ea-ca05b9ab9b8a,2d8785c8-b103-46d4-a14a-51e656b8bf7a,Non-Convertible debentures / Bonds,,62.996061
2a4014b8-eff3-46a4-a494-0cf93995cba3,ea1a9c70-e894-4c99-b712-c2fd76d6d155,Non-Convertible debentures / Bonds,,67.013972
94a72993-09b4-4062-8203-1583f56fcacb,ea1a9c70-e894-4c99-b712-c2fd76d6d155,Zero Coupon Bonds / Deep Discount Bonds,,3.149403
a6b8a231-0ab8-4f03-a2de-51b274ea7af4,3a5deb93-702e-41bd-830d-f21d7d0edad8,Non-Convertible debentures / Bonds,,39.223017
e4ee9a2d-15f5-41a9-9768-187b88a6ff15,3a5deb93-702e-41bd-830d-f21d7d0edad8,Zero Coupon Bonds / Deep Discount Bonds,,1.248081
d84fd9a7-dd87-4f75-ad2d-1927d629b786,87eeaaee-7b10-4930-8cab-7e8e692b116c,Non-Convertible debentures / Bonds,,67.697488
8d91b29f-b3ae-47fe-9f86-a8fecdc3295e,4c08ed27-d2e4-498f-952b-cc1176317399,Non-Convertible debentures / Bonds,,1.342137
171076e1-a13e-40fd-aafa-ef38d54bf50a,0feb0b91-96de-4b4c-8a3a-8bc5c3c6bb20,Non-Convertible debentures / Bonds,,0.083118
8a8f0164-50fc-4d63-98f6-f9d5ef6603fb,53bf952e-0cab-4f37-b583-69d71b6be02f,Non-Convertible debentures / Bonds,,63.182498
205867a4-c417-437e-86af-2473503cf52f,53bf952e-0cab-4f37-b583-69d71b6be02f,Zero Coupon Bonds / Deep Discount Bonds,,2.902983
b22c69df-b8da-4f2b-8dea-5952b0791eb5,999fb2a8-e669-4702-887a-c7b882d13083,Non-Convertible debentures / Bonds,,38.295905
df2c5a72-2029-4a45-8ccb-239e64b47572,999fb2a8-e669-4702-887a-c7b882d13083,Zero Coupon Bonds / Deep Discount Bonds,,1.274294
01edec9d-a4b5-484d-b9cd-f9bdc720b573,ce795584-9008-4123-8a30-2c32e13417dc,Non-Convertible debentures / Bonds,,66.412579
945ab493-6aaf-4b00-b4f6-b680661a5e6a,f90563aa-3917-4f4a-9b47-e1a8b99ad98c,Non-Convertible debentures / Bonds,,1.625933
ccf4778e-2137-40bc-9620-51c646147c46,a8963c5d-1930-45ac-bc4f-9d185b410901,Non-Convertible debentures / Bonds,,0.08311
91307a48-43d7-4290-afd4-999ce8dc01a8,31b0a4d2-d7b9-4cc9-bc8b-6db0adb48781,Non-Convertible debentures / Bonds,,62.081198
2b8c8071-380a-4d4c-9fd4-7b6e1d261cf0,31b0a4d2-d7b9-4cc9-bc8b-6db0adb48781,Zero Coupon Bonds / Deep Discount Bonds,,2.881567
a50f999b-56f5-44fd-a4b7-6315b4577373,b593d6ec-1949-4947-84bb-154b0b4cc804,Non-Convertible debentures / Bonds,,38.12714
2f9633fe-380b-441a-8f33-a30ae002eb20,bc438cab-df87-47a3-8f4e-540aa747a3af,Non-Convertible debentures / Bonds,,49.114638
b18d27f2-2ce5-4cf9-b4f1-2ef0eb3b29e5,0ac649fc-965c-470f-a687-3d4f8dad3e43,Non-Convertible debentures / Bonds,,33.921323
dc1e38a6-d207-4261-ab9b-4882505a42b4,c57da99a-206e-471c-823b-bbe9922916c9,Non-Convertible debentures / Bonds,,54.880894
70e25d94-fee1-452b-8488-d6af37ad5507,0d66af3e-11f2-4745-ab5f-b4c38c202405,Non-Convertible debentures / Bonds,,40.762574
92367f85-931c-4412-9019-0406bc2185c3,0d66af3e-11f2-4745-ab5f-b4c38c202405,Zero Coupon Bonds / Deep Discount Bonds,,1.026325
6a3676ac-d745-4054-b5cc-a1641979dc5e,71962331-e82a-4d97-9cde-e3bf14ae5b6a,Non-Convertible debentures / Bonds,,62.856335
be14934f-8bce-47c0-a36c-b07685f7baad,71962331-e82a-4d97-9cde-e3bf14ae5b6a,Zero Coupon Bonds / Deep Discount Bonds,,1.344702
579e43bc-6d3f-4745-b9a4-cd9f58ad7777,303770e4-74f4-4f4c-9e89-d0ab3bafd01f,Non-Convertible debentures / Bonds,,33.935572
3f084d24-84fa-40b2-b050-96069adedc85,2a0a445d-88fa-418e-a241-e0a8f991a947,Non-Convertible debentures / Bonds,,39.421464
39d79477-56a3-42b7-9967-7ca8bc1af673,2a0a445d-88fa-418e-a241-e0a8f991a947,Zero Coupon Bonds / Deep Discount Bonds,,1.457101
4959277b-8075-4fac-be30-8c8efba95658,f7d9748b-ac0b-4cbb-8aba-4b6195a24776,Non-Convertible debentures / Bonds,,68.861332
f1b4c2fd-82c2-4905-9a3e-5c74bbde45fa,645ed815-af76-447e-a056-f3ea7c29af8c,Non-Convertible debentures / Bonds,,26.82166
92ce694f-0de8-43b0-ab7c-6931c49da12c,928b5ddf-36f0-4613-86dd-eca77d155a94,Non-Convertible debentures / Bonds,,62.663677
a31a91c1-b3c9-40b3-bd19-b21a109c2ae5,c7791b0d-86fd-48a1-90e8-df027f6b24a6,Non-Convertible debentures / Bonds,,64.320503
7e912c3e-e112-4a23-a2dc-0f21af7403c7,c7791b0d-86fd-48a1-90e8-df027f6b24a6,Zero Coupon Bonds / Deep Discount Bonds,,3.145762
a198a45b-9f82-4ad3-9f73-c9379ffa0543,70654eaf-d17f-4c1f-90b2-e5b62ab7d413,Non-Convertible debentures / Bonds,,62.782923
da7eed54-7622-4459-92df-eba1f6d9b673,4d0c0519-0667-4605-b05c-5da966b5ff46,Non-Convertible debentures / Bonds,,62.384341
07a6ea41-11e3-4ab6-a8b6-a99e775cd791,4d0c0519-0667-4605-b05c-5da966b5ff46,Zero Coupon Bonds / Deep Discount Bonds,,3.143193
218bbcc7-8a75-49a2-8f86-bc32f1a90e35,c322e17d-05f3-4684-a4c7-0ff0c9a90cfc,Non-Convertible debentures / Bonds,,47.197176
bb085afe-5aea-4bd6-82c8-2f330375ae0b,c322e17d-05f3-4684-a4c7-0ff0c9a90cfc,Zero Coupon Bonds / Deep Discount Bonds,,1.528646
cd342f85-3553-40fd-8ac3-469d71b60524,66a7f267-48ad-4912-ac39-f15c1061a409,Non-Convertible debentures / Bonds,,66.275818
9dc9677f-7699-4d7e-a1a0-22254d4331ed,85de1c92-0fd8-4485-a2df-f67900a3c206,Non-Convertible debentures / Bonds,,0.888104
3c4865ba-ed6c-4db5-b274-e986acf46ef3,0b001522-0b7a-4b43-a310-a42930a3beee,Non-Convertible debentures / Bonds,,0.083621
11bcbf7d-b32d-49a6-ab36-f60f6995b3d9,fe8699d7-26ca-4d14-8db5-dadb75986d37,Non-Convertible debentures / Bonds,,61.914632
3664e15e-ed16-4946-9c6e-83a354ae0780,fe8699d7-26ca-4d14-8db5-dadb75986d37,Zero Coupon Bonds / Deep Discount Bonds,,2.874449
0d217648-bd97-49ba-9a07-f6a559524d77,cbf1b811-1c49-4b13-b180-ec4f7656875a,Non-Convertible debentures / Bonds,,38.46776
2e791160-e5f7-4a58-9d95-8f0a727d9be0,3e516cb5-698b-4f84-9591-b1025b2e40d6,Non-Convertible debentures / Bonds,,48.057652
5ecfb6e1-e53a-4dce-9a34-d36995d5f320,2e5c3dc0-368a-4986-8da4-2b5218073cfa,Non-Convertible debentures / Bonds,,34.160883
e87fea1a-e6df-4dd5-99a7-71622aa619d0,5280b714-3ead-4523-9626-11cc5bffd9b2,Non-Convertible debentures / Bonds,,54.930244
ddac7a96-b445-4450-853b-df084c64840b,a7402020-9df0-4ebd-8e97-561604a3f07b,Non-Convertible debentures / Bonds,,41.226184
dfbb768f-8f15-4bc5-811c-1ee45c22a3e8,a7402020-9df0-4ebd-8e97-561604a3f07b,Zero Coupon Bonds / Deep Discount Bonds,,1.019521
1a01f4fc-aa92-488a-8a44-06598833bb9a,7cbbcb70-6b10-4c03-997b-407da75a7c91,Non-Convertible debentures / Bonds,,62.466067
6220abed-f60d-49d1-b006-ed00e03497a6,7cbbcb70-6b10-4c03-997b-407da75a7c91,Zero Coupon Bonds / Deep Discount Bonds,,1.348697
cdc5aec4-8a20-43e7-9481-739a61b7572f,2c500c08-517f-4cd6-a894-1445c723d18f,Non-Convertible debentures / Bonds,,31.533132
460a0219-ffcc-444d-aacb-3bc71dc5a953,aaf00953-c796-43c6-a6c2-6114d7cb1b17,Non-Convertible debentures / Bonds,,39.564408
298bafb1-ec96-4524-a6a4-e9b0ee803cee,aaf00953-c796-43c6-a6c2-6114d7cb1b17,Zero Coupon Bonds / Deep Discount Bonds,,1.446227
a376ad9b-00ab-4c6c-8705-85fd05e249f6,e2d0ba1f-5f1d-4b8c-8027-d122ca8463c7,Non-Convertible debentures / Bonds,,69.854017
cf9f7b3d-b016-448e-b6de-9811443c4c02,7f671812-dbb2-407f-89e0-dfd92a681131,Non-Convertible debentures / Bonds,,24.94944
45b114eb-da03-43c1-a26b-f68cfe066e4d,e64c4bb1-2f23-4e52-9961-f51bfbcf9642,Non-Convertible debentures / Bonds,,64.354635
e5a9bc94-4391-4040-bbea-de050eed86d7,1013710b-cf7a-4d23-9086-6ff68229be89,Non-Convertible debentures / Bonds,,62.984633
6dc20fb6-d01e-4afa-b74e-d5abfd77a9f2,1013710b-cf7a-4d23-9086-6ff68229be89,Zero Coupon Bonds / Deep Discount Bonds,,3.208023
a2bbd518-ef00-40c9-ba4c-68056c57ffb0,575609aa-383a-4d8d-b28a-37160c534d20,Non-Convertible debentures / Bonds,,53.257187
d4b9bf7c-3f81-4f6b-a865-911258f3dbc2,575609aa-383a-4d8d-b28a-37160c534d20,Zero Coupon Bonds / Deep Discount Bonds,,1.412852
80430086-08a7-43e7-aac5-3f5698838f1f,61579e94-4163-4b16-9eb0-1e4ef5123e65,Non-Convertible debentures / Bonds,,66.233967
46b9ecf7-65b1-4283-ae18-6d6a1ddce0c5,c3fb088d-c0be-453f-b448-b057b8bc600d,Non-Convertible debentures / Bonds,,0.790401
e810c607-41c9-412a-8d99-cdb2ace40eae,c370b9db-9d09-49b1-aa9d-03ce09d7d287,Non-Convertible debentures / Bonds,,0.078904
2d24abcf-8765-401c-8d14-e6bcd12cba8c,bf3ea8b2-f8fb-4b30-827f-509addf4d9ee,Non-Convertible debentures / Bonds,,64.195145
f5b4ecac-11d6-4418-a458-f182f21c0d4b,bf3ea8b2-f8fb-4b30-827f-509addf4d9ee,Zero Coupon Bonds / Deep Discount Bonds,,2.856571
50170c26-b63d-47a3-955f-f5af94e4ede2,360d688d-7144-4458-ad65-33ce15fcfd8e,Non-Convertible debentures / Bonds,,37.974442
70573b0a-4e02-49c6-838a-6145f401154b,7f541c3b-85ef-44d5-b255-dd55f72a886b,Non-Convertible debentures / Bonds,,49.53827
7ae3452e-369e-45d6-acd4-d7226437cbc0,2d802037-2862-4807-9b05-b76e592c3731,Non-Convertible debentures / Bonds,,34.150811
db10a438-4782-43ef-a636-4cffe2e8b138,1c164f90-c8e4-4188-af84-6a1b65bd5804,Non-Convertible debentures / Bonds,,54.980279
acae8b9e-8efc-496c-b565-9cb01a0a8c7e,e85839d7-b6de-4936-92d9-a8e64d2cc7e4,Non-Convertible debentures / Bonds,,40.421176
e73abd20-5339-460b-9c71-bbd3ac402024,e85839d7-b6de-4936-92d9-a8e64d2cc7e4,Zero Coupon Bonds / Deep Discount Bonds,,0.997571
24070fbf-76ba-46ec-be9d-bbddf47aeb8b,3353bb5c-3999-472e-a074-b00430fb2236,Non-Convertible debentures / Bonds,,61.600696
c86e49d8-a741-415e-9c2c-895916a37daf,3353bb5c-3999-472e-a074-b00430fb2236,Zero Coupon Bonds / Deep Discount Bonds,,1.503472
771d465d-3640-4c4c-bed9-528e55e5692d,c18cc7b2-7d46-4f09-899e-e6ec0a71f895,Non-Convertible debentures / Bonds,,28.982324
7724fd75-7a75-460e-bad2-5b95ccd81835,711f46bb-8fc2-483a-be11-0ac12efdb381,Non-Convertible debentures / Bonds,,38.838271
7986c826-5ef2-48b2-92c9-339737dd8fc3,711f46bb-8fc2-483a-be11-0ac12efdb381,Zero Coupon Bonds / Deep Discount Bonds,,1.434033
5a572390-b30a-4c6b-b8ae-27ea3b0a3250,3d7c87ab-66b0-4d80-bbc6-734d98c0394b,Non-Convertible debentures / Bonds,,70.205641
1cad2899-3bec-4554-bde9-bc9257be92c2,f518421c-7206-4b7e-b9a0-cb487eb6eda3,Non-Convertible debentures / Bonds,,26.085658
3b2006c6-ed04-4e68-902c-ef6090873ae9,197002eb-3653-490c-b632-abaf707fdc90,Non-Convertible debentures / Bonds,,56.112568
89d3dab2-a475-4dfa-92e0-050bfe2abf67,197002eb-3653-490c-b632-abaf707fdc90,Zero Coupon Bonds / Deep Discount Bonds,,1.484364
31955905-8e06-4bbc-af3d-20d7703e9e71,e140d848-3ad8-4b89-9419-425d9d72b4ef,Non-Convertible debentures / Bonds,,66.250553
41f7221f-79f8-4eac-9d08-695862251083,12ea2be4-6df9-4f37-9892-032dee2bb4c6,Non-Convertible debentures / Bonds,,0.116515
cdfc0ee9-ff23-44df-9d6c-5b9897d016d7,07d425ca-5e8f-4133-be29-56487a1e0858,Non-Convertible debentures / Bonds,,0.079294
a0b17c9b-1615-49f9-9c6c-d67de98eaf8e,d6b4bd08-5122-4dfb-8b5a-7db281469651,Non-Convertible debentures / Bonds,,62.725708
1c248152-60dc-49de-b549-5bc7e86c284d,d6b4bd08-5122-4dfb-8b5a-7db281469651,Zero Coupon Bonds / Deep Discount Bonds,,2.818171
861a08d9-d796-4925-a2aa-77278d8f8678,44e2275e-9776-4ffa-9c2c-e6b85e0e71c2,Non-Convertible debentures / Bonds,,37.416961
9e98eadc-b7ca-4ed3-943d-95096b1d252b,0966a435-ba15-4b6b-a900-00c74daad508,Non-Convertible debentures / Bonds,,50.998084
cc13a04d-fdec-4608-8ac1-441422d75bdc,e3071ff8-b9bd-4059-b5d3-9d78399a20d9,Non-Convertible debentures / Bonds,,34.569269
1f01fdce-e5f9-4600-bf07-d9517f6fc14a,182512ca-dbd3-4661-92af-d5edbb02036a,Non-Convertible debentures / Bonds,,54.627686
7ffd226d-ccb9-4601-8eee-f20c5dc18295,f50d966c-faed-4c97-bbda-2ae24ef1e4ab,Non-Convertible debentures / Bonds,,39.677958
2e1aa352-605e-4196-a331-257b83ab58a6,f50d966c-faed-4c97-bbda-2ae24ef1e4ab,Zero Coupon Bonds / Deep Discount Bonds,,1.050979
7968268c-2be7-458c-aba1-e13ed3747e00,6cd32567-42f4-4cde-be34-bf771c3b7891,Non-Convertible debentures / Bonds,,64.295899
7addbdf6-fc8c-4dcb-9476-c51ef028c800,6cd32567-42f4-4cde-be34-bf771c3b7891,Zero Coupon Bonds / Deep Discount Bonds,,1.581258
5683e4c1-a641-45ed-a369-bf51a6c58e91,ce635c1e-dddb-498f-b7d2-4751b5e1723d,Non-Convertible debentures / Bonds,,32.790983
33a1798a-876b-44de-85db-ae4733d27b89,e796887c-9360-4567-a477-29a79388da1a,Non-Convertible debentures / Bonds,,38.894005
65e638c4-4e56-4edf-ba80-c984c5fc84cc,e796887c-9360-4567-a477-29a79388da1a,Zero Coupon Bonds / Deep Discount Bonds,,1.424793
8ed5aad6-ce61-4c93-8472-73506cac2863,27e4816a-b8ca-4df3-bec2-26409d8d523d,Non-Convertible debentures / Bonds,,70.0215
857c259e-7cc6-4b8e-a76b-36be5a1f78ac,4c01030e-ed81-4318-b05c-37e8382ab93a,Non-Convertible debentures / Bonds,,26.175279
8c3c4bbd-3e9c-4e31-a74c-6ba55a675fa3,ab05f386-1f24-4278-a4b1-d0fd3e693981,Non-Convertible debentures / Bonds,,69.865653
af9247e5-75f7-4d91-b24e-d0e9f1eb8d94,fd4ad9ab-969a-4c4a-9d5c-af517dd4edfe,Non-Convertible debentures / Bonds,,62.511766
8fd46227-fe07-466b-b6a3-eeb88b8903f4,fd4ad9ab-969a-4c4a-9d5c-af517dd4edfe,Zero Coupon Bonds / Deep Discount Bonds,,3.202458
41ea6f88-57f4-4664-80f5-1e9132f69c64,e3e37018-06fe-49fb-97ec-41708bee52d5,Non-Convertible debentures / Bonds,,24.741562
b8ad2fec-245b-4ae5-91c6-bb65ab93b153,41f6de84-9f10-4c1a-aafa-b4a5b751cebf,Non-Convertible debentures / Bonds,,64.370065
fdb9de19-ba59-462b-bee2-62491d3946f8,70741bc0-bb4d-45fb-a752-bf80b161c34a,Non-Convertible debentures / Bonds,,59.930079
f99e39fe-3d7c-4190-abfb-4bb903654a21,70741bc0-bb4d-45fb-a752-bf80b161c34a,Zero Coupon Bonds / Deep Discount Bonds,,3.180768
66e02e44-71ca-4be3-a4bd-34d4dfd6e50b,4c153c78-1e92-4aa7-af3b-fc15d612b1f3,Non-Convertible debentures / Bonds,,43.741105
c06b06b8-464e-443a-acb3-12e592172f81,4c153c78-1e92-4aa7-af3b-fc15d612b1f3,Zero Coupon Bonds / Deep Discount Bonds,,1.497083
6599ea23-8c81-42ad-8b48-c62128a11bab,820803d8-3f9c-4667-8979-1eb4c07b1fb2,Non-Convertible debentures / Bonds,,64.124258
a1936b97-f3e4-478d-a6ab-9d14e50da419,820803d8-3f9c-4667-8979-1eb4c07b1fb2,Zero Coupon Bonds / Deep Discount Bonds,,0.369524
a65957d5-f9cd-47f1-9817-0d785dc9fcee,79d0c9bd-d101-4726-a1bd-a41494793898,Non-Convertible debentures / Bonds,,0.302625
5409efa9-c302-40f2-a712-6b99a7ebc26b,0ea37abf-cc22-4fdf-9d5c-97b26d054bb5,Non-Convertible debentures / Bonds,,0.074686
8345e554-0550-4bca-88ca-071ea86a66ad,197865a6-c8e5-4141-b9bc-5a3c5461b922,Non-Convertible debentures / Bonds,,60.122076
8aeb0f8b-9f88-4b18-bf6b-0f88b7b8fe41,197865a6-c8e5-4141-b9bc-5a3c5461b922,Zero Coupon Bonds / Deep Discount Bonds,,2.77955
dc21e624-79a4-46d1-8e07-39d2a65fa274,47da40b6-8b32-4003-b97d-0c4847227d03,Non-Convertible debentures / Bonds,,37.760329
91876c59-a0d2-41e4-aa3b-ff42f08a27eb,de375279-1b3e-4b97-8094-838727fa0816,Non-Convertible debentures / Bonds,,49.593726
9d051b5f-80ea-4f62-8a59-4425e12ef919,850362fd-3811-48b5-9445-f9db63305c26,Non-Convertible debentures / Bonds,,34.068148
46793d37-ca0b-4126-af25-ae5c5a54e331,abb6713c-2f63-403a-886b-9c10eaf7f36b,Non-Convertible debentures / Bonds,,53.90841
78de0ae4-7075-4ad2-a66e-4b6932fe6cbe,e002ad48-6022-4ed6-946b-b89bfd5c835d,Non-Convertible debentures / Bonds,,42.448738
ad3831c0-e40e-4b8d-83f3-30752a26141c,e002ad48-6022-4ed6-946b-b89bfd5c835d,Zero Coupon Bonds / Deep Discount Bonds,,1.042162
44d624fd-e1af-415e-b4c4-3c8ef1aca569,a426bd66-2924-4b92-97e0-0cce20313f74,Non-Convertible debentures / Bonds,,60.940896
b2841fff-63cd-4db5-8f74-8882e8d09d61,a426bd66-2924-4b92-97e0-0cce20313f74,Zero Coupon Bonds / Deep Discount Bonds,,1.521938
5ee7a569-72d0-4ddd-ae2c-25bf0614b834,07982967-4b88-41ed-b2aa-6ad45c643386,Non-Convertible debentures / Bonds,,33.967179
9bffe746-dc8d-440b-9821-07adaa19b2d7,c23f835c-62d0-4fa9-9fb7-079177c4e580,Non-Convertible debentures / Bonds,,37.000631
ab16d102-1bb1-4912-aec4-79698301f094,c23f835c-62d0-4fa9-9fb7-079177c4e580,Zero Coupon Bonds / Deep Discount Bonds,,1.377033
7d01448a-4c29-4588-8908-deddd7daa076,015cfdd4-ca5f-494a-a73b-d2f5f6f88401,Non-Convertible debentures / Bonds,,67.727549
59050066-f18a-4c46-8800-4db53f353329,05a5a7a5-496d-4755-b9e4-de34822b2c80,Non-Convertible debentures / Bonds,,59.715402
d24c4e89-bc94-4271-90ac-2d3707bda3f6,d252294c-1246-40a6-89ae-2d090db68aec,Non-Convertible debentures / Bonds,,61.362938
a352224c-56b0-47c1-8ec4-b45fdb2b5bba,d252294c-1246-40a6-89ae-2d090db68aec,Zero Coupon Bonds / Deep Discount Bonds,,3.166905
ff8c6c1c-9b22-4b47-80d1-4c6f502e8d94,fc26d91b-a513-438a-8e0e-2bf3d53d4ad6,Non-Convertible debentures / Bonds,,40.040756
67358044-b085-483d-8b7b-1b5302fc9914,fc26d91b-a513-438a-8e0e-2bf3d53d4ad6,Zero Coupon Bonds / Deep Discount Bonds,,10.582639
a105d458-ec03-4344-97f1-d7dac4294baf,94ae140a-53a2-4bad-91d4-c07bf8a3ea9c,Non-Convertible debentures / Bonds,,57.109448
29173b2f-5e28-4d12-ae38-ebddc4ed8d16,4439b426-5d7d-4990-a41f-cd6936548b77,Non-Convertible debentures / Bonds,,0.437496
61176be2-0eb0-4314-a9e2-38fae1d2e9f0,1f8a24f9-15c2-4223-b090-4ed8007b6865,Non-Convertible debentures / Bonds,,0.073167
380f298d-a433-4f83-a5d2-a9931fc18155,e59e62a1-3c9e-4d54-9f94-bc959c211689,Non-Convertible debentures / Bonds,,59.131838
87b1298c-f76c-4e8d-854d-f9e37f7fdbaf,e59e62a1-3c9e-4d54-9f94-bc959c211689,Zero Coupon Bonds / Deep Discount Bonds,,2.750904
dfaeb90b-4528-4911-bef3-5c0874ad2c60,170cf4c4-13f1-439d-ba61-a2a342e6a4e8,Non-Convertible debentures / Bonds,,38.003273
e20684d0-fdc7-4a49-a719-2925544886c6,e4df8765-5e63-492f-b377-dba57b8119ab,Non-Convertible debentures / Bonds,,48.24124
e32891eb-ba50-4a30-bfbb-b5a86d299cc1,5a0f5a5d-ab06-44f6-8717-d682933b0ce2,Non-Convertible debentures / Bonds,,28.904527
4d59dbd6-d6ca-45ef-88ac-6a1ec27716e3,5cb84e91-891c-4e3d-a7f0-c79b0215b132,Non-Convertible debentures / Bonds,,48.857571
b7969430-3a83-4063-a6e3-3c9435e05c72,128aa7eb-f444-4afe-aadc-bf2a19ff6888,Non-Convertible debentures / Bonds,,41.094468
48749176-8cba-4e8a-bab5-3b90bffd5f4e,128aa7eb-f444-4afe-aadc-bf2a19ff6888,Zero Coupon Bonds / Deep Discount Bonds,,0.899493
cfe2eeb6-4da9-4f98-a1d5-5fb0c4c2ade9,9efb4aa7-c86f-4fa2-87f5-14e57927b16b,Non-Convertible debentures / Bonds,,57.291309
4e81d014-ba3d-4a7e-877f-c3e6062cf131,9efb4aa7-c86f-4fa2-87f5-14e57927b16b,Zero Coupon Bonds / Deep Discount Bonds,,1.521172
11fbc34c-c698-477f-a7b6-561904f66d02,065be8e8-e5f1-40b6-b816-ba92a02177b2,Non-Convertible debentures / Bonds,,30.349329
4e0984f2-239d-4917-97b1-2ba4b8c9967f,a9766f47-9627-409a-b3d1-d71e9939aa63,Non-Convertible debentures / Bonds,,36.267202
da4d23c8-f756-453e-b178-02f59c7247eb,a9766f47-9627-409a-b3d1-d71e9939aa63,Zero Coupon Bonds / Deep Discount Bonds,,1.437296
00ae6c9c-58e5-4dfd-9411-53152c4a5619,92b8edeb-78d5-48c1-95da-1565232761c2,Non-Convertible debentures / Bonds,,66.282236
1e7336d3-2727-4563-add8-86ef75aaf9b9,90982757-26e6-4926-89ff-4c73bdc50e0d,Non-Convertible debentures / Bonds,,19.799811
ead5253a-e3d1-476c-badc-85b1d46a312d,e1d9dff7-fa22-4025-b301-8400bfa12339,Non-Convertible debentures / Bonds,,60.582045
38970a25-3882-4f48-9bd0-5d1397e5dba1,8f956609-f15f-4a37-807f-9e9969d90442,Non-Convertible debentures / Bonds,,61.234441
c95fade7-5267-4885-8c6e-40e4f997956c,8f956609-f15f-4a37-807f-9e9969d90442,Zero Coupon Bonds / Deep Discount Bonds,,3.14788
745931c2-f049-4c99-9706-f795b2270c51,32724d4f-d86e-4ac1-85d6-c5b9e84bb72e,Non-Convertible debentures / Bonds,,44.988853
9be70a86-ac47-4299-bbe7-3efd06825bd4,32724d4f-d86e-4ac1-85d6-c5b9e84bb72e,Zero Coupon Bonds / Deep Discount Bonds,,10.701217
ccdf9a79-f8ca-4977-b7ab-e658793c8c35,b73b7508-06ea-4fc2-bf55-c24e16b69e3c,Non-Convertible debentures / Bonds,,54.419382
22af7405-e5f8-4f85-bb5f-b033b7c6d9e3,e117af92-9a1a-43cd-aef9-b267608520f5,Non-Convertible debentures / Bonds,,3.225621
ba0e9336-6b0c-4e60-a189-4320740ca1b0,e117af92-9a1a-43cd-aef9-b267608520f5,Zero Coupon Bonds / Deep Discount Bonds,,0.053013
093b801a-1fb5-4d34-a559-12502bb66e9c,867dabbc-bb03-434c-ae1c-9aae1d61c8be,Non-Convertible debentures / Bonds,,0.072697
cabdac21-aa44-4cff-b58d-daab05e526eb,37f43b32-d904-4205-b1e5-ab54f48d8157,Non-Convertible debentures / Bonds,,59.159495
c5b7059c-53ef-406d-943b-0bc5c34755e1,37f43b32-d904-4205-b1e5-ab54f48d8157,Zero Coupon Bonds / Deep Discount Bonds,,2.743976
f1e86d9c-8e05-4387-9b57-4af2bc2b74f1,d24ac4c5-c2c2-4343-997a-7f91b8946385,Non-Convertible debentures / Bonds,,37.913547
d0961968-aeab-48ac-86bf-0efa71effe82,15a69581-ff1e-4d29-bca3-7873d0da7736,Non-Convertible debentures / Bonds,,48.522381
ace91a04-7c7c-4f74-81f6-e6f3d04d1802,503ae4a1-8e5e-4c47-9bd3-871c88b84f80,Non-Convertible debentures / Bonds,,29.169328
aef4d559-b14a-4a4d-b5b0-215df17bdf7c,b1ddc212-23a5-494b-92a7-a4c45fa02b42,Non-Convertible debentures / Bonds,,47.335644
f5ae92cf-5114-4f88-94bd-278598cfbc43,2ca06aa1-2082-4dfd-80b6-307ee8dffb82,Non-Convertible debentures / Bonds,,40.740551
0adeb92a-3ed7-47e0-8bf4-ebd2cef18b31,2ca06aa1-2082-4dfd-80b6-307ee8dffb82,Zero Coupon Bonds / Deep Discount Bonds,,0.892627
fc7fc048-9c3a-494e-975b-20ca7bb9f95b,e570bd61-3be2-4cf4-b90a-b4b30b9c0b1f,Non-Convertible debentures / Bonds,,57.6187
0085bc9c-8e58-4b8c-ad72-93bfec4de30a,e570bd61-3be2-4cf4-b90a-b4b30b9c0b1f,Zero Coupon Bonds / Deep Discount Bonds,,1.524648
1f8e5823-84d4-456b-a033-9d71cf8c4e88,1260f009-2874-47b3-98c4-876c6d37ecad,Non-Convertible debentures / Bonds,,30.279139
f55c48ff-eff0-4fb9-b947-ceeb21cf6f55,be04c87b-3912-4b97-bacf-de8395c41191,Non-Convertible debentures / Bonds,,36.412054
29c82af1-7fcf-467f-bd01-476011b4c8c5,be04c87b-3912-4b97-bacf-de8395c41191,Zero Coupon Bonds / Deep Discount Bonds,,1.438227
5df0ee65-7c0b-48f8-87fb-f1a9c8e1acad,800a565d-9f3e-4795-b18d-75d4ba51659c,Non-Convertible debentures / Bonds,,66.571536
650cde83-7c81-467c-90a8-3e848eb9eb64,9df78082-ae44-4be3-8e23-033fdca04118,Non-Convertible debentures / Bonds,,19.90277
1ad9fb3e-b864-48cc-a89a-5a69378fe2a8,72b7362a-0ead-4b79-a51c-1289665063db,Non-Convertible debentures / Bonds,,60.295358
4fd5a724-2074-4048-b2f7-3c98f9030516,800a6d55-52aa-4493-a7ec-ad1ce37bc43d,Non-Convertible debentures / Bonds,,61.386435
89daf815-a022-4e0e-962c-e67a289edc98,800a6d55-52aa-4493-a7ec-ad1ce37bc43d,Zero Coupon Bonds / Deep Discount Bonds,,3.125668
5edb55a2-3552-4073-82e0-924976624505,71f6c738-1d12-470d-b105-78d3661ef0b0,Non-Convertible debentures / Bonds,,41.451993
eb13f14e-5281-4b4e-8f98-71091945f098,71f6c738-1d12-470d-b105-78d3661ef0b0,Zero Coupon Bonds / Deep Discount Bonds,,10.893123
29e07717-24d7-4b3b-904c-6fdc53b6468d,6e52e580-3ade-4cc2-ba2d-bccacb706347,Non-Convertible debentures / Bonds,,50.4942
b9efc0ea-ba39-440e-bf88-3f174fce80a4,af84854b-efd9-45cb-a348-45b40aa38515,Non-Convertible debentures / Bonds,,4.486408
eea162ef-e3b7-4c9c-b2c1-4b7f9c727366,af84854b-efd9-45cb-a348-45b40aa38515,Zero Coupon Bonds / Deep Discount Bonds,,0.061273
7b49c038-a1df-4ee1-a2ed-a90762fafe75,ed551935-7b01-45f1-9d33-19d8d809c8a5,Non-Convertible debentures / Bonds,,0.070702
465727a8-7dd4-4022-b171-3396806a2296,dfecfaf2-d64b-487d-bb9a-83027978490b,Non-Convertible debentures / Bonds,,60.70857
7a5788c5-b40d-4d7a-980c-c4fc105a15b1,dfecfaf2-d64b-487d-bb9a-83027978490b,Zero Coupon Bonds / Deep Discount Bonds,,2.720567
944ed18e-0f7b-42b2-891a-15266b4e8f0f,d4ae10e1-ad2d-4b59-87c6-da473be8058d,Non-Convertible debentures / Bonds,,37.966712
b0252a94-ed92-417e-8021-77725807a04e,248e7151-16f0-488f-9425-2d106864e74c,Non-Convertible debentures / Bonds,,49.456433
82c994a5-7f13-4189-8a99-d46ec0d02a1d,f8eb49f1-cc94-4aeb-a67c-6dea210be6ec,Non-Convertible debentures / Bonds,,29.581037
c4167979-0b78-49e5-8602-fcdb8ea95dc6,d925afc8-003c-4852-83b2-756effb73e15,Non-Convertible debentures / Bonds,,47.179192
b4633d52-fab7-49f5-8edc-313e92ad751b,cbad35d2-e8a4-4d29-9b2a-7d622a4f6bdc,Non-Convertible debentures / Bonds,,43.916414
4ece07b8-ec3d-461d-b11f-1da5ddc3091c,cbad35d2-e8a4-4d29-9b2a-7d622a4f6bdc,Zero Coupon Bonds / Deep Discount Bonds,,0.880848
b787179b-9caa-4f01-bdce-7a968244db03,e0718653-936e-4eaa-98fe-27b5eb69dd1f,Non-Convertible debentures / Bonds,,57.267123
ed2952e2-1960-48e6-a757-ee99fd9da388,e0718653-936e-4eaa-98fe-27b5eb69dd1f,Zero Coupon Bonds / Deep Discount Bonds,,1.517066
751289bd-1d9d-49a7-9a1a-58dddb34980e,59364f12-e3f1-47e2-b005-6ee09d7e4f3f,Non-Convertible debentures / Bonds,,32.39049
210bbe5f-ba31-415e-8aa2-8c36c6a43c90,24b3831d-398a-4f4f-b484-085796555287,Non-Convertible debentures / Bonds,,38.088786
ea85dcc9-3aea-435a-9c10-1acee54ce4aa,24b3831d-398a-4f4f-b484-085796555287,Zero Coupon Bonds / Deep Discount Bonds,,1.425295
16eb8539-133a-44d8-a6b4-338fd28a2733,6877b869-0590-4b44-8a86-96f5ea9896b5,Non-Convertible debentures / Bonds,,67.580908
b9f7a4bf-a596-4cd8-83ae-d71fe667d0e2,63d3663d-fac8-4138-b7d0-aa11df48f551,Non-Convertible debentures / Bonds,,19.724613
92e5c9ad-d9f8-4ea2-80a9-4947bf53905a,dad0fe8c-b3e2-47ba-8229-8e8b4ad53b9a,Non-Convertible debentures / Bonds,,59.758673
966f7093-da9f-4878-8889-57cf2fdd428e,dad0fe8c-b3e2-47ba-8229-8e8b4ad53b9a,Zero Coupon Bonds / Deep Discount Bonds,,2.716453
677351c6-05e8-4e37-a6a8-1e9c2e3635ee,09d1f1a5-e7da-488f-952d-7d1295386549,Non-Convertible debentures / Bonds,,38.180196
2dcfb516-4f1d-4399-8d0d-4b3fd95b65ce,d52b0ba9-4f3f-4d39-86c7-dfa160e1949c,Non-Convertible debentures / Bonds,,47.813418
907941c4-02a1-430a-a683-a208eb3fd1db,0d5d85ac-27d6-429d-ae63-ed2f8858194e,Non-Convertible debentures / Bonds,,29.753952
bb46f287-b536-4c56-bc10-8ca01c7fb101,5d69581e-711d-4c93-9819-0c33a4a18175,Non-Convertible debentures / Bonds,,46.179069
3ad938ad-8c53-4a2f-a916-b87417638634,b1ff206d-17fe-424d-8ee6-0cab27576e9a,Non-Convertible debentures / Bonds,,47.406414
5a08f79e-9d6a-40da-9091-554a5732f0e4,b1ff206d-17fe-424d-8ee6-0cab27576e9a,Zero Coupon Bonds / Deep Discount Bonds,,0.897814
2e3aa2a0-094e-42cd-8333-083f1db47ad4,09d917fe-7637-4746-8937-2db3b5959f38,Non-Convertible debentures / Bonds,,55.744444
94960dc9-6dec-4167-bcbc-f9230b24fe67,09d917fe-7637-4746-8937-2db3b5959f38,Zero Coupon Bonds / Deep Discount Bonds,,1.482495
5f903273-ca94-4e84-ac94-527deecccb1b,3e5581fd-c031-4bf3-ac02-dc23b997b8f5,Non-Convertible debentures / Bonds,,34.905397
39d77ce7-1478-4634-906d-14c942fc8f95,09b73127-f3a3-40b3-972c-7e56d912d44f,Non-Convertible debentures / Bonds,,38.341491
d8dafcff-8ef1-4bc0-9ea5-d16b5b8f9fc3,09b73127-f3a3-40b3-972c-7e56d912d44f,Zero Coupon Bonds / Deep Discount Bonds,,1.424085
a6d25a97-ecff-44d4-86aa-78c5d4775262,40c928e5-990b-48c1-b68c-15cc1c9dc530,Non-Convertible debentures / Bonds,,68.707393
f7d012f4-ebca-4631-946a-9326a3b11010,b7df6923-c6d1-466a-941e-e2fcdef0e94a,Non-Convertible debentures / Bonds,,20.166999
717a5426-21a1-41c5-b725-3929bed067bf,4b960579-40e7-4d2e-bf7e-893dc84fc90c,Non-Convertible debentures / Bonds,,59.119459
33111dbb-5937-4d87-9bde-814d5386d402,4cae050c-636f-4f70-a8dc-e1dee58bae14,Non-Convertible debentures / Bonds,,60.997535
62bf36d5-da6b-4dbe-ae7f-03c2a83e2046,4cae050c-636f-4f70-a8dc-e1dee58bae14,Zero Coupon Bonds / Deep Discount Bonds,,3.127542
b7074fbf-a7a0-481f-a637-089c0301af23,cd6684a5-98d7-40ab-a29d-a9584fbc896c,Non-Convertible debentures / Bonds,,49.284923
129ed169-124e-4e93-9de3-6757cbe5b3b6,cd6684a5-98d7-40ab-a29d-a9584fbc896c,Zero Coupon Bonds / Deep Discount Bonds,,10.61413
94d6bda1-0797-4d8f-9718-f1acb9978bf5,79635475-7969-4fae-ae0b-02911d167cf7,Non-Convertible debentures / Bonds,,47.803258
82b258c0-6bac-46fe-8800-3b158eeb413c,dc73e098-b3f7-4dec-b455-f30e43a91141,Non-Convertible debentures / Bonds,,4.36224
630433ce-cc1d-4f09-a766-9c91b2dd06f8,dc73e098-b3f7-4dec-b455-f30e43a91141,Zero Coupon Bonds / Deep Discount Bonds,,0.061759
fe3771e7-676a-4d55-adb7-f14bc267f30f,99cbf215-eadc-409e-a144-698cff46d333,Non-Convertible debentures / Bonds,,5.285197
3e0b7b03-26b6-4c3a-b7ef-835586c89ed6,0b894809-7041-4b74-8211-ac73216a7d7c,Non-Convertible debentures / Bonds,,62.543376
01528cbf-5c5a-41ca-a77e-9312747d71a2,e1b003cb-f409-47eb-bc16-1c393058f4d5,Non-Convertible debentures / Bonds,,62.656322
ec3dd54d-4b11-45ab-b1d4-057dec6ef1c1,e1b003cb-f409-47eb-bc16-1c393058f4d5,Zero Coupon Bonds / Deep Discount Bonds,,3.136759
52a89bc2-b8ac-4c2f-8c1f-4a04da351430,f869c908-1be7-46be-8ad6-f2494d746045,Non-Convertible debentures / Bonds,,66.565266
6c4ff1d5-64bb-488f-9d7e-a442fb1a93f3,f869c908-1be7-46be-8ad6-f2494d746045,Zero Coupon Bonds / Deep Discount Bonds,,10.905097
57ef1a63-8ac4-4a73-8c43-83045f47d8e3,8ba79e27-d4fc-4ecd-a508-beb3c4df0704,Non-Convertible debentures / Bonds,,49.278966
b8985567-f5f1-4036-92e7-cf9d5f6b2a0c,8ba79e27-d4fc-4ecd-a508-beb3c4df0704,Zero Coupon Bonds / Deep Discount Bonds,,2.664522
7de59c17-92ee-4775-8e3a-dfe317c7797b,39f726a0-24c4-4815-ac6c-1005ea3ce8a2,Non-Convertible debentures / Bonds,,5.41041
556a7b2e-77ec-4abc-96da-ba89314cc981,39f726a0-24c4-4815-ac6c-1005ea3ce8a2,Zero Coupon Bonds / Deep Discount Bonds,,0.070287
4381c580-1e78-4d64-84bb-8bb732b136ee,fcf464ed-c6df-4323-9030-5f56988452bb,Non-Convertible debentures / Bonds,,5.25901
1558b788-6300-408f-b8ed-b2e0fa0aabb2,b64c73d4-b626-4735-8b59-06c2d9cb2a27,Non-Convertible debentures / Bonds,,64.074703
4f1e62b0-6654-4bdc-85ad-f384aae094c4,b64c73d4-b626-4735-8b59-06c2d9cb2a27,Zero Coupon Bonds / Deep Discount Bonds,,2.710742
6558c156-0149-478d-b205-03a7c9888a55,56f866a3-1086-450e-acf2-bc2115fd9bc1,Non-Convertible debentures / Bonds,,38.037135
9f4011ea-65de-4c80-825a-bef21faa047c,103607a3-4723-4565-b948-802ff95ec896,Non-Convertible debentures / Bonds,,47.801239
57d1be15-c6ed-437c-8146-ae3e7d8e47a3,39ac33ed-b05a-46e2-9011-b2e5839f72f4,Non-Convertible debentures / Bonds,,29.961672
3061de8f-09bb-4a2c-a8c8-7bd7d16d7252,c7ad051b-aa26-4c00-98c4-c610022a5e60,Non-Convertible debentures / Bonds,,45.552748
b473ffe7-c91d-48a1-8d78-9722e88a456b,ae6c8342-c8e0-4a88-8964-991d6f062081,Non-Convertible debentures / Bonds,,53.035175
9c4a844a-0f44-4334-9a63-58d5ff2eee0d,ae6c8342-c8e0-4a88-8964-991d6f062081,Zero Coupon Bonds / Deep Discount Bonds,,0.923422
528e1502-3d4c-4acb-acd7-ff4ef1f65f70,0e806506-6522-4aca-a51e-26241a0a813d,Non-Convertible debentures / Bonds,,63.758768
c15cc4e3-59ac-4cfe-9b06-93d0d01628d1,0e806506-6522-4aca-a51e-26241a0a813d,Zero Coupon Bonds / Deep Discount Bonds,,1.644024
2b3b9d30-a0b9-4f00-aa49-ed40b29a9af4,27c8ff99-f65a-4581-b8ef-32b89661022c,Non-Convertible debentures / Bonds,,42.338799
721e0578-c45e-4d11-a605-ad9c5cb99114,6255f4fb-fde4-43a6-ab45-06e5776c0759,Non-Convertible debentures / Bonds,,38.700331
c588332c-d5b5-4a01-82de-9ac9b2e2648d,6255f4fb-fde4-43a6-ab45-06e5776c0759,Zero Coupon Bonds / Deep Discount Bonds,,1.414706
e97ecfec-b3ac-4364-bce3-dee043bcf298,0d5793c7-0f2c-4006-9913-a28374646b0a,Non-Convertible debentures / Bonds,,71.079292
bd7e6a30-12df-4bbe-ac83-24a048a9b965,0d5793c7-0f2c-4006-9913-a28374646b0a,Zero Coupon Bonds / Deep Discount Bonds,,0.64601
2b8becde-538f-4144-8c9f-762e84fa74e2,9addf7fe-8d2a-4916-8f6f-8af3e317bfbf,Non-Convertible debentures / Bonds,,21.043884
17802773-1f50-4cae-b0b1-6c43d52db528,abe3887a-6eb8-4873-9002-748b300fc686,Non-Convertible debentures / Bonds,,61.991729
5b18d9c8-c6c2-4d5a-83d2-2d2c48604f2e,42dd4ae6-5b70-48af-8cb1-813f60181a68,Non-Convertible debentures / Bonds,,62.72316
0330a010-7da8-487a-a5ae-22abe830778d,42dd4ae6-5b70-48af-8cb1-813f60181a68,Zero Coupon Bonds / Deep Discount Bonds,,3.120441
970c3860-ebf4-473f-88bf-e952bb3f4f0e,cee990f6-1330-4f8d-9b35-02dfea9b0d50,Non-Convertible debentures / Bonds,,64.5352
a25c747f-6f1b-4dd6-9f99-c8aa6973543b,cee990f6-1330-4f8d-9b35-02dfea9b0d50,Zero Coupon Bonds / Deep Discount Bonds,,10.192316
4089aeb4-391c-449d-9b09-6a388947e5ff,82c3a1b8-9182-424f-a110-aea95f6e9206,Non-Convertible debentures / Bonds,,52.754348
cd391ada-4b20-4e54-a6b9-14fb2c97c930,a4d9b741-21f2-424c-96d8-479b55609e9c,Non-Convertible debentures / Bonds,,6.046452
a26e84a5-ef9b-43d4-a0fa-89748d133acf,a4d9b741-21f2-424c-96d8-479b55609e9c,Zero Coupon Bonds / Deep Discount Bonds,,0.064238
b373a413-073c-46b5-ab2b-3fb6ac27bbfd,e996c537-3918-43b6-819f-f1bd4ae5071d,Non-Convertible debentures / Bonds,,5.179143
3113fb89-3142-44d8-8e55-1cc916a74a1c,1d115c80-b022-4890-b7f4-b74b3a35ddd2,Non-Convertible debentures / Bonds,,64.544074
6af6303f-1f32-4fd7-9293-40eafe3649e5,1d115c80-b022-4890-b7f4-b74b3a35ddd2,Zero Coupon Bonds / Deep Discount Bonds,,2.673668
2ca1d98b-a662-4d33-97e5-dc3342304009,d1096c13-85a4-4a7b-800f-4c09a0d38d62,Non-Convertible debentures / Bonds,,38.641844
d1b95d7f-4a28-46ff-a821-cb6c3cf6affc,783a9479-3ccd-4c61-acef-0333ecda0e33,Non-Convertible debentures / Bonds,,47.779563
d1780258-6746-49c4-a7e4-2a3b5016b894,c0cf97e9-43df-4048-a870-f6b0f88c507d,Non-Convertible debentures / Bonds,,30.066561
f5b4a270-e127-40e5-a5d8-11d6a0d245cc,124c4b2f-b3f4-4756-be4a-9ff10078f24b,Non-Convertible debentures / Bonds,,41.509659
310c0805-78f9-4577-a645-d24082ee0081,5976105c-a345-4931-897f-03c7f9e6e0a0,Non-Convertible debentures / Bonds,,52.039397
21db675d-5dc1-48db-8b3a-51e0fe0892cc,5976105c-a345-4931-897f-03c7f9e6e0a0,Zero Coupon Bonds / Deep Discount Bonds,,0.89464
7b49a739-31f4-4fc4-a8ad-cfa2e5958c3c,d0a5543f-6e38-404f-b07a-f1c7633dd9a3,Non-Convertible debentures / Bonds,,57.290976
be7ea3fc-f568-4f7a-838d-42939deea0eb,d0a5543f-6e38-404f-b07a-f1c7633dd9a3,Zero Coupon Bonds / Deep Discount Bonds,,1.461337
ace3bec9-cfc3-4f7e-9fd5-0fa0a340f270,4bb0dcfc-f4cd-47a7-95ff-744e7c6a77f2,Non-Convertible debentures / Bonds,,37.31322
ef5b2768-71a1-4ab6-a90c-c1205c98135d,5d26564f-493a-41f5-8432-dce13bb80def,Non-Convertible debentures / Bonds,,38.837125
dd7264e3-f437-4483-b50f-6888946644ba,5d26564f-493a-41f5-8432-dce13bb80def,Zero Coupon Bonds / Deep Discount Bonds,,1.408432
e8216dae-4e81-4bf9-9a92-8554f3887d14,e31be415-03c7-4f16-943d-1f9738105924,Non-Convertible debentures / Bonds,,71.515789
cde7a854-cdee-46b7-822f-e8090b77ca0a,e31be415-03c7-4f16-943d-1f9738105924,Zero Coupon Bonds / Deep Discount Bonds,,0.646383
ece6892e-a230-45f7-ba64-8e500ff37bf9,28b8e1f9-0bc0-4c04-82c4-60620f1b0dc0,Non-Convertible debentures / Bonds,,28.164443
7db6c0c5-2287-404c-aee5-b37e54e87aa0,ff902fbe-e046-4a22-a2df-3ccc08a1f460,Non-Convertible debentures / Bonds,,63.664992
14b990e3-d1a1-4f4d-81f7-17170ec295bc,ab9536de-ef13-4adb-ba32-9901ecb2bc7d,Non-Convertible debentures / Bonds,,62.060525
d10e2cdc-b323-416c-9b36-9706a2f91ae2,ab9536de-ef13-4adb-ba32-9901ecb2bc7d,Zero Coupon Bonds / Deep Discount Bonds,,3.116212
26317b99-b8fa-43fa-a8a6-50dd67b181b0,d3819e30-dbb9-4023-ab5e-f2113e5bb896,Non-Convertible debentures / Bonds,,58.750415
bb171176-78df-4aba-8497-65db770ce446,d3819e30-dbb9-4023-ab5e-f2113e5bb896,Zero Coupon Bonds / Deep Discount Bonds,,3.837348
0cc977b2-8f19-44d2-a3c1-eee47de38f4c,e548700d-1cb4-4474-aec8-8a9d1a038f84,Non-Convertible debentures / Bonds,,50.075368
536aff84-ab4d-4835-b48b-415e78b06c26,d57b0fe3-df3e-49c5-9fc2-534df2eda6e2,Non-Convertible debentures / Bonds,,3.238681
310cbc9b-cb9a-4f41-b5c5-279ad4b37bd1,d7cfcb87-7a7e-427d-90b6-53d87e2184f5,Non-Convertible debentures / Bonds,,5.127895
2573241b-baa4-4b18-90ad-3d8f343ab06b,d6d08827-8ed2-41f6-82eb-eedfae4f304a,Non-Convertible debentures / Bonds,,63.669291
f6f8e597-5993-49b2-8a71-e49b63f33cba,d6d08827-8ed2-41f6-82eb-eedfae4f304a,Zero Coupon Bonds / Deep Discount Bonds,,2.659611
3262ee45-ff81-4157-9bb1-216d3e63b5ab,736ef884-6889-4f50-a485-2f17df18486d,Non-Convertible debentures / Bonds,,38.33073
e5cd6967-ebee-4533-9fd4-a2e574555ba4,8c16b220-8868-47e9-b462-5f860c392e78,Non-Convertible debentures / Bonds,,43.39858
1f3037f1-7f67-416f-baeb-8f3de868e605,82834aa2-d039-46f1-b482-814810cb57e0,Non-Convertible debentures / Bonds,,52.417704
c9e79421-7a13-43f4-8726-1d4db09bcb11,3ca430f4-a25f-4533-9b58-2d52bf30adac,Non-Convertible debentures / Bonds,,30.162814
2cdff84c-1f55-4b5c-a7c3-6c952a7722a0,f022f67f-fc3c-449f-9d32-45bdd0427900,Non-Convertible debentures / Bonds,,42.333822
408d358f-f5cb-4f93-9372-c879736e18de,82834aa2-d039-46f1-b482-814810cb57e0,Zero Coupon Bonds / Deep Discount Bonds,,0.960507
6135648a-1cb5-46db-a696-7508ae0a31cd,c88d2b63-8071-4442-a98b-b4deb288064c,Non-Convertible debentures / Bonds,,57.45015
c735bbe8-9780-4b48-ab4e-3262070657e7,c88d2b63-8071-4442-a98b-b4deb288064c,Zero Coupon Bonds / Deep Discount Bonds,,1.446138
1f1bdd61-9234-4141-ad02-d724b7e84739,85140840-111a-4277-b6b7-490db4d1fb51,Non-Convertible debentures / Bonds,,36.841906
01d82d6c-52eb-44be-828e-2686a6361032,9cf5899f-f821-4903-b7d4-42d186fcd95b,Non-Convertible debentures / Bonds,,39.360338
ed8b44d7-0866-4c3c-9cfd-52d3fa7a34a6,9cf5899f-f821-4903-b7d4-42d186fcd95b,Zero Coupon Bonds / Deep Discount Bonds,,1.40394
708b270e-e497-4948-bef7-62c2c731dd07,58cf225c-1553-446b-9045-35da47bd8ce8,Non-Convertible debentures / Bonds,,75.632026
63510e8e-2bb5-41db-bd2d-cc4625287254,58cf225c-1553-446b-9045-35da47bd8ce8,Zero Coupon Bonds / Deep Discount Bonds,,0.643406
fb7768f2-5243-4c00-89e9-23f41c19524b,b03ab028-7523-4fea-8ea6-1b508dd04978,Non-Convertible debentures / Bonds,,30.248579
bc4665e9-8778-4bfa-82dc-ae4bc1b2a952,0b1056c7-611c-444d-b9bf-ff3af19eea31,Non-Convertible debentures / Bonds,,64.125041
82edb413-6cad-4b72-9aad-2b96b26b21ae,4932aa30-8c7e-48cf-97bc-d2244df4dfcb,Non-Convertible debentures / Bonds,,66.565814
a393a808-d230-4ad6-852e-cf27c649d71b,4932aa30-8c7e-48cf-97bc-d2244df4dfcb,Zero Coupon Bonds / Deep Discount Bonds,,3.10803
ad1fe670-1f8e-416f-8bb2-05fb40095179,1154ec68-e6e2-4f72-b4ea-172e54ea54e9,Non-Convertible debentures / Bonds,,60.440794
1e1aa80b-89b5-4721-871b-dfb33f06697d,1154ec68-e6e2-4f72-b4ea-172e54ea54e9,Zero Coupon Bonds / Deep Discount Bonds,,3.407659
66680fc3-745d-414e-a430-2589d4404475,038138ae-a9f9-42cf-b658-f2120d68885f,Non-Convertible debentures / Bonds,,50.38243
ec6a2ef0-c6ce-4f4b-842b-b9ac74be1214,5fb0160b-5e53-4250-875a-7f2a3ea417b6,Non-Convertible debentures / Bonds,,4.572166
7ca92320-fdff-499e-8e49-74997837be46,40709921-a68d-49ce-810b-ec058b9b5516,Non-Convertible debentures / Bonds,,5.099688
5ca6294d-7bf6-4c55-9871-8e36b5f38a4e,7ee18dc5-446c-4387-9c74-936f8c992a1e,Non-Convertible debentures / Bonds,,65.82141
006cc849-4297-4a92-b88a-a4280920d076,7ee18dc5-446c-4387-9c74-936f8c992a1e,Zero Coupon Bonds / Deep Discount Bonds,,2.660232
be8a2b33-7a70-4967-86f1-d4a2cc49f59d,5c875d2c-13ca-439f-ab59-3c41c7fa184a,Non-Convertible debentures / Bonds,,38.41978
43dcbdc8-b412-4c18-8314-26b21c513685,ad998d41-4c56-47a5-8994-b356d4c6a298,Non-Convertible debentures / Bonds,,45.124298
ef6b3220-d7d9-44c6-8f2c-8c7e86ad9da0,44a49c3e-7e01-4373-b40b-18d0a6e9a3c3,Non-Convertible debentures / Bonds,,30.348329
92588788-4c5a-46cf-934a-ccb92e17e8e0,c1f9562a-71aa-4dcb-a427-37dd80c38f43,Non-Convertible debentures / Bonds,,42.12948
9ff42f4b-34b9-4d99-b20d-80395dd6637e,adb2fc1c-a90d-4943-a4b7-8d5b220ff513,Non-Convertible debentures / Bonds,,53.939348
5bf2143a-4ae7-45e6-8404-7631d156da7c,adb2fc1c-a90d-4943-a4b7-8d5b220ff513,Zero Coupon Bonds / Deep Discount Bonds,,0.97848
f47bb978-2cc1-4704-a634-058f848b43a9,d6766090-7f29-4766-bad4-b5bd85e90fbc,Non-Convertible debentures / Bonds,,59.89541
aab3c312-9057-41b8-8bb3-970212821289,d6766090-7f29-4766-bad4-b5bd85e90fbc,Zero Coupon Bonds / Deep Discount Bonds,,1.476163
3252d6c9-8b42-4e34-9cc0-f425c3ba7714,9fbbcbaf-e3e9-4495-ad54-abfdbce67972,Non-Convertible debentures / Bonds,,41.990932
fd8942de-cf4e-41c2-97d6-fc1a6f0fc1f4,2b5995be-b01d-41ef-82f7-20a5d3d42feb,Non-Convertible debentures / Bonds,,40.921207
aa7f659c-692f-4062-98dc-9c674d02346f,2b5995be-b01d-41ef-82f7-20a5d3d42feb,Zero Coupon Bonds / Deep Discount Bonds,,1.402538
3d691818-5fef-4991-88bb-94fa3c0b7ada,b113fe50-04cc-4f7f-8931-838d2015f7c7,Non-Convertible debentures / Bonds,,74.593497
2cc0e963-92cc-4fe2-95d2-8e26b8648b73,b113fe50-04cc-4f7f-8931-838d2015f7c7,Zero Coupon Bonds / Deep Discount Bonds,,0.638382
8498cd01-69a5-4ed8-83f8-e4f8375ddfbe,c501da8a-5baa-4951-a06f-ec339a0f7ee5,Non-Convertible debentures / Bonds,,33.283403
f81ee3e0-e860-4ce8-9a78-a2b80ce3c426,9ddfc7c8-a6f8-4f82-ac53-b6b2d4c5afa5,Non-Convertible debentures / Bonds,,82.147735
79d4fa28-c3c9-4f47-ba54-f1cc89062cbd,31a75f41-c02c-4dee-b91f-fd379797a242,Non-Convertible debentures / Bonds,,61.979829
20fd12b9-d26b-41e9-94c5-6619d85deafd,31a75f41-c02c-4dee-b91f-fd379797a242,Zero Coupon Bonds / Deep Discount Bonds,,3.382352
2bbde9a1-6cfa-447f-b5a7-1488928ae4b0,d9156623-2aa7-4d73-b758-3df5036ae72f,Non-Convertible debentures / Bonds,,53.762831
d58302a9-2803-43e0-906f-79d32d05bec1,545e5702-19b2-4fa2-9967-f56891bbb8e5,Non-Convertible debentures / Bonds,,5.192891
f40b3f3e-e1d4-490a-8ca1-0414be1c6352,37dbae25-2110-4dba-8171-8e04e39ef527,Non-Convertible debentures / Bonds,,5.043215
2f295dc2-641e-4ca5-a68c-7bc375e0c345,d26b6ac4-c957-41db-b0e0-1c80ef91dfe3,Non-Convertible debentures / Bonds,,65.573851
d0717eb7-63d2-495b-9424-2c55829e3451,d26b6ac4-c957-41db-b0e0-1c80ef91dfe3,Zero Coupon Bonds / Deep Discount Bonds,,2.655347
ed9483a0-5cff-45a4-b1bb-f639431f051e,5764061c-4ebf-4586-a5e8-5f5b99dd17a7,Non-Convertible debentures / Bonds,,39.222736
bc81aef4-4b97-426a-a363-2a840f96dd74,1abf49d2-50c4-4ff0-b36c-4882498777dd,Non-Convertible debentures / Bonds,,44.649347
a101a4dd-4f2e-41f4-bd05-7112e4cdfe68,b84921d7-31e0-4a9a-b9e7-2d7736dfdd9f,Non-Convertible debentures / Bonds,,30.593979
5c17460a-9be5-434c-bc2f-5f3eda12269b,8acde5a0-e668-433e-b78e-06494f0f04b0,Non-Convertible debentures / Bonds,,44.022378
94166a42-1764-4301-97e9-9109abe6186f,da539ab3-e7be-4123-8497-8032a5fc19f8,Non-Convertible debentures / Bonds,,55.013778
646bdf41-4552-413a-8cbf-1ff92a89d2c6,da539ab3-e7be-4123-8497-8032a5fc19f8,Zero Coupon Bonds / Deep Discount Bonds,,0.995327
ed4b6b88-7153-43bb-82e7-4cb22e9db644,fd7a4d77-a2a2-41f0-832d-6df3ab92ec32,Non-Convertible debentures / Bonds,,60.516535
01697fc1-f688-4a4a-a9a5-a6394d841245,fd7a4d77-a2a2-41f0-832d-6df3ab92ec32,Zero Coupon Bonds / Deep Discount Bonds,,1.572361
9975557e-7518-4bec-9e13-5ca5f19fbaf9,f7a43530-53c7-485d-8e17-4b516a2e30b9,Non-Convertible debentures / Bonds,,45.135853
40fe079d-5a4e-456e-aaae-b529dad155a7,df2c0a42-75fe-43ee-b207-a3a1c3e3f7c3,Non-Convertible debentures / Bonds,,41.005778
fc585b3a-cad7-4f19-a5b6-5ff38da068fb,df2c0a42-75fe-43ee-b207-a3a1c3e3f7c3,Zero Coupon Bonds / Deep Discount Bonds,,1.396919
d171355a-50c2-4d08-8cff-c621625cbb84,5f170cc1-82f9-44c7-9967-db2ca35b0687,Non-Convertible debentures / Bonds,,73.336042
3dc87bd4-25a0-4067-8f35-69e36c51a387,5f170cc1-82f9-44c7-9967-db2ca35b0687,Zero Coupon Bonds / Deep Discount Bonds,,0.636628
ed647c9e-3c5e-43a1-918c-5d17e6197088,634b88cd-3004-47cf-a5fc-fb5c643a23cf,Non-Convertible debentures / Bonds,,32.822767
2ff65438-4c22-4a95-8707-47e8ace14c10,fcc98b18-754a-44e6-b980-7bf06cbe7e72,Non-Convertible debentures / Bonds,,62.766545
6c910a32-1a94-4aa8-9392-35d722dd0cdc,fe17a5f5-1484-47b2-a6b0-8af7c3f8d4ca,Non-Convertible debentures / Bonds,,67.023451
083d1ee0-e7c9-4a8d-b744-cbab4ec6cf25,fe17a5f5-1484-47b2-a6b0-8af7c3f8d4ca,Zero Coupon Bonds / Deep Discount Bonds,,3.100829
