keep_id,drop_id
6b869cc7-4093-4897-b31f-06c5a57158b7,98eebb4b-25b1-4aed-8dbf-166d2afa4ac9
c39d55e8-b330-4221-b531-ba04eb8b96cd,3eddcb58-221e-4e51-ad87-ebd1e6b9bf0a
26dfb532-ac6b-462f-a633-ffd67eb0251d,ac4fe216-b9ad-480c-bc14-b8195380cedf
26dfb532-ac6b-462f-a633-ffd67eb0251d,03e94377-2c62-4a81-a5e3-b9d3f10c72f3
26dfb532-ac6b-462f-a633-ffd67eb0251d,595eaa0e-cd01-4584-92d6-53690d29fe4f
26dfb532-ac6b-462f-a633-ffd67eb0251d,b6aff30a-344e-4044-b67b-5370b3778531
26dfb532-ac6b-462f-a633-ffd67eb0251d,ef811435-6333-4473-8467-480cd5573724
26dfb532-ac6b-462f-a633-ffd67eb0251d,561fde3d-93b4-4997-82f7-0fe6dd66ffd6
26dfb532-ac6b-462f-a633-ffd67eb0251d,7cf05ad1-2c79-40e8-8c11-2578c1dd878f
26dfb532-ac6b-462f-a633-ffd67eb0251d,9a9e1bb0-4f52-4c90-8cda-c1323cb27752
26dfb532-ac6b-462f-a633-ffd67eb0251d,f50dd6ca-74e9-47a1-b0d8-fa7407ec4632
26dfb532-ac6b-462f-a633-ffd67eb0251d,af7b43c7-b22d-4ff6-b4fa-94e976a80e17
26dfb532-ac6b-462f-a633-ffd67eb0251d,c12d7b07-c2aa-41e0-9d44-23b7b9c5a5a9
26dfb532-ac6b-462f-a633-ffd67eb0251d,6fb06a36-1568-4b43-b822-1bee04a3940e
26dfb532-ac6b-462f-a633-ffd67eb0251d,b7224c12-9fea-4d56-8e40-66e8a8698358
26dfb532-ac6b-462f-a633-ffd67eb0251d,fad97361-7dd4-49f1-9ac6-804f4baec973
b030bc4d-3b93-483f-89ec-285d3af7d580,dba288c0-58c5-410d-af95-a03667a1c104
b030bc4d-3b93-483f-89ec-285d3af7d580,8f2a9aa2-3641-4e0f-9300-7a44c9d0ed6a
b030bc4d-3b93-483f-89ec-285d3af7d580,2a6ab15f-6bad-415c-8575-2c1068c62c4e
b030bc4d-3b93-483f-89ec-285d3af7d580,792c1917-8566-4f1f-8dbc-090767bbe8bf
54e2807f-d8fb-4a0f-bbc7-27c19c6eedfb,6415efd0-fabf-4901-91c3-617c6d53c4c7
54e2807f-d8fb-4a0f-bbc7-27c19c6eedfb,d6fa3a55-1274-4d75-8ffc-ae69448480bd
54e2807f-d8fb-4a0f-bbc7-27c19c6eedfb,1aa29ae5-dc22-4d5e-8384-6b96162f0f53
54e2807f-d8fb-4a0f-bbc7-27c19c6eedfb,4c19e893-ba18-4e3d-a9e8-e6e09a77d5d4
54e2807f-d8fb-4a0f-bbc7-27c19c6eedfb,7792572c-8f48-420d-978d-9a67666f4f40
54e2807f-d8fb-4a0f-bbc7-27c19c6eedfb,6eab4c96-594d-4070-a003-ba9bafb5a2a8
54e2807f-d8fb-4a0f-bbc7-27c19c6eedfb,5db3c23c-4948-4e5b-9e39-3c2e2aa1bd80
ad7d3684-b543-4321-a0d0-b8866032725e,7e6f3652-860a-407c-8510-d4b0aa42c719
ad7d3684-b543-4321-a0d0-b8866032725e,c1887695-937a-4f0e-9213-110a40b6db6c
ad7d3684-b543-4321-a0d0-b8866032725e,5ccccca8-1541-48b3-af18-9aab79764148
3c257084-1e29-4689-a263-ebd73f53aed1,4bbb0356-408e-4f88-afc6-2fdb533b3d03
3c257084-1e29-4689-a263-ebd73f53aed1,5751eb62-21d7-4519-88da-f72207097060
3c257084-1e29-4689-a263-ebd73f53aed1,77299d52-221d-4d57-a54d-bfb4eda478fb
acb4f0b2-b453-4440-8fbf-675fac27a8a4,0426efdc-eb29-49da-b541-5efca4550758
acb4f0b2-b453-4440-8fbf-675fac27a8a4,ddd40185-73e4-417b-827b-e1473dd20e4f
acb4f0b2-b453-4440-8fbf-675fac27a8a4,fbf631de-4bd9-49d7-a396-b4410530690a
acb4f0b2-b453-4440-8fbf-675fac27a8a4,89757ad7-7d2e-4584-a03e-36f7b2e9d13b
acb4f0b2-b453-4440-8fbf-675fac27a8a4,5376bcac-ecca-46b0-b0b1-4955aebee7f1
acb4f0b2-b453-4440-8fbf-675fac27a8a4,51daf9b2-d9f3-41df-b4cb-663428ccc223
acb4f0b2-b453-4440-8fbf-675fac27a8a4,21ed13d2-94d8-41f6-8c8c-d3fffdc88636
acb4f0b2-b453-4440-8fbf-675fac27a8a4,a9c82ea4-f154-4415-958d-edd14663f67b
acb4f0b2-b453-4440-8fbf-675fac27a8a4,a50d9be6-2a1f-42dc-8c3d-d99859d29a8c
acb4f0b2-b453-4440-8fbf-675fac27a8a4,b5e137aa-f467-4c5d-b69c-b2fd3d7136cd
acb4f0b2-b453-4440-8fbf-675fac27a8a4,58ad3160-adb4-4a72-89a7-96535ea4d1f5
acb4f0b2-b453-4440-8fbf-675fac27a8a4,e26a0e39-ae1a-4875-8429-3f73c5109441
8a63c871-8459-436b-8423-79a9783267ea,892afab3-8f84-408a-8ad0-fb9bef725ada
286e5f6d-b4bb-45aa-a2b6-a146cae4c715,c4d1aee2-bcb1-4a02-8ebe-bf473ee90555
286e5f6d-b4bb-45aa-a2b6-a146cae4c715,da0405f3-ca03-4211-80d1-49cfc1a381fc
286e5f6d-b4bb-45aa-a2b6-a146cae4c715,6ca25c51-b4c0-4d0a-acf8-154f58654ad2
54396542-fd7c-4c2a-9ef9-62ca85eafd63,c08735dc-c20d-4c0f-87ff-fc3911f8a2d4
54396542-fd7c-4c2a-9ef9-62ca85eafd63,3d6949e4-203e-44c6-8b0c-88a10542090c
54396542-fd7c-4c2a-9ef9-62ca85eafd63,0f4898c6-df47-4779-853e-d1d0c55426f0
5e2cc087-0b09-4120-b8ee-1189f82f9061,9a207d11-9842-47f3-82ca-b12a64991ef0
5e2cc087-0b09-4120-b8ee-1189f82f9061,93f82714-936f-40e3-8eed-bbeef133107f
5e2cc087-0b09-4120-b8ee-1189f82f9061,76c652f9-afbf-40a6-a76d-6cca04d63ae7
5e2cc087-0b09-4120-b8ee-1189f82f9061,60891a67-1aef-493f-8396-64dcb5432587
5e2cc087-0b09-4120-b8ee-1189f82f9061,0f2797db-273f-474d-b7a0-be7be093ad77
5e2cc087-0b09-4120-b8ee-1189f82f9061,9f1d8931-df6d-494a-a614-f2640ba51e46
5e2cc087-0b09-4120-b8ee-1189f82f9061,39ce8dfd-06d8-4a96-aadf-e149e3826cc8
eaec3105-7481-4ca2-a3b5-ae2e537c6bde,d7b68a06-218c-4f7e-a5be-846565896985
eaec3105-7481-4ca2-a3b5-ae2e537c6bde,f4ac76ce-3d8a-49db-b119-bc0fd0fd6051
eaec3105-7481-4ca2-a3b5-ae2e537c6bde,053e9a0b-10bd-42b8-abc7-bd422af9ec63
eaec3105-7481-4ca2-a3b5-ae2e537c6bde,0a20e67d-2715-4984-b780-d73cc54eb95d
eaec3105-7481-4ca2-a3b5-ae2e537c6bde,a433d0f1-ee81-4134-8ba4-7706d5c9d2e1
eaec3105-7481-4ca2-a3b5-ae2e537c6bde,79a9daca-13cd-4659-bac7-c3711fcf707f
eaec3105-7481-4ca2-a3b5-ae2e537c6bde,bf3992e8-358f-4f1c-b2fb-c0b8ea849e00
eaec3105-7481-4ca2-a3b5-ae2e537c6bde,6879533b-d347-40b4-864a-6e644a8e0085
eaec3105-7481-4ca2-a3b5-ae2e537c6bde,76f87e7a-8b12-4cc2-b6f0-043ba4cc76fd
eaec3105-7481-4ca2-a3b5-ae2e537c6bde,c699bb2c-5811-40d9-b4a0-ea7715624a16
eaec3105-7481-4ca2-a3b5-ae2e537c6bde,148fda89-05a6-4d1d-bad1-a16ea5a774a7
2940d67f-5618-44ba-9829-027a9e794e52,d37c0261-7bca-48ee-ba26-6062bdd02d1a
2940d67f-5618-44ba-9829-027a9e794e52,20a0afa7-ba39-46a7-a3f0-9dc6e4675766
2940d67f-5618-44ba-9829-027a9e794e52,af47e3a2-974c-4946-b7e1-e309e0c5d765
a93a80ab-0979-41f5-8b30-4e53023ed7c1,138d4884-7c12-418c-9e37-efc18765c142
a93a80ab-0979-41f5-8b30-4e53023ed7c1,51ceb2bf-12bb-4c92-a551-8e71777d83aa
a93a80ab-0979-41f5-8b30-4e53023ed7c1,99f6d0c9-5727-40b1-a452-e819b1e784c6
6be2e569-10ca-4453-ad05-a60ec34e16e2,e7786aa1-4dc2-4f3d-8c23-572ed2910c47
6be2e569-10ca-4453-ad05-a60ec34e16e2,b1eaf843-cc9a-4d27-8372-d3cd1523e31d
6be2e569-10ca-4453-ad05-a60ec34e16e2,4c212f80-cbbd-4caf-a907-7ebc8dcdfbc6
fe3efe0f-e1cb-495d-b954-22f55f84e92f,c0571734-4b49-4be6-8325-81a9de4b2bf2
fe6552b0-1f59-4076-8092-c2700f61d77c,d545e0ef-1ba4-4d7c-ba11-05e60516a005
4c8a3f42-6e29-4901-bf0a-2d71a253711d,a298922b-f58b-4747-9fd8-3895055d5ad4
732ee85c-13e3-4043-b661-72e41f1fb495,58933454-24ee-4a12-ba9f-546623ccd334
732ee85c-13e3-4043-b661-72e41f1fb495,534d989c-5559-4e1b-b2d6-0110ba081048
732ee85c-13e3-4043-b661-72e41f1fb495,9e9b73ac-1bc0-4462-ae0b-4a223c9583f6
d34e0346-7979-4311-beac-33d15b2c6379,0f5d54ad-123f-40fb-b045-ea8a13e8f43e
d34e0346-7979-4311-beac-33d15b2c6379,7f8797ad-e789-452f-896b-da29eae5f061
d34e0346-7979-4311-beac-33d15b2c6379,7f760671-a1b6-4c16-9762-1169e504b0a6
b626e52c-543a-471b-bd95-aa502bf5b620,adecef5c-569c-4037-b1bd-ca1cd1aca438
b626e52c-543a-471b-bd95-aa502bf5b620,b62718ab-4ea0-40ed-a61e-f6b025521c13
b626e52c-543a-471b-bd95-aa502bf5b620,7d11b4ac-c25f-4224-b3d4-da143a50abe0
8ef4e008-aef0-4f39-9785-a5f542959d87,7046a477-fd9b-45e1-9fa8-8ce07a7e0154
8ef4e008-aef0-4f39-9785-a5f542959d87,ec7a4ccc-fee0-4f9a-8be2-dfd93cb8c7c3
2b3a480b-4dab-411b-93c1-906079aed02a,630210c6-99f9-4b0d-9b8c-faa113b345b4
2b3a480b-4dab-411b-93c1-906079aed02a,bc622ed7-700f-4c2b-9460-419c1cf04600
2b3a480b-4dab-411b-93c1-906079aed02a,0c507fe9-fb09-44ca-b0bf-87203e2b5aba
f3d5ebd0-2e14-4171-a9b7-074b78a29947,7a08137c-c1a7-412a-a0df-d023d0b26502
bd61978b-3ff5-4918-ae5a-0ee3a6961a4a,8b9e55c6-cca8-497d-9b38-0b0a511429c1
794386db-01ec-4331-882f-bc7aaeb668a2,1ade12f6-1694-4acd-83ec-1688e1f52f34
bd470bf7-88a6-44fb-b70c-e35b054e159f,54bcf8b1-1c45-4998-b24d-30b9539c5414
e23c9397-27ab-4f3c-a40b-1ceb0944d980,98bbb32c-65c7-4349-a811-bb1eb27fc091
1b0a18c7-66dd-4b34-8757-8d75561b7bdc,d218719e-16ec-4897-89fb-2710fe8c4913
1b0a18c7-66dd-4b34-8757-8d75561b7bdc,3c903572-c72f-4e08-8aa8-ce790be8c1ea
1b0a18c7-66dd-4b34-8757-8d75561b7bdc,0c802a5f-a9b3-42a9-89df-7c9320d44327
8934e23b-eb71-4588-9e0f-2dd6333b31d7,6b0a8c01-8419-4d1b-a532-cb9241ca8b21
8934e23b-eb71-4588-9e0f-2dd6333b31d7,a3330b9a-c4cd-41b2-86c5-c6cc9342b31b
8934e23b-eb71-4588-9e0f-2dd6333b31d7,e5be71cd-1193-4b7c-8d3f-29b96447517a
fdf6f1f0-afc6-459f-993c-87640f0ca847,d6e1f193-4b24-4aba-8a8b-ef8a6df8218d
fdf6f1f0-afc6-459f-993c-87640f0ca847,cabd9c89-8208-4029-9baa-ba30ccbb1816
fdf6f1f0-afc6-459f-993c-87640f0ca847,bc970d5e-9dc3-4ba4-8517-247dd6838183
fdf6f1f0-afc6-459f-993c-87640f0ca847,20e22757-6a93-4e58-8102-396ba968f1ba
8a39a34f-7e67-47d8-b683-68d73337d17e,14b0497b-f013-4d32-9dc2-3e56e77e9a50
8a39a34f-7e67-47d8-b683-68d73337d17e,aa535526-6c7e-48df-b6b3-7b31a4aed32f
8a39a34f-7e67-47d8-b683-68d73337d17e,45effba6-3d55-4cea-8dfc-cb29f02edb6d
8a39a34f-7e67-47d8-b683-68d73337d17e,e73eea05-7e68-41c5-8083-6fd8ba41c1ae
8a39a34f-7e67-47d8-b683-68d73337d17e,0ce2edf2-5b7e-4147-b240-6975f4ff16c6
8a39a34f-7e67-47d8-b683-68d73337d17e,42e75a23-da34-4ed0-ad49-99832edc3e53
8a39a34f-7e67-47d8-b683-68d73337d17e,7e7b9007-9ad4-4f57-a7dc-3d23799ad384
8a39a34f-7e67-47d8-b683-68d73337d17e,d401367d-6606-4a8d-8aa8-655498d26110
8a39a34f-7e67-47d8-b683-68d73337d17e,16135c58-b0f0-4053-891f-31aec79bbb89
8a39a34f-7e67-47d8-b683-68d73337d17e,086d5833-ea61-456c-afd2-f55e19092ede
8a39a34f-7e67-47d8-b683-68d73337d17e,7960cd95-f460-4dcf-b1b9-ec5e61b55645
8a39a34f-7e67-47d8-b683-68d73337d17e,ba11c540-82e6-484d-ab81-eeaecc3f4dc1
8a39a34f-7e67-47d8-b683-68d73337d17e,abbfd500-a469-4be4-aabb-74021cea90cf
8a39a34f-7e67-47d8-b683-68d73337d17e,6f3c0b28-017d-4323-bf2b-5809508656cf
8a39a34f-7e67-47d8-b683-68d73337d17e,371bb52b-e613-4c7d-abdc-eac9de06b52d
8a39a34f-7e67-47d8-b683-68d73337d17e,edd5ef81-253b-4383-9dab-2a68ce43be25
8a39a34f-7e67-47d8-b683-68d73337d17e,6b3a04d1-ce18-4b48-9a3e-2a6b658f22e6
8a39a34f-7e67-47d8-b683-68d73337d17e,b6c59c0c-7e21-443c-ae38-81ff1ba3ea07
8a39a34f-7e67-47d8-b683-68d73337d17e,330b75a0-5f7c-4efa-8530-542101abeb97
8a39a34f-7e67-47d8-b683-68d73337d17e,98066e78-446d-4158-912d-b4978e253dc7
44e8c918-271f-4ca3-b6d0-3678a3f40daf,c09ad481-fcd9-4cc9-b425-3b63c98e97bc
44e8c918-271f-4ca3-b6d0-3678a3f40daf,37270864-ccdd-40e3-b227-a1417df072bc
44e8c918-271f-4ca3-b6d0-3678a3f40daf,1b359267-19a6-4342-8371-04d11678a3d8
44e8c918-271f-4ca3-b6d0-3678a3f40daf,bf020116-9d12-4f3d-a75b-1d417dcd93cb
44e8c918-271f-4ca3-b6d0-3678a3f40daf,7ab5ebdd-1b91-4846-b54f-2e2b6dfe4c9f
44e8c918-271f-4ca3-b6d0-3678a3f40daf,26c2b3d7-2605-4d94-b305-1f1fd1ee2e2a
4a351081-4fe8-488d-85fa-507675c4d9f1,3cbcddd7-1ee6-44b6-87bc-80878ccbed57
9abbafe9-78c5-46b7-a330-08c1c8398d3b,692e246d-9215-4e03-9b37-dc9684d324be
9abbafe9-78c5-46b7-a330-08c1c8398d3b,714ac9cb-bdac-4913-be53-22ba77c4dd23
9abbafe9-78c5-46b7-a330-08c1c8398d3b,5dab639f-9213-4997-87a9-fbf9421de991
9abbafe9-78c5-46b7-a330-08c1c8398d3b,3912b974-ea04-47af-b408-177699089230
41db4c1d-7923-43b5-8e3b-73feaf43a359,d5fbf5cb-1f94-4e5e-9776-2698186aece8
41db4c1d-7923-43b5-8e3b-73feaf43a359,889d67ee-ef0c-41ef-b50c-346be2e8dc55
d5a6aff8-91b9-4314-96d2-93827b8b83ed,8daefdd5-420a-4abd-be68-8e154d3abef8
8e93eadc-aa9e-49c2-a47e-0bf8e0595240,241d56fd-808e-4b85-b9f6-2bf2e7d92822
8e93eadc-aa9e-49c2-a47e-0bf8e0595240,4b6dc1ab-ca83-4ded-9a01-07ab625963c5
8e93eadc-aa9e-49c2-a47e-0bf8e0595240,142454a3-5da5-4f4e-99db-0187ca2b13b2
685c6db5-8604-4ada-92b5-5cc9232ca709,c4edca37-3ef9-43bb-b84c-38fa3bb441e6
685c6db5-8604-4ada-92b5-5cc9232ca709,1b2dd2c6-ed7a-4195-be65-2e6e7d2f3aa9
685c6db5-8604-4ada-92b5-5cc9232ca709,66a280e9-28fe-4b46-8709-dd6b34db6266
5a2ef34b-1a60-4073-b6e9-f65661149ac8,9fea7958-51a4-4552-a5f1-706fcf2903c2
5a2ef34b-1a60-4073-b6e9-f65661149ac8,ffeee81b-9f9d-4e00-9791-45068ee10a07
52371d41-129b-4fc1-8f9d-e0f9b7bc2bd8,2374f1da-13f7-4f4a-aaef-29085f7ae8dd
52371d41-129b-4fc1-8f9d-e0f9b7bc2bd8,f16ab094-6563-454d-b0fc-83d7fa4316ef
52371d41-129b-4fc1-8f9d-e0f9b7bc2bd8,7e215ef8-25b1-4843-8a0e-f4c19264ee1f
52371d41-129b-4fc1-8f9d-e0f9b7bc2bd8,1f1c043a-a74b-4baa-be0e-84a09d1f44ce
52371d41-129b-4fc1-8f9d-e0f9b7bc2bd8,5ef528ca-d7d8-46a6-a033-c2835c70dcaf
52371d41-129b-4fc1-8f9d-e0f9b7bc2bd8,b43f0d11-43d0-4c49-a22c-1640e0f28ebb
52371d41-129b-4fc1-8f9d-e0f9b7bc2bd8,f72fa22c-5113-4e50-9dce-f6d086afd7b9
52371d41-129b-4fc1-8f9d-e0f9b7bc2bd8,4c70f57a-9fc9-47e2-b5d3-f10b095eb6c2
52371d41-129b-4fc1-8f9d-e0f9b7bc2bd8,9e692ee4-dbba-47cd-8e3b-d9e463fbc6dc
52371d41-129b-4fc1-8f9d-e0f9b7bc2bd8,3fe14fe1-7535-4480-a95f-bcc490248418
52371d41-129b-4fc1-8f9d-e0f9b7bc2bd8,30097fd3-ba2a-4b7c-8a65-97ecc6d3cbbf
07b09cd9-417a-4901-b68a-f35b844ece04,6b321422-a29f-45ae-b95d-ddd11010178a
07b09cd9-417a-4901-b68a-f35b844ece04,9345458d-7408-41e6-a722-739539590197
07b09cd9-417a-4901-b68a-f35b844ece04,846f4ff9-5ed1-445b-9376-c3324f58838f
46c91769-8098-4b15-be11-290110d585d3,43867449-4816-491e-b3ba-2828a5441c33
46c91769-8098-4b15-be11-290110d585d3,240fbd1f-083c-4b54-8f43-76918fe910a8
46c91769-8098-4b15-be11-290110d585d3,393e0cd5-224a-4e09-8d8c-8cd76ce9e2e1
9963837a-49d6-4f17-94a3-1a6b6e460e9b,5ec32ea3-c3ad-4433-9aed-161acd4d1193
9963837a-49d6-4f17-94a3-1a6b6e460e9b,6d93614b-0f7f-4d20-b0f2-b1b6d41cb019
9963837a-49d6-4f17-94a3-1a6b6e460e9b,d3faa770-ad92-4ab5-9bf5-65d635210f19
9963837a-49d6-4f17-94a3-1a6b6e460e9b,c94e4a80-7675-4e82-8737-ac2c13779f48
9963837a-49d6-4f17-94a3-1a6b6e460e9b,38237e87-7974-472a-9215-bb9c318aa0f8
9963837a-49d6-4f17-94a3-1a6b6e460e9b,b4ac73fb-9ba0-42a1-9d0c-faed94179e77
9963837a-49d6-4f17-94a3-1a6b6e460e9b,736f3abe-5a63-417a-be83-eff07c83e8dd
b31d4c81-b0d8-461a-847f-4f4187268107,586f83fe-e943-425c-8639-2a6b05ce3e25
b31d4c81-b0d8-461a-847f-4f4187268107,1f411a7e-a216-4299-9ffe-e8bd934a8fc6
b31d4c81-b0d8-461a-847f-4f4187268107,1af5953d-c362-4a69-a2ea-65e5c8e759c8
f1ec8641-7dcb-4843-9165-a2c08fbf47de,72abffc2-d174-4650-99af-ce2e4ea1d92f
f1ec8641-7dcb-4843-9165-a2c08fbf47de,de768aa5-dc70-4ba5-8cae-854ddf680d71
f1ec8641-7dcb-4843-9165-a2c08fbf47de,6e3a79f8-5b07-42f3-9341-ff4952d30301
f1ec8641-7dcb-4843-9165-a2c08fbf47de,1c0034c3-41a2-4555-8450-e78126261d7c
f1ec8641-7dcb-4843-9165-a2c08fbf47de,d016cbd1-3bb0-4b32-bc86-afaacb3f1adc
f1ec8641-7dcb-4843-9165-a2c08fbf47de,08a9368a-bb3e-4771-8c22-c2d388aac468
f1ec8641-7dcb-4843-9165-a2c08fbf47de,b7459de5-28d7-4e3b-a3ad-ef8794a45172
f0bb4999-d30a-411e-bd94-0055292bbf01,de3e0a98-dea2-4869-b5cf-0f9127a3c7ff
f0bb4999-d30a-411e-bd94-0055292bbf01,fc81a73a-8922-4e2e-930c-26c3d2c4078d
f0bb4999-d30a-411e-bd94-0055292bbf01,cd6113ed-54b5-4df6-97cb-12bef756223a
9796cbb7-d37e-43a4-bdb1-1a831cff7f3e,6c0fc9ae-46ee-41c7-9190-33cf2b28b4ab
9796cbb7-d37e-43a4-bdb1-1a831cff7f3e,4d59c3f9-da91-4c99-a9da-1da41ed38b09
9796cbb7-d37e-43a4-bdb1-1a831cff7f3e,903b771a-f798-4b64-9e5e-876e87df61b3
4928cb6d-4b1d-49ec-b022-fe2d0a087d2e,c6b461b3-fdf0-464e-b521-1e0e40e25f84
4f79f0fa-cd6e-4b46-8437-a83c71b7efb3,d7ffa001-1c69-42f3-8999-441433dde8e0
66d65920-fdce-4365-a04e-424ffc114cbc,6cd4b7ee-1859-4fa0-9213-00b046d1ae64
d764569d-e8df-4e59-bc02-41c8224f7499,2cf7c250-bb90-408a-a112-7717609909a2
5f2d61b5-7424-4c3d-9155-35a08941171c,8c781afc-4f35-439d-b896-e1b440413abf
05d4da35-8b43-4971-99da-709fff7e200b,1683ad8f-7d35-4d99-86f4-88e1fc45c9f3
13e84234-9488-4d5e-abf5-710c2d819040,7b9fab0b-e8c9-47a7-b1fa-0d1d31ed51fb
9d730904-17ac-43b5-bc68-a2ad5aa1b2ac,85403ce8-7bff-4611-a92e-56b2131f123d
903015bd-b3be-46f9-be6d-a43cc5854d1e,54446327-b4f6-4bdf-8e5d-511ccbf7e6b0
16282576-84be-4a74-be12-136315976968,f5c2de7c-e58e-4a0c-b384-fa052988228d
368b59d6-098a-4241-bf91-be28f92740c7,ddc9800e-0555-4540-88f1-8b177e6842b1
368b59d6-098a-4241-bf91-be28f92740c7,39f73ddd-930a-4228-9b00-f1778c8f64a2
368b59d6-098a-4241-bf91-be28f92740c7,c0cf07c4-44bd-47b4-9f40-26904dc62aff
19fe193f-35c7-4c8c-9409-fcf0a498e150,b69caeb7-90a5-4b4f-9a9b-56e65a3eb76d
19fe193f-35c7-4c8c-9409-fcf0a498e150,b6913126-ec8d-45c4-b081-c2d57999dde9
19fe193f-35c7-4c8c-9409-fcf0a498e150,da954577-990d-4713-9f71-a7fd502ef58a
4a4f5a15-ce3f-45d9-aec4-78c4be445167,a4d008a1-77ec-4b03-bf40-72b552d0c591
4a4f5a15-ce3f-45d9-aec4-78c4be445167,45d3ab22-c045-479c-ac37-47b3e66b85a1
4a4f5a15-ce3f-45d9-aec4-78c4be445167,91ab8a22-345d-4817-af0f-f666fdf28a6f
e1660e81-a917-42e8-83c8-f656f4799f61,f5b962a8-0ca0-4ce7-b0cf-4267f4d04a86
e1660e81-a917-42e8-83c8-f656f4799f61,c3708dba-657e-4b3a-ad7d-3647e903b3fc
e1660e81-a917-42e8-83c8-f656f4799f61,aab379de-361d-4c7f-be7f-d31c72fc9a04
9ffcc64d-966d-4ad3-bed4-c27c4289115a,3680febc-0d1d-49f0-8ef0-bc153531693e
9ffcc64d-966d-4ad3-bed4-c27c4289115a,e555ce69-74cf-437d-b673-99a257f9616a
9ffcc64d-966d-4ad3-bed4-c27c4289115a,2571c527-70df-4dbf-a744-26b2a9e26419
9ffcc64d-966d-4ad3-bed4-c27c4289115a,3afd40d6-ebdb-41dd-9f3d-8e9913c30c81
11046fb5-4b90-4b6f-b736-4d7c01cd4370,047e718c-b972-47f8-9513-91b87c5cabef
d6371523-5352-4588-8779-4e1732b3636e,8ceb256b-f7f3-4c67-a921-751a649528ba
d6371523-5352-4588-8779-4e1732b3636e,3565b258-e7be-40e9-853e-9fcde2b434a3
d6371523-5352-4588-8779-4e1732b3636e,2d450f37-a92e-462d-aae0-481f5ca520ef
d6371523-5352-4588-8779-4e1732b3636e,bd87bcf7-b74d-4dab-a361-5588faa94e8e
e2f11746-babd-49dd-a9a3-1e897c80148a,8476fc90-020f-420e-bbd4-3ad4e734c6eb
e2f11746-babd-49dd-a9a3-1e897c80148a,5d976d7d-396a-4ae1-a29d-0011809379b4
e2f11746-babd-49dd-a9a3-1e897c80148a,caad5f8e-f0eb-45a7-bafa-3799d38c6484
3e2bc805-5478-4f26-a5b8-7a9bd25b48ec,febae73e-8a28-438f-a0c1-0c812b60e176
3e2bc805-5478-4f26-a5b8-7a9bd25b48ec,d5949ed9-f4c5-46f3-9f2b-2c5e52c8247a
3e2bc805-5478-4f26-a5b8-7a9bd25b48ec,48d62675-c595-48e9-91fb-a4cd98bb5a74
3e2bc805-5478-4f26-a5b8-7a9bd25b48ec,653a0d1e-9978-430d-8805-fdab5c85a449
3e2bc805-5478-4f26-a5b8-7a9bd25b48ec,0b83b782-c348-421e-b124-6812dc3094f4
3e2bc805-5478-4f26-a5b8-7a9bd25b48ec,a1f58577-817b-4530-b838-3d838b9da9d8
3e2bc805-5478-4f26-a5b8-7a9bd25b48ec,712421dc-426d-4c1b-98be-18776bd2767a
3e2bc805-5478-4f26-a5b8-7a9bd25b48ec,b56ffed2-aa2e-4d5d-92c1-d3058ec8d305
3e2bc805-5478-4f26-a5b8-7a9bd25b48ec,29a810b6-5ca2-4861-b96e-1553761336ed
3e2bc805-5478-4f26-a5b8-7a9bd25b48ec,d81b8573-d963-4c6d-8130-b89b76e1d66d
3e2bc805-5478-4f26-a5b8-7a9bd25b48ec,f67e5f0b-cd52-4cc6-ac6b-480c892ba849
3e2bc805-5478-4f26-a5b8-7a9bd25b48ec,25825429-ed95-4bc5-a6f6-b05894a7a8e3
3e2bc805-5478-4f26-a5b8-7a9bd25b48ec,8da573bb-e04c-4bdb-a2b0-5abdd64be538
3e2bc805-5478-4f26-a5b8-7a9bd25b48ec,e650d57a-d2c3-44d7-bcfc-bb62cb299a3e
3e2bc805-5478-4f26-a5b8-7a9bd25b48ec,238d27fe-9ee3-4f08-86ab-f98529d39539
3e2bc805-5478-4f26-a5b8-7a9bd25b48ec,ede9aba7-d6d3-40c6-b70a-ad7e0cb2a2fc
3e2bc805-5478-4f26-a5b8-7a9bd25b48ec,ee004b3c-d41f-4239-8451-bdfbec03de11
3e2bc805-5478-4f26-a5b8-7a9bd25b48ec,74c45140-4e86-436d-aecc-32cba76098b0
3e2bc805-5478-4f26-a5b8-7a9bd25b48ec,40af342a-7c8c-4806-9d9e-1b49b0eb228f
3e2bc805-5478-4f26-a5b8-7a9bd25b48ec,ed3d9409-3053-4200-ae73-3b5bffffbcc5
3e2bc805-5478-4f26-a5b8-7a9bd25b48ec,d7f3f39c-7dd3-4f1a-a1d5-67bab6848b6a
3e2bc805-5478-4f26-a5b8-7a9bd25b48ec,f28f00bf-4fb7-4ef4-a1fe-2be38d2d2680
3e2bc805-5478-4f26-a5b8-7a9bd25b48ec,510e62e3-a989-4ce3-99b3-d8491b3b9a0c
3e2bc805-5478-4f26-a5b8-7a9bd25b48ec,a8a76a2e-8f67-49e4-aeb1-7366d2a7b1f7
cf083ae3-63bc-42bf-b0d1-12357a24c298,775cecce-a23d-480e-abe3-30e33e2ff327
cf083ae3-63bc-42bf-b0d1-12357a24c298,7f7bdf62-e06e-4de5-8f74-bc69e10f9a98
cf083ae3-63bc-42bf-b0d1-12357a24c298,59342b08-3d3f-46f4-b224-b4049bc1a255
d33d3a23-c3b4-4a41-b0c4-ce9637528240,9146cb66-122a-4ffa-926e-88d8268c5ee8
d33d3a23-c3b4-4a41-b0c4-ce9637528240,76dfd440-ae9d-46d2-ab87-1cc9079ea0da
d33d3a23-c3b4-4a41-b0c4-ce9637528240,edf8105e-1355-40b0-bd22-f420f1b564e2
d0b20107-9ff3-40d8-833a-848e805cb742,fbe4cff8-c3d4-435e-b182-e40e171d9866
d0b20107-9ff3-40d8-833a-848e805cb742,29810604-613a-4b53-b042-6a3f523f6225
d0b20107-9ff3-40d8-833a-848e805cb742,e0f2d1e9-3881-401a-9be3-404b6bc2c7ca
d0b20107-9ff3-40d8-833a-848e805cb742,93452c0f-f4da-44f1-b237-1c2b896d3c21
d0b20107-9ff3-40d8-833a-848e805cb742,f80029bc-f185-4dcb-925c-5ba9c9b4f75d
d0b20107-9ff3-40d8-833a-848e805cb742,5965c2ac-5be6-4eb2-91e6-a8827f070610
d0b20107-9ff3-40d8-833a-848e805cb742,213b6512-fe4b-4d66-93ef-7b155413d742
d0b20107-9ff3-40d8-833a-848e805cb742,18567818-bde4-47a5-986f-2f1b361f83c0
d0b20107-9ff3-40d8-833a-848e805cb742,5121d264-ddeb-4920-b76b-9fcb357f2fa5
d0b20107-9ff3-40d8-833a-848e805cb742,56c7a4bb-eb51-49cc-b39c-f0641d5d748e
915045a9-27f3-4cbf-82d7-06aba44d1243,ae714ba7-4b54-4f9e-8cb5-0348a9fd7b13
915045a9-27f3-4cbf-82d7-06aba44d1243,cac15e7f-1e93-4a1b-9f15-d7b715a0154a
915045a9-27f3-4cbf-82d7-06aba44d1243,ecf91934-56b8-40cb-93b8-bbbcd078ef9d
bb0b32b1-9efb-4c5d-bad4-1b108a714adf,fb58b0f4-8193-4d30-8176-d5e35904345a
bb0b32b1-9efb-4c5d-bad4-1b108a714adf,6c8a9448-0835-422a-b24c-9dec9a396ee8
616ed2d2-7689-48a2-8f28-4ebfe50a7a36,323c08ab-e0f5-4d83-a00a-6c87676e87fe
616ed2d2-7689-48a2-8f28-4ebfe50a7a36,aba641ee-5bef-4716-81a4-a7cca52835e6
616ed2d2-7689-48a2-8f28-4ebfe50a7a36,469ceec1-de82-4943-b2be-057a8a79d4cd
f75b3a50-fac2-4dec-b61b-46b0eec329b0,e1f414ba-4f64-4e70-b7da-53d16e7eb758
f75b3a50-fac2-4dec-b61b-46b0eec329b0,ede2126d-fe13-45c0-ab19-f4a5b8f41412
f75b3a50-fac2-4dec-b61b-46b0eec329b0,6e0cd03a-b3b3-46ea-8dcf-7864247f41a1
fe0b13b4-76f8-4821-9d57-1b2306c18a0a,811b2a95-971d-4df4-bfce-8862f62ce10e
fe0b13b4-76f8-4821-9d57-1b2306c18a0a,139a9f45-4f2b-4e7a-aa44-160961e690c5
fe0b13b4-76f8-4821-9d57-1b2306c18a0a,e032ce9c-1ad2-4c8a-b6d5-965d59712aaa
4e40b0b1-d0d3-43a0-8edf-9641269f5782,5c3ab72b-4096-4e53-9f33-1402a1e13a9d
4e40b0b1-d0d3-43a0-8edf-9641269f5782,e74e8378-fb33-43f7-9fe4-6721663faf44
4e40b0b1-d0d3-43a0-8edf-9641269f5782,8bcff244-ef9a-4a81-967a-b8a62008b2db
8da14d44-0375-4bd8-9db9-42ba907943b6,88fccf65-f590-4b41-8343-67af3a993251
8da14d44-0375-4bd8-9db9-42ba907943b6,a3a64c70-2732-478d-bf53-d50c3829aaff
968649ab-3005-4e76-8fd2-c18a992966ac,8dfac25d-255a-4e69-8a60-117f3f7efbf2
968649ab-3005-4e76-8fd2-c18a992966ac,2f71c6b7-48be-41d3-83d2-4db8cb93ac9a
968649ab-3005-4e76-8fd2-c18a992966ac,1abef68a-d832-4b93-91ac-2aeb0c126549
135909a1-3dc3-432b-a18c-330562a345d7,6f309c07-8921-4d13-8973-ea04b4883123
135909a1-3dc3-432b-a18c-330562a345d7,bcf5834f-73e8-4e77-a5f9-b31bc210ea69
135909a1-3dc3-432b-a18c-330562a345d7,263ec93a-7806-4da6-827f-c48059770497
969da25a-b7c0-421f-83d0-36634bd7addf,725d9a1c-ef75-4bd7-88a4-100d3717e86f
969da25a-b7c0-421f-83d0-36634bd7addf,7cec0885-1bb2-44ba-b072-9aa2253a47de
969da25a-b7c0-421f-83d0-36634bd7addf,acea2435-6872-4e97-8c5d-8db7177fcdce
5b898efe-dffe-4e13-af8e-6033b7d70266,86838378-078a-42db-9dbe-ab16f0934bc0
5b898efe-dffe-4e13-af8e-6033b7d70266,397c79a3-943b-406b-9393-815313702a43
5b898efe-dffe-4e13-af8e-6033b7d70266,f7d25b27-5333-49b2-84c7-aedf4cc1c2e3
1a22ad45-3ab7-4386-899b-71189653779b,e9f763a6-ad69-4da7-bd06-c78558b6febf
1a22ad45-3ab7-4386-899b-71189653779b,b9fccf83-054c-4ddb-8497-766ef1b8c23d
1a22ad45-3ab7-4386-899b-71189653779b,2abee37f-6e5b-462f-a063-5f247aa5484b
1a22ad45-3ab7-4386-899b-71189653779b,aeb8c2a5-58ef-4649-beed-39147303824a
8c450e10-83c0-4376-b8fc-580207c6e9fa,48a5df29-48c7-4754-a408-4e8f35b89bad
8c450e10-83c0-4376-b8fc-580207c6e9fa,76d3e575-c741-479b-8539-2f3b0fb5b05a
8c450e10-83c0-4376-b8fc-580207c6e9fa,9f718265-15c2-4291-b0bc-add5bdc33704
b6c72c63-cb4f-4249-aca9-9d36a738bf8d,c6428d72-15e3-4542-9178-b6cd40fd2e0f
b6c72c63-cb4f-4249-aca9-9d36a738bf8d,5237d254-c8a5-400a-b0ce-db6f85835d18
b6c72c63-cb4f-4249-aca9-9d36a738bf8d,1e403372-bf31-43e5-aa68-977100bcb84c
2a8c9c64-00a6-498c-adf4-6929cd62a34f,b9446507-706f-40b8-bd62-f0f5a84763de
2a8c9c64-00a6-498c-adf4-6929cd62a34f,92a5c5d7-c45c-4aac-b879-19087c509122
2a8c9c64-00a6-498c-adf4-6929cd62a34f,b400f05d-4309-46fd-8a0f-08e17f974dc7
8714f43b-fb4f-4963-968c-64f2cd49a3ba,326e0c9b-a39c-44a8-b6d7-851d64bc87b0
8714f43b-fb4f-4963-968c-64f2cd49a3ba,0ed7f7c5-de3c-4d0b-b575-60b47af46b58
8714f43b-fb4f-4963-968c-64f2cd49a3ba,8f4a687e-35e4-4f1b-bb0f-184316d9a1ce
8714f43b-fb4f-4963-968c-64f2cd49a3ba,8e0b3cea-720a-4c18-a66b-792b1a806809
e209a345-af7e-4be0-be59-0d2f5e254b52,33a7cec3-5741-44a2-af2a-f45f92ec0dcc
e209a345-af7e-4be0-be59-0d2f5e254b52,4bb0510e-0233-4149-95df-030efb14a222
e209a345-af7e-4be0-be59-0d2f5e254b52,27f4d022-2ba6-4377-983a-f6d3aaf1f1f4
e209a345-af7e-4be0-be59-0d2f5e254b52,93552d6f-0cab-4746-ba7d-99d33765e869
e209a345-af7e-4be0-be59-0d2f5e254b52,5c125b1d-b5b4-4c0b-91be-353aba3634fd
e209a345-af7e-4be0-be59-0d2f5e254b52,2aaf5a55-06f3-40f2-a155-e71a458d6ef1
474f8356-0433-4e00-8e74-6dd998c3fe9d,80b02e49-2b39-412e-bec3-0e16ac8c371b
474f8356-0433-4e00-8e74-6dd998c3fe9d,a8665178-8593-4dd1-8292-a7b0c1d9ab40
474f8356-0433-4e00-8e74-6dd998c3fe9d,d1cf87f1-8173-4f7d-b3d8-24c2726c0dc0
474f8356-0433-4e00-8e74-6dd998c3fe9d,69d9d768-078c-44a7-92f1-9f1c21396421
474f8356-0433-4e00-8e74-6dd998c3fe9d,2dc134d2-e8ab-419d-a900-29ff3b348035
23c6ac51-fbc2-4331-9e3b-ff48ef743f6c,d7044233-d017-4178-b43d-5b8fb8961258
23c6ac51-fbc2-4331-9e3b-ff48ef743f6c,863b6856-02be-4a4d-b7b5-2cc4336137d9
23c6ac51-fbc2-4331-9e3b-ff48ef743f6c,f16fce17-0c72-434d-a37a-703ac7fa4d07
23c6ac51-fbc2-4331-9e3b-ff48ef743f6c,6939f803-59c4-4aa3-9901-03d4d97cef6e
23c6ac51-fbc2-4331-9e3b-ff48ef743f6c,82cfeb39-e3eb-4937-b390-9ee021d72eb6
23c6ac51-fbc2-4331-9e3b-ff48ef743f6c,1f181445-74a4-402c-9564-f74cdd20a421
d0f59d45-0b32-4863-997c-2761963990ef,12e88258-9338-41e9-a714-c8c7cd1256fb
d0f59d45-0b32-4863-997c-2761963990ef,a11be0bf-6e50-4c69-8181-df1f78f9741d
d0f59d45-0b32-4863-997c-2761963990ef,04b8c002-9b09-45a4-b361-3a07aefad879
d0f59d45-0b32-4863-997c-2761963990ef,2b0d4101-0e57-4d68-8c31-67f94ead94ba
a2cd3624-afd8-40ca-8bf6-0cf3269150bf,0861696b-6cc2-4095-bbb2-06198d77dbb1
a2cd3624-afd8-40ca-8bf6-0cf3269150bf,0423d232-6d87-450f-b5a4-20520c849579
a2cd3624-afd8-40ca-8bf6-0cf3269150bf,3ba66fe2-883f-45e7-9f14-dec85cb55177
a2cd3624-afd8-40ca-8bf6-0cf3269150bf,ab58bee2-c4fd-4925-8d63-ee29460f260b
a2cd3624-afd8-40ca-8bf6-0cf3269150bf,15f347b8-b36d-4e0b-8f56-111165480d23
759c7079-561a-4876-aa0e-2f887d74b148,057384ad-2ae2-4cad-8b6b-0c207a732bac
759c7079-561a-4876-aa0e-2f887d74b148,d2c05394-7231-47b2-b115-b3c90c3782e8
759c7079-561a-4876-aa0e-2f887d74b148,a5b9d473-778b-4bf7-bf31-0f97891214c4
759c7079-561a-4876-aa0e-2f887d74b148,e648bbe9-9e1e-40ac-8ab7-740a360666b7
5b786642-684d-483e-aebb-978a6fb2a830,ff04d073-771c-4f79-90c9-3c63609f62d6
5b786642-684d-483e-aebb-978a6fb2a830,015d48e6-0c82-41f5-b859-90154eea39f1
5b786642-684d-483e-aebb-978a6fb2a830,97aaf2fc-b611-4d34-b471-38a9359e5438
5b786642-684d-483e-aebb-978a6fb2a830,23e156fd-43cf-4e4f-b7c7-df6c1b3bb581
5b786642-684d-483e-aebb-978a6fb2a830,a842655a-1d5e-428c-a6a1-531cef42d8d1
426009f5-8874-41f0-8507-758c2d12bce7,25df1d1e-0584-4ff8-94b1-7bab38186c39
426009f5-8874-41f0-8507-758c2d12bce7,191e68b5-fca2-4f99-8e2b-e136364cd4ed
426009f5-8874-41f0-8507-758c2d12bce7,9e0e8ca2-9f0d-4b46-8cbf-a6beaea7c9e7
74e26264-de8d-45f7-b155-a1434985facc,8a862b99-4c96-4ae0-a213-1bbc03711ce3
74e26264-de8d-45f7-b155-a1434985facc,88a906a8-6e73-481f-97f7-e76c2e5bfb90
74e26264-de8d-45f7-b155-a1434985facc,311fcba7-c89a-4c75-be47-8ce0979743f6
74e26264-de8d-45f7-b155-a1434985facc,5ad0dbfd-4b06-4007-aa95-319e0a85a654
2f948074-3563-412d-8c88-ee629a31ce90,778867c8-c4f7-4071-bc35-5a4bf499127e
2f948074-3563-412d-8c88-ee629a31ce90,0fc98f76-f18c-4aaa-97aa-276e17849944
1e9699ee-9abc-4b72-a46d-00939f6f71c4,f38ed60e-e46a-41cf-857c-a5cc96bb5d9d
51a7f09c-6dff-40b0-ae21-1c836703863f,4eb9f41c-2c95-4c6d-be26-e5479126af0f
23251234-b6db-49ab-8ec8-550b3fa11a1c,0ab9c8a0-c6ad-4d2d-967e-a18fa9c7fdf3
23251234-b6db-49ab-8ec8-550b3fa11a1c,24ff43e7-d915-44e1-aa39-7249be93656e
23251234-b6db-49ab-8ec8-550b3fa11a1c,b723328d-84b1-493f-af5c-d1e3e2243814
23251234-b6db-49ab-8ec8-550b3fa11a1c,8ac61ac2-fbdc-4f59-9766-978b2c5c7398
484afac9-ba18-46b3-83d3-1c48ba826ea3,c2c04965-0c27-4da3-aeed-440a154d9a07
484afac9-ba18-46b3-83d3-1c48ba826ea3,25cad829-f0c1-4db5-9d57-f1e19caa274d
484afac9-ba18-46b3-83d3-1c48ba826ea3,61fa53f2-3eca-4966-a6c2-112548e198a9
484afac9-ba18-46b3-83d3-1c48ba826ea3,acd1149d-d446-4a31-a98e-0aa8679c839a
8e89c137-fc41-45a8-aab2-a6df7f0534cb,1c66a3df-d711-4d19-97bd-8a7fe7e41589
8e89c137-fc41-45a8-aab2-a6df7f0534cb,ffae25ff-d223-4784-a31e-829f1319618c
8e89c137-fc41-45a8-aab2-a6df7f0534cb,c04a3475-a66e-42a3-9fcc-6beec5c39a92
39932ba7-65ab-4adc-904f-9388f0df59d0,e34a818b-5736-4ccd-84cc-ce6f5c9faa26
39932ba7-65ab-4adc-904f-9388f0df59d0,f4f0319e-3cc9-4498-90c5-7fc13c98b8d4
39932ba7-65ab-4adc-904f-9388f0df59d0,b6916266-f2ec-4a7b-9e49-c91c90f1f70f
39932ba7-65ab-4adc-904f-9388f0df59d0,a6d852a3-8e3f-417a-929d-601f2e51fff7
39932ba7-65ab-4adc-904f-9388f0df59d0,4491f175-feda-4f63-8dae-5380fbb02c60
39932ba7-65ab-4adc-904f-9388f0df59d0,1d775fa7-a1c9-49f8-834e-0965506f6394
39932ba7-65ab-4adc-904f-9388f0df59d0,76531e95-2bb5-442b-a5ce-a662016f79e2
39932ba7-65ab-4adc-904f-9388f0df59d0,dc7963a0-a6d6-4e91-968e-9b270320dc09
39932ba7-65ab-4adc-904f-9388f0df59d0,2696f188-d817-4277-a1a1-df1526851dee
39932ba7-65ab-4adc-904f-9388f0df59d0,95cc4c72-74cd-442c-8409-f58d5fdb8eaf
39932ba7-65ab-4adc-904f-9388f0df59d0,ba003f32-3c70-4c74-aff7-f4a39e876016
39932ba7-65ab-4adc-904f-9388f0df59d0,bcf6abfe-cf00-4627-bf36-995532ea6def
39932ba7-65ab-4adc-904f-9388f0df59d0,e2e06067-2079-4d33-846a-d56b690778ec
39932ba7-65ab-4adc-904f-9388f0df59d0,e76861bf-85b2-4403-b964-db9d710306a2
39932ba7-65ab-4adc-904f-9388f0df59d0,350ef6f5-3c49-45d6-b0bd-a88897b97701
39932ba7-65ab-4adc-904f-9388f0df59d0,367cb877-d0cc-4ad5-9443-7f5f557c89ca
39932ba7-65ab-4adc-904f-9388f0df59d0,f6723d51-1f20-4547-a925-244eb38c0061
39932ba7-65ab-4adc-904f-9388f0df59d0,47dcad66-382d-4497-9245-d3101d4fd683
39932ba7-65ab-4adc-904f-9388f0df59d0,6ec47dac-e6ba-48c4-8ce9-9030651d30cb
39932ba7-65ab-4adc-904f-9388f0df59d0,d637ac91-702e-41c0-a1a2-b410a3557c8f
39932ba7-65ab-4adc-904f-9388f0df59d0,4e5fcd34-e3c5-4aa2-ace0-d08326494e99
39932ba7-65ab-4adc-904f-9388f0df59d0,d693f74c-6ddd-44c7-a2ac-46d0fe31ed74
39932ba7-65ab-4adc-904f-9388f0df59d0,91e83584-3a3a-4edd-99e0-cae1dc59ea50
39932ba7-65ab-4adc-904f-9388f0df59d0,b68a3748-3e94-4b91-99e3-80c273548326
a435b875-c713-4eb1-95b4-fb05a3567fd6,064efe45-fe29-492c-9693-2173954d68e9
a435b875-c713-4eb1-95b4-fb05a3567fd6,32a8d791-3b3a-43e8-bd75-b14064fb6c47
a435b875-c713-4eb1-95b4-fb05a3567fd6,72b2caf8-df0f-4363-a630-c9a65feadde6
a435b875-c713-4eb1-95b4-fb05a3567fd6,8c7730b7-41dd-405e-9be0-f3876ec02d01
a435b875-c713-4eb1-95b4-fb05a3567fd6,da092686-81f4-4d43-bc23-25f4ab4b47b2
a435b875-c713-4eb1-95b4-fb05a3567fd6,ae77414a-2c06-43ad-aab2-5730df22febb
a435b875-c713-4eb1-95b4-fb05a3567fd6,2cf00c24-4c44-4bd5-a12b-ffa3395f10b6
a435b875-c713-4eb1-95b4-fb05a3567fd6,9f064428-adae-4347-bbe8-d0df7fd9a1a1
a435b875-c713-4eb1-95b4-fb05a3567fd6,40009293-0c95-42a4-85a6-4369ec8538a0
a435b875-c713-4eb1-95b4-fb05a3567fd6,965baf1f-07d2-44f6-9730-bbcfbc0f8ddb
8499364e-7572-4a92-993c-40612dc89413,7b59fa83-feeb-4ef9-99a2-83409fdc9ae1
8499364e-7572-4a92-993c-40612dc89413,56192c6a-75a8-4dff-b10c-88b13f096a66
8499364e-7572-4a92-993c-40612dc89413,d9d9d896-b810-4424-9553-eee9064fce28
d2edbe9d-7343-483d-9815-ed152b0624d7,646953ab-08a3-4c6b-9e8b-098a1496e09f
d2edbe9d-7343-483d-9815-ed152b0624d7,238532dc-a35a-48c4-9919-b6b2f5aaee3b
d2edbe9d-7343-483d-9815-ed152b0624d7,8aa96978-c398-4200-b9f2-056091e1c45e
583baa32-eabb-4beb-8e03-488ac711ef75,b07582ed-4196-41b5-8bd7-fa175cc6a786
583baa32-eabb-4beb-8e03-488ac711ef75,1ad4bcae-d8ad-4edb-951a-2b205d7356b1
583baa32-eabb-4beb-8e03-488ac711ef75,1d04ce32-8b81-4089-94ea-220847ff6a3c
583baa32-eabb-4beb-8e03-488ac711ef75,45be2b53-3d06-45f3-9d3f-8bed8109bba5
583baa32-eabb-4beb-8e03-488ac711ef75,4eed8849-5472-4624-b32b-7fda485292ac
583baa32-eabb-4beb-8e03-488ac711ef75,1c8d63c2-5490-4566-807d-addf437c9d00
583baa32-eabb-4beb-8e03-488ac711ef75,1a45e63c-c156-47bf-8e2f-86617fb41c86
583baa32-eabb-4beb-8e03-488ac711ef75,e069aa95-ff2e-4692-b351-88241d737e17
583baa32-eabb-4beb-8e03-488ac711ef75,89f25f12-d8f0-4221-b0c8-f4002a7ae47a
583baa32-eabb-4beb-8e03-488ac711ef75,6e840f6d-a28f-49f2-8d37-95158c70ecbb
583baa32-eabb-4beb-8e03-488ac711ef75,3a6b09c5-0575-46b8-9621-479ccf9155d7
583baa32-eabb-4beb-8e03-488ac711ef75,d8edc81e-2fad-46a1-9146-8b6b50825cf9
fc780101-9aae-4c8b-b341-67279033535d,81119561-ddc6-4569-84fb-4f3e17389383
fc780101-9aae-4c8b-b341-67279033535d,83826cd4-0edb-4871-a9bb-b454ce6a207b
fc780101-9aae-4c8b-b341-67279033535d,31fc9138-e5d1-4512-923d-85eaccd20318
3600f1bd-3441-481b-a567-3f0fb338d15c,ffee076a-d42a-4e75-aad4-a333feafa348
3600f1bd-3441-481b-a567-3f0fb338d15c,aea164f0-1432-46aa-aa7d-0b0ef0b45ea4
3600f1bd-3441-481b-a567-3f0fb338d15c,153632a0-3cb5-4637-99f6-aca1c5c18097
3600f1bd-3441-481b-a567-3f0fb338d15c,e17a21c5-0bfa-44fb-8e12-bb28db80e3d9
3600f1bd-3441-481b-a567-3f0fb338d15c,7edd16d6-2e6a-428e-9ddd-04c89d5b71d1
3600f1bd-3441-481b-a567-3f0fb338d15c,a20d4c19-f5aa-4426-95f0-6ff5c5a1bc0e
3600f1bd-3441-481b-a567-3f0fb338d15c,fac0156c-131d-49df-9031-c7fa598bf2f5
a76bc266-0f87-4a26-bb12-72a266839478,a725bbdf-2be2-4135-b73f-bb98b9c13279
a76bc266-0f87-4a26-bb12-72a266839478,860a72ce-c3c1-4a0f-9433-a11569a72943
a76bc266-0f87-4a26-bb12-72a266839478,c82dae22-888c-4124-8e3b-c96d702a4932
664ba483-a404-4e15-9ed1-5e911db1b100,35489270-98af-44f4-810e-e77adb07ab6d
664ba483-a404-4e15-9ed1-5e911db1b100,5940c55a-063d-4921-a000-a389eb1e64a2
664ba483-a404-4e15-9ed1-5e911db1b100,ecbd84f9-e2f7-4d21-86c2-204d397b0351
664ba483-a404-4e15-9ed1-5e911db1b100,2c6443f9-ba79-4eda-8e0a-1a55a1847bd6
664ba483-a404-4e15-9ed1-5e911db1b100,71ca95fc-bfe4-4b03-95c8-69f1ecab74ce
664ba483-a404-4e15-9ed1-5e911db1b100,8ab20c02-ef57-4bb2-8d60-57d4504cd0bf
664ba483-a404-4e15-9ed1-5e911db1b100,de519773-eff4-4212-a92a-fa6a36dbd6b1
664ba483-a404-4e15-9ed1-5e911db1b100,aa5cecc8-e924-4c4c-81b7-3fb389e01179
276c0454-018a-4446-bfc3-1a0e79c17cb0,219e1f92-3774-4c2a-b291-189380fd4c41
276c0454-018a-4446-bfc3-1a0e79c17cb0,de91e7be-09b7-4263-bafc-3aa179b4649d
276c0454-018a-4446-bfc3-1a0e79c17cb0,688fc64c-7ed5-4129-ad50-a4615d1b3694
276c0454-018a-4446-bfc3-1a0e79c17cb0,726e883c-19cf-42c4-9259-734a75076fe7
276c0454-018a-4446-bfc3-1a0e79c17cb0,83724521-ec3c-44d6-b0a9-e9a2765ac4d9
7ed3932a-3120-45d9-8dd0-dd42d7005666,49ccc03e-7c83-460d-aa04-c9769f9f8f5d
022d1c2d-90b2-4196-bc97-51efe1f15357,a95f4456-2d64-4fc6-affd-8984c81ff335
022d1c2d-90b2-4196-bc97-51efe1f15357,d4f479b8-d2d5-4449-87b8-bf89cea0d6af
022d1c2d-90b2-4196-bc97-51efe1f15357,9b417958-dce5-4650-98b0-6732f4d68c58
022d1c2d-90b2-4196-bc97-51efe1f15357,bed92ca0-5b10-4cc6-bf5d-f15d1faf76eb
022d1c2d-90b2-4196-bc97-51efe1f15357,5cf5271b-a9f3-4a5a-9288-78ad93528463
d21f8495-7bf1-4c2b-8097-865a0d4765ec,3992f005-a31c-465f-9dca-6cea9623ab56
d21f8495-7bf1-4c2b-8097-865a0d4765ec,9fcdf2f9-5dac-4e1e-b226-a879271d9f39
d21f8495-7bf1-4c2b-8097-865a0d4765ec,b9ee3f4b-e18c-4e21-b838-f71301fa38cc
ecc0fd21-c553-493a-b19b-3e1384bf63e3,9f6d31ba-802d-4125-807a-035c081d026c
3bfd9fe9-fdb9-49d5-9f82-051d7a4e978d,705bbdb8-43b9-4ec1-b64d-c72a6ab63bd0
8e92f967-8bd5-44b2-bdc7-119de2511d57,ceec8af3-f470-4366-a9b2-7cda6d2406c5
8e92f967-8bd5-44b2-bdc7-119de2511d57,f8fda487-3eee-4529-a383-296e1d60c564
8e92f967-8bd5-44b2-bdc7-119de2511d57,cccfdc4d-5a14-4673-9deb-7b2ffd53c0e1
e93dc12a-ab21-4120-b216-ca2f9f2beb06,4f58283e-8151-4cce-b178-12888326a176
e93dc12a-ab21-4120-b216-ca2f9f2beb06,f5fe3654-d4d3-4edc-a5d0-bade79df12bb
e93dc12a-ab21-4120-b216-ca2f9f2beb06,940a6778-42a8-4054-b786-8838e3524e99
9667cfe8-6268-4820-9799-a500049182e5,3069f0df-b1c1-4702-baa6-43cd31020c15
9667cfe8-6268-4820-9799-a500049182e5,34dd14e1-ffa2-451d-9901-ec9f32a0a8d0
9667cfe8-6268-4820-9799-a500049182e5,9635d311-ac0d-420f-a0c8-271c1e43fa79
c8efd5b6-8769-41e6-ae12-4721180a4560,17ba5235-37b2-4a78-836d-920aa8cb795d
c8efd5b6-8769-41e6-ae12-4721180a4560,5cc9ef72-f8ff-423d-b847-019eae0a36b4
c8efd5b6-8769-41e6-ae12-4721180a4560,04329207-bde9-4200-a081-fcea3bdcf4d4
cfca5627-5170-428d-9901-7495367fc781,f35ccdcf-8ca4-4b75-9b23-528559a6de1e
cfca5627-5170-428d-9901-7495367fc781,3788c3e5-e6db-4294-be09-a0568c7dcebf
cfca5627-5170-428d-9901-7495367fc781,421deeec-8d04-4f2d-bd9b-164cb35589ec
729e5feb-f36b-4d5e-933a-ea55015cddad,f96c33ad-7606-4b51-87c9-e7b184786947
729e5feb-f36b-4d5e-933a-ea55015cddad,b3d357c0-3e07-4f45-a258-28e5e15ad0a5
fcdb0707-e96b-4a9f-9d52-d49bb34f022e,1787a074-e0ea-44a6-bef3-d3e4f330ca41
fcdb0707-e96b-4a9f-9d52-d49bb34f022e,91d9a4b5-4248-4c43-8aee-9f585c0be480
fcdb0707-e96b-4a9f-9d52-d49bb34f022e,4760c811-c018-4ccc-a148-5a412ae1cce6
18fb3c39-b8d7-41d1-9758-7bce45195280,cf98d576-98a9-474f-8ea8-9f17d07ce26a
18fb3c39-b8d7-41d1-9758-7bce45195280,70ece296-bdc4-4bdc-8f11-bc5356d997f7
18fb3c39-b8d7-41d1-9758-7bce45195280,b67a10fa-5456-45a3-9e2a-26da0ecc0f34
fd30e275-c8f7-405f-bae7-004d59d960ba,4925effe-8563-4ee5-8c7c-71d0f96b9433
8314bda4-43eb-4222-9564-229dc713f908,97851870-54e1-4d05-b6e5-f206fbe97d25
8314bda4-43eb-4222-9564-229dc713f908,70d158d6-41ee-4408-99a2-7c411723f142
8314bda4-43eb-4222-9564-229dc713f908,19ec9d01-a2ed-4fcc-b533-04031dad7506
4a0eec7c-8e06-412a-898a-7dc5d8c88651,8303b769-c84c-41c0-8caf-59e74aad9b07
4a0eec7c-8e06-412a-898a-7dc5d8c88651,d9e6c72e-e363-4748-bc62-599746436012
4a0eec7c-8e06-412a-898a-7dc5d8c88651,c7f36a58-0e82-4f1e-8735-52d3924313b9
d3820863-33c8-49bd-9730-b816c96137a5,859245fa-2808-45bc-97bd-395b38e18696
d3820863-33c8-49bd-9730-b816c96137a5,3f881aff-7bf5-4bcd-8ae0-3e2c01fbf9ea
d3820863-33c8-49bd-9730-b816c96137a5,d7ac0d00-d358-4354-a00a-96e9d4afb1e6
f28b9fe6-c25a-4d3e-bc5c-c4e5d5640d30,652ec492-d1e7-4b7d-a912-e995f09ced81
f28b9fe6-c25a-4d3e-bc5c-c4e5d5640d30,3c924cd2-8b4d-4f5c-802a-8c8b23fb58ae
f28b9fe6-c25a-4d3e-bc5c-c4e5d5640d30,6d11be14-d648-4e19-94b0-87fa7f65dfc9
81251209-f45c-44da-b73f-761520a27d47,3f7c849f-03f9-4a10-8d30-2919d99b9c85
81251209-f45c-44da-b73f-761520a27d47,31e37fb3-90b6-48a1-91eb-8a63f9a5c964
81251209-f45c-44da-b73f-761520a27d47,b39458f4-f819-4e9f-a95f-b7276f2f16a8
78d7fbcc-2c8b-4f4e-9c14-64968ae2b0ba,24fa38e5-02c0-4a87-a0e4-e481cacf9290
78d7fbcc-2c8b-4f4e-9c14-64968ae2b0ba,5b1c3814-ad9d-4a5d-9c87-c06e2eabb17c
78d7fbcc-2c8b-4f4e-9c14-64968ae2b0ba,2c4f572a-0d15-4913-a636-ef7d15e22d46
1f4b8611-9fdc-42af-bd6c-31608ea2feb7,a2a3194d-d6f9-43c8-984f-054161a1171c
1f4b8611-9fdc-42af-bd6c-31608ea2feb7,b4594bb2-28f6-4990-a914-9a66ad47dc98
1f4b8611-9fdc-42af-bd6c-31608ea2feb7,15b02c2e-f51a-4b44-8f2a-5d48321c0656
b8b3c1d8-96b5-4742-8a4c-6d9225057f5f,b07f8708-4204-4414-a941-295f966896d7
70f0b763-60c9-4b9d-a4a4-910d3438a8d0,46bf70cc-9348-42e2-b428-95644c2b6739
70f0b763-60c9-4b9d-a4a4-910d3438a8d0,b9c4bf82-bd34-4c72-a9e7-9f8cfc2719e2
70f0b763-60c9-4b9d-a4a4-910d3438a8d0,5758ccdf-61c1-401f-8091-bb4bcd031a06
2c3b2c7a-4ba5-4ea2-a7a0-efcfda2027a8,5265fbdf-cd7c-4aea-ac22-ce57fe986bbe
2c3b2c7a-4ba5-4ea2-a7a0-efcfda2027a8,48186655-5408-4704-8a0d-0a2c5f9c4af0
2c3b2c7a-4ba5-4ea2-a7a0-efcfda2027a8,29bb05d4-6faf-41d4-9923-05177e2d266e
3b587b8e-4e1d-4551-b9e4-e79f07309124,b8d7d22c-e541-4b93-ad5d-992d97c99838
3b587b8e-4e1d-4551-b9e4-e79f07309124,43100e93-b1b0-48ee-bab4-52fc2bd6cb38
3b587b8e-4e1d-4551-b9e4-e79f07309124,7bd18614-2d34-4015-a4ce-4e95f58df8dc
a4cec4fb-4375-4994-8259-ac8d96bb636c,c834765d-1856-4737-9086-5cd30adc31ef
a4cec4fb-4375-4994-8259-ac8d96bb636c,1349f11b-e43d-42fc-a480-0fa368189201
a4cec4fb-4375-4994-8259-ac8d96bb636c,5c045dd4-21be-4ffb-8d0e-e560b60c30ab
f74216b9-40a2-46f2-b4d3-c2584851b4f2,b65c7274-7a05-41b6-b427-5f137793a8cc
f74216b9-40a2-46f2-b4d3-c2584851b4f2,321b8e33-4c01-467b-a1ee-1d802d14b7e4
f74216b9-40a2-46f2-b4d3-c2584851b4f2,1ce993fc-ec17-4ace-8a03-4d531e063da4
f74216b9-40a2-46f2-b4d3-c2584851b4f2,9daff2f0-95a8-40f0-9f0d-a3ec3abc3e14
50d2e6fb-acd1-424e-8ba7-b124f7dcd95b,cc961a1b-ceeb-459a-9958-bba8553608db
50d2e6fb-acd1-424e-8ba7-b124f7dcd95b,8b2f9189-65b8-484e-9b80-e077ec371b53
50d2e6fb-acd1-424e-8ba7-b124f7dcd95b,c5944e21-4362-431a-b92a-595cbd7f4501
d29007da-e2a3-4ac1-9de3-39062af18d85,5a3b6238-a216-40a7-9b9e-f7f5e5662ea2
d29007da-e2a3-4ac1-9de3-39062af18d85,edc6af41-bbaf-4b0c-9fcf-25e40086c21e
d29007da-e2a3-4ac1-9de3-39062af18d85,2db07bf8-8013-45bb-9ff4-57d5712ba854
6a53f94d-06b8-4b96-a3c6-310bc75dd9e7,9c372896-1f9a-4795-93c3-3f395376c08d
6a53f94d-06b8-4b96-a3c6-310bc75dd9e7,04df4e05-d4c3-48b6-92d3-a0e7b07e2905
6a53f94d-06b8-4b96-a3c6-310bc75dd9e7,bd93ea3e-8884-45d7-9359-920b2dc98edd
91df7b6d-ae75-43aa-afa2-922510917376,5c0de060-d8d6-432f-9958-5e0ce4be95db
91df7b6d-ae75-43aa-afa2-922510917376,4fcc7821-37ef-4f69-bf37-f0727b0854bf
91df7b6d-ae75-43aa-afa2-922510917376,8b99295a-8460-414d-87e9-4606dff0d5b4
cd20e2d9-c9cf-4f80-9292-8dacaf26153f,33c43e21-dabc-4967-9a22-dcb96424c98d
cd20e2d9-c9cf-4f80-9292-8dacaf26153f,566e3fc5-fce3-4026-8235-bdc8e07e5a1c
cd20e2d9-c9cf-4f80-9292-8dacaf26153f,88038cfc-9e07-4df2-80b0-796598c42c94
12e125a9-d29c-43a5-82ce-ac29b923d934,afad475c-9d68-4fde-8908-d0a484c23e86
26aa5c83-67c3-4272-8de8-a2890233ab17,ca4c9b34-e1e7-4df2-bda6-862761f37b75
26aa5c83-67c3-4272-8de8-a2890233ab17,32771163-7ca4-41af-9604-7bb5686a845f
26aa5c83-67c3-4272-8de8-a2890233ab17,889c8d27-7b03-40cc-bb8d-8305e652965b
de59ed1a-0c74-4d61-b71a-f88071d0f27f,d2d4e42b-0e45-4982-9e8e-d58b0aeaaba7
de59ed1a-0c74-4d61-b71a-f88071d0f27f,db9d6f12-aabb-47de-9a6c-c0474bcc8d4a
de59ed1a-0c74-4d61-b71a-f88071d0f27f,527e8dc2-1b04-43d9-acf8-f8b8058544e8
de59ed1a-0c74-4d61-b71a-f88071d0f27f,d38c0aa5-ac53-4d03-b799-3e3835297750
fbe68a9d-26dc-40a4-9ac7-ba359b24a43e,645b6c3f-f5c1-4d86-b13b-e770beb2398d
fbe68a9d-26dc-40a4-9ac7-ba359b24a43e,699588f3-8db9-4e10-842d-c96eb54571b4
fbe68a9d-26dc-40a4-9ac7-ba359b24a43e,faaca1ef-aeb4-4b99-b9bb-4e11ee4eb073
fbe68a9d-26dc-40a4-9ac7-ba359b24a43e,63e0372c-6dd1-4f45-8dde-5c7017fe5d76
b12e835f-2cca-45a7-975f-88cc364edbb5,4b32b1c1-a02d-4e42-a4a9-15045c5f5df3
b12e835f-2cca-45a7-975f-88cc364edbb5,ecc6f9fb-6d3f-4d2a-9111-2833628ef5b7
b12e835f-2cca-45a7-975f-88cc364edbb5,5d8568a9-9870-4821-aec0-104198681e80
b12e835f-2cca-45a7-975f-88cc364edbb5,dbb80926-5e14-4d67-afcb-1a0ff44a202a
10bf78e7-d124-449b-b2df-5423dcc5fefa,4a5cec4a-6702-4f7a-abe5-369a80f041ed
10bf78e7-d124-449b-b2df-5423dcc5fefa,79c9a7ae-33c7-4127-ae41-c3a1c5778e61
10bf78e7-d124-449b-b2df-5423dcc5fefa,1f65cff4-d6f1-4ce0-8ccc-528e3e34e8fd
f47ce174-c8d5-46e8-89a5-6004c24f1ca7,c0f42ec0-b9c8-461b-89b7-d24a8bf746de
f47ce174-c8d5-46e8-89a5-6004c24f1ca7,0b3608c7-b80f-4dad-afcc-dc12abe7598c
f47ce174-c8d5-46e8-89a5-6004c24f1ca7,2edbfb65-2918-404a-8f52-f476fe5d82ea
72569bf6-14a8-4d38-8ecb-6f4b96c0638d,34db98eb-693a-4914-90e5-7694258c8a7f
72569bf6-14a8-4d38-8ecb-6f4b96c0638d,4543ff12-c5c8-45cf-b2a0-700b4932dd74
72569bf6-14a8-4d38-8ecb-6f4b96c0638d,597555db-4586-4c7b-b410-61837b725352
72569bf6-14a8-4d38-8ecb-6f4b96c0638d,f9779350-9ea1-4fa6-a01f-fdc14ce7b8ef
72569bf6-14a8-4d38-8ecb-6f4b96c0638d,cc543095-f2a0-4afd-87f5-09c22b5aa13d
72569bf6-14a8-4d38-8ecb-6f4b96c0638d,933930eb-c095-44c3-8148-1802893c0bd7
72569bf6-14a8-4d38-8ecb-6f4b96c0638d,919a7762-8224-428c-9f79-f4dc760862f9
72569bf6-14a8-4d38-8ecb-6f4b96c0638d,c7c1413d-4db7-46dc-b8c9-f8ff8e7e354c
72569bf6-14a8-4d38-8ecb-6f4b96c0638d,bcb126c7-50ba-4de5-914e-f29cc0472ab6
72569bf6-14a8-4d38-8ecb-6f4b96c0638d,575b67b7-277c-4406-b49a-59f2c5e928fd
72569bf6-14a8-4d38-8ecb-6f4b96c0638d,c31725e1-a968-4aff-b6ee-ec22399e1545
b917f0fa-7019-4718-b418-97c22df44e39,271a5990-ef8b-4091-b530-4a0e15b5cf1b
b917f0fa-7019-4718-b418-97c22df44e39,ec5183fd-8734-4fdd-9609-277d3d925453
b917f0fa-7019-4718-b418-97c22df44e39,6ef0e22d-a513-4901-a6a0-3e794f3a08e4
c7235371-557d-4544-9a3f-26dfed171f04,818c29cc-5c15-430b-89a8-a149ef01bcde
c7235371-557d-4544-9a3f-26dfed171f04,6fca9cdb-21e7-46b1-9b0a-66cd4be4ae27
c7235371-557d-4544-9a3f-26dfed171f04,a4bb7ad6-3690-4c65-a842-6226aa9166d1
283ffc27-422b-46a5-9e7d-50f80423032e,75bebb89-f890-4cb6-82d2-133836ae019f
283ffc27-422b-46a5-9e7d-50f80423032e,3f394a1d-30f1-4304-8a3f-a06e9d389152
283ffc27-422b-46a5-9e7d-50f80423032e,9a21dc41-c2d7-4d37-ad39-31aab53a13bb
2ecf1aa9-4772-41dc-8201-2c9f24d61a78,5f609c9f-521e-4fe3-aea9-43d3eb5d321b
2ecf1aa9-4772-41dc-8201-2c9f24d61a78,7739da12-68e1-4d3b-b172-7f30f0f89a88
2ecf1aa9-4772-41dc-8201-2c9f24d61a78,215d364e-cfaa-4873-b57d-07cdbb38ab5f
7a04f6e9-307b-4d20-b0c9-12052e324b8a,cfedf7d7-69f0-466b-9e1b-da66ee4a8238
7a04f6e9-307b-4d20-b0c9-12052e324b8a,c804f9f4-49a8-4e4e-bc25-c45404a2c2d1
7a04f6e9-307b-4d20-b0c9-12052e324b8a,70a3f8b0-6f4c-48d3-bec2-bf620de5fc49
8b28b1d3-9e1b-49be-bb6b-4dd04b5f2f80,c638db70-c786-45cb-a0a1-b9d404f59f3b
8b28b1d3-9e1b-49be-bb6b-4dd04b5f2f80,b2698f73-7137-447f-a8cf-c1b5a53e1219
8b28b1d3-9e1b-49be-bb6b-4dd04b5f2f80,21be483d-9934-4728-b927-4b6002bb6691
8b28b1d3-9e1b-49be-bb6b-4dd04b5f2f80,f5855d18-aa4c-412e-afb4-51b5d33c3fcc
8b28b1d3-9e1b-49be-bb6b-4dd04b5f2f80,6a3989ee-8f4c-4083-9aaa-876b4e887241
8b28b1d3-9e1b-49be-bb6b-4dd04b5f2f80,6ef2db9f-f4bf-4d74-9079-30b217cbcf8a
8b28b1d3-9e1b-49be-bb6b-4dd04b5f2f80,61c63f15-123e-4104-9bd4-fcba3e2a0f35
8b28b1d3-9e1b-49be-bb6b-4dd04b5f2f80,622ebaa0-c98a-4bdf-86fa-8f6caca4f48f
50d55c42-dfed-45fe-8113-922d5d78e08a,71b8000c-8304-4ea3-937c-9dadc2991b9e
50d55c42-dfed-45fe-8113-922d5d78e08a,92388113-a135-4b2e-b4a2-cca30ff11acb
50d55c42-dfed-45fe-8113-922d5d78e08a,7f13ff3d-5597-4817-9a36-9345a098b663
f4429856-9ece-4baf-89bf-da7c7395bc7f,d31732dd-0d12-40fc-8f0b-e5b2196b381b
f4429856-9ece-4baf-89bf-da7c7395bc7f,0c90c6e1-f8e5-4e01-823d-4f7a98d725bc
f4429856-9ece-4baf-89bf-da7c7395bc7f,b1640dc6-6b78-45d8-b5f6-66ced24720c9
f4429856-9ece-4baf-89bf-da7c7395bc7f,d40c7d98-358f-4511-8875-0d598556dba5
464a9111-3c92-4c09-bafd-f7a71b9d5a28,4f429f48-087c-4a6a-9c92-d612c9db971a
464a9111-3c92-4c09-bafd-f7a71b9d5a28,472dc666-f35b-468c-a22a-ede04b7d75ba
464a9111-3c92-4c09-bafd-f7a71b9d5a28,deba9ac7-252d-4e31-ae96-15759cdca1d3
464a9111-3c92-4c09-bafd-f7a71b9d5a28,53124c6a-8134-4ae7-a1c4-7f431cd78c02
f2f02e4a-88e6-4201-b06b-3c8448474d9f,9a844693-4d46-4602-94e7-abf4ccb55409
f2f02e4a-88e6-4201-b06b-3c8448474d9f,9a300c72-2986-4ba0-a199-20707de2bf7c
f2f02e4a-88e6-4201-b06b-3c8448474d9f,45ca525e-70db-49f1-ba9f-1253e338132b
da1e211d-85b7-48d6-830a-738d2910528b,ac70e38e-f1d6-4f55-973b-65a927b0536d
48a8c38a-38cf-4993-b38b-76199c33d12d,f5fa8bc4-8987-48bf-949c-84b6c1859907
48a8c38a-38cf-4993-b38b-76199c33d12d,5f995ffc-39a2-44fd-996d-a899c0adfc70
48a8c38a-38cf-4993-b38b-76199c33d12d,03cf18db-0d37-440b-a0b0-cc84b0d82897
2d869b45-f50f-4597-945d-fe508d1ef37a,e192fc0e-be95-4e03-b4ed-bb5b3ad69899
2d869b45-f50f-4597-945d-fe508d1ef37a,edeb1af4-5aff-4764-afa5-391ac7afa87e
2d869b45-f50f-4597-945d-fe508d1ef37a,7ecd199e-ce21-41a6-bfb2-73e911b405ad
2d869b45-f50f-4597-945d-fe508d1ef37a,b1219b82-5e95-41dd-a828-9ff6b96e0c15
2d869b45-f50f-4597-945d-fe508d1ef37a,dd797376-27bb-463e-9936-8b9722255681
2d869b45-f50f-4597-945d-fe508d1ef37a,d51d4132-d061-4132-8e00-02af5e7906aa
2d869b45-f50f-4597-945d-fe508d1ef37a,d6b38dfe-4959-404f-94d0-6da3b6fe276e
2d869b45-f50f-4597-945d-fe508d1ef37a,d082d42b-eaab-4c9b-bd2e-3809a4d4c8b1
2d869b45-f50f-4597-945d-fe508d1ef37a,685dc47d-94b1-43c9-814c-a1ae26c3d1de
2d869b45-f50f-4597-945d-fe508d1ef37a,c83f0520-08e7-46fa-98b6-889fb9e50eb2
2d869b45-f50f-4597-945d-fe508d1ef37a,d893e840-bfcb-435e-bd7c-af74ef0af11d
2d869b45-f50f-4597-945d-fe508d1ef37a,bf0984d0-6559-4e82-b569-6019c52ba717
2d869b45-f50f-4597-945d-fe508d1ef37a,c5e2c62c-887c-48cd-9559-24b50165f682
2d869b45-f50f-4597-945d-fe508d1ef37a,84d0729a-a312-4c2a-898b-9065043f28b9
2d869b45-f50f-4597-945d-fe508d1ef37a,5a241fd5-a61d-4283-82b7-ca0d2a6a4ff2
2d869b45-f50f-4597-945d-fe508d1ef37a,6c47150a-d6b6-43fc-9c52-ff1a6e096f88
2d869b45-f50f-4597-945d-fe508d1ef37a,ee48130b-8fca-4ed0-afd2-00a220026270
f2a9a4c5-e384-4faa-8950-2fce9fffb452,dcd4a098-a368-4f16-ab1a-45c8f280a2a5
f2a9a4c5-e384-4faa-8950-2fce9fffb452,573c3eb2-c4ed-4f03-a49b-391bd3fa43aa
f2a9a4c5-e384-4faa-8950-2fce9fffb452,2aa73f57-b03a-46ff-8974-22589ab9f48c
f2a9a4c5-e384-4faa-8950-2fce9fffb452,f0f37eb4-852a-475a-9bd2-4ae0a3ccde8c
f2a9a4c5-e384-4faa-8950-2fce9fffb452,ddc29627-1e60-4146-b813-3ffc1e77e572
f2a9a4c5-e384-4faa-8950-2fce9fffb452,4da64512-3f59-4095-8d15-2241041529fd
f2a9a4c5-e384-4faa-8950-2fce9fffb452,ab334941-31e6-4952-8d42-8ad5651345af
f2a9a4c5-e384-4faa-8950-2fce9fffb452,d3819fce-ee7e-4227-a3ed-cf866d66f31f
f2a9a4c5-e384-4faa-8950-2fce9fffb452,a61ed046-fa42-4c77-b058-189a2d78ff97
b2974f95-f22c-4a8d-aa48-6523f0f0c19d,c36bfa82-fc85-416e-8d38-1d381a954fc6
b2974f95-f22c-4a8d-aa48-6523f0f0c19d,d611c12c-f1b7-4bc9-b8ed-05e4255983ec
b2974f95-f22c-4a8d-aa48-6523f0f0c19d,788a5406-4f5b-4ca5-8dac-75890de20224
62507b1d-23c3-431b-8caa-bd9584ff1577,3fd71f58-bf26-4398-a06c-790a24ad1cf0
62507b1d-23c3-431b-8caa-bd9584ff1577,87c9917e-9f7d-431a-8264-4a9de131b074
62507b1d-23c3-431b-8caa-bd9584ff1577,f7951e44-9f53-44f8-a4d1-ddfe36cd8183
62507b1d-23c3-431b-8caa-bd9584ff1577,51a58ddb-d7ab-4835-8989-c2487fe3281c
7f44c35f-5407-4b9b-aa1f-8af2765a2bde,ad9090dd-1d83-49f9-b7a4-7768675d9efa
7f44c35f-5407-4b9b-aa1f-8af2765a2bde,01a95a7d-9065-4faf-bcd8-d7842d20b8cb
7f44c35f-5407-4b9b-aa1f-8af2765a2bde,e9d2ba39-4af2-4184-88bd-d27dd9128bcf
f736630e-814e-4d2b-bc8e-06c9a3292b44,467a2fbf-a0a9-4de8-8adf-8cc495425e21
f736630e-814e-4d2b-bc8e-06c9a3292b44,57edb792-7ab6-4507-ba44-9664abb8407e
f736630e-814e-4d2b-bc8e-06c9a3292b44,54908465-8db1-49c2-acb3-e371beb371bf
6bdcf9af-1603-46aa-96ec-a570c9d836db,7d8403f2-3dd7-4419-9b7d-5e39804048ff
6bdcf9af-1603-46aa-96ec-a570c9d836db,4b1da295-6e24-4dab-b7b9-f9af87228e5d
6bdcf9af-1603-46aa-96ec-a570c9d836db,98d81ce1-d1e2-46ae-98d8-8d1740da1b45
f732c9d7-a7f2-4c2f-a792-bf584080090b,7b27d459-450b-42e6-9071-bf08befd8b27
f732c9d7-a7f2-4c2f-a792-bf584080090b,ac5d773a-b15e-421e-ad01-f34db2ba1ddf
f732c9d7-a7f2-4c2f-a792-bf584080090b,24579037-5613-4fdd-946a-f70010778e70
f732c9d7-a7f2-4c2f-a792-bf584080090b,51667f88-7cdc-4539-b7c2-0b5f0c590c1d
f732c9d7-a7f2-4c2f-a792-bf584080090b,8791fcd2-fb5c-48e9-9cbd-23772a5461b9
f732c9d7-a7f2-4c2f-a792-bf584080090b,e8c2f014-67d3-4d1f-a70c-0d60ab3f7b72
f732c9d7-a7f2-4c2f-a792-bf584080090b,1a7bfb17-29c0-49ed-a2b0-81006cd02801
f732c9d7-a7f2-4c2f-a792-bf584080090b,50ea26e3-2932-4776-9723-d48f6e3b1dda
f732c9d7-a7f2-4c2f-a792-bf584080090b,b7d38e65-b16c-4e73-818e-1b9881f35597
f732c9d7-a7f2-4c2f-a792-bf584080090b,b75c9909-61a6-4adf-9564-d63d47a380d4
f732c9d7-a7f2-4c2f-a792-bf584080090b,c66d488f-708e-4be7-920b-e553973ff0c3
e0f42d24-c801-4a65-8240-4a53a337d2c9,06a59319-f3c9-41a9-9864-46521e27714f
e0f42d24-c801-4a65-8240-4a53a337d2c9,9c173279-a5db-4026-ac24-b901d9f5edb9
e0f42d24-c801-4a65-8240-4a53a337d2c9,3164b751-6f65-417f-958a-80ca10c4bd66
715a1eaa-8ee4-449a-ad2a-803f0ca51132,36979572-8965-44af-a823-973bf99f52fb
715a1eaa-8ee4-449a-ad2a-803f0ca51132,31b8a72d-6939-4c83-8ed6-45e78aa6aeee
715a1eaa-8ee4-449a-ad2a-803f0ca51132,b844d674-bf76-4d40-b00b-18943e7f40d8
