nse_symbol,company_name,screener_slug,screener_name
360ONE,360 ONE WAM Ltd.,360ONE,360 ONE WAM Ltd
3MINDIA,3M India Ltd.,3MINDIA,3M India Ltd
ABB,ABB India Ltd.,ABB,ABB India Ltd
ACC,ACC Ltd.,ACC,ACC Ltd
ACMESOLAR,ACME Solar Holdings Ltd.,ACMESOLAR,ACME Solar Holdings Ltd
AIAENG,AIA Engineering Ltd.,AIAENG,AIA Engineering Ltd
APLAPOLLO,APL Apollo Tubes Ltd.,APLAPOLLO,APL Apollo Tubes Ltd
AUBANK,AU Small Finance Bank Ltd.,AUBANK,AU Small Finance Bank Ltd
AWL,AWL Agri Business Ltd.,AWL,AWL Agri Business Ltd
AADHARHFC,Aadhar Housing Finance Ltd.,AADHARHFC,Aadhar Housing Finance Ltd
AARTIIND,Aarti Industries Ltd.,AARTIIND,Aarti Industries Ltd
AAVAS,Aavas Financiers Ltd.,AAVAS,AAVAS Financiers Ltd
ABBOTINDIA,Abbott India Ltd.,ABBOTINDIA,Abbott India Ltd
ACE,Action Construction Equipment Ltd.,ACE,Action Construction Equipment Ltd
ACUTAAS,Acutaas Chemicals Ltd.,ACUTAAS,Acutaas Chemicals Ltd
ADANIENSOL,Adani Energy Solutions Ltd.,ADANIENSOL,Adani Energy Solutions Ltd
ADANIENT,Adani Enterprises Ltd.,ADANIENT,Adani Enterprises Ltd
ADANIGREEN,Adani Green Energy Ltd.,ADANIGREEN,Adani Green Energy Ltd
ADANIPOWER,Adani Power Ltd.,ADANIPOWER,Adani Power Ltd
ATGL,Adani Total Gas Ltd.,ATGL,Adani Total Gas Ltd
ABCAPITAL,Aditya Birla Capital Ltd.,ABCAPITAL,Aditya Birla Capital Ltd
ABLBL,Aditya Birla Lifestyle Brands Ltd.,ABLBL,Aditya Birla Lifestyle Brands Ltd
ABREL,Aditya Birla Real Estate Ltd.,ABREL,Aditya Birla Real Estate Ltd
ABSLAMC,Aditya Birla Sun Life AMC Ltd.,ABSLAMC,Aditya Birla Sun Life AMC Ltd
CPPLUS,Aditya Infotech Ltd.,CPPLUS,Aditya Infotech Ltd
AEGISLOG,Aegis Logistics Ltd.,AEGISLOG,Aegis Logistics Ltd
AEGISVOPAK,Aegis Vopak Terminals Ltd.,AEGISVOPAK,Aegis Vopak Terminals Ltd
AFCONS,Afcons Infrastructure Ltd.,AFCONS,Afcons Infrastructure Ltd
AFFLE,Affle 3i Ltd.,AFFLE,Affle 3i Ltd
ALKEM,Alkem Laboratories Ltd.,ALKEM,Alkem Laboratories Ltd
ARE&M,Amara Raja Energy & Mobility Ltd.,ARE&M,Amara Raja Energy & Mobility Ltd
AMBER,Amber Enterprises India Ltd.,AMBER,Amber Enterprises India Ltd
AMBUJACEM,Ambuja Cements Ltd.,AMBUJACEM,Ambuja Cements Ltd
ANANDRATHI,Anand Rathi Wealth Ltd.,ANANDRATHI,Anand Rathi Wealth Ltd
ANANTRAJ,Anant Raj Ltd.,ANANTRAJ,Anant Raj Ltd
ANGELONE,Angel One Ltd.,ANGELONE,Angel One Ltd
ANTHEM,Anthem Biosciences Ltd.,ANTHEM,Anthem Biosciences Ltd
ANURAS,Anupam Rasayan India Ltd.,ANURAS,Anupam Rasayan India Ltd
APARINDS,Apar Industries Ltd.,APARINDS,Apar Industries Ltd
APOLLOHOSP,Apollo Hospitals Enterprise Ltd.,APOLLOHOSP,Apollo Hospitals Enterprise Ltd
APOLLOTYRE,Apollo Tyres Ltd.,APOLLOTYRE,Apollo Tyres Ltd
APTUS,Aptus Value Housing Finance India Ltd.,APTUS,Aptus Value Housing Finance India Ltd
ASAHIINDIA,Asahi India Glass Ltd.,ASAHIINDIA,Asahi India Glass Ltd
ASHOKLEY,Ashok Leyland Ltd.,ASHOKLEY,Ashok Leyland Ltd
ASIANPAINT,Asian Paints Ltd.,ASIANPAINT,Asian Paints Ltd
ASTERDM,Aster DM Quality Care Ltd.,ASTERDM,Aster DM Quality Care Ltd
ASTRAL,Astral Ltd.,ASTRAL,Astral Ltd
ATHERENERG,Ather Energy Ltd.,ATHERENERG,Ather Energy Ltd
ATUL,Atul Ltd.,ATUL,Atul Ltd
AUROPHARMA,Aurobindo Pharma Ltd.,AUROPHARMA,Aurobindo Pharma Ltd
AIIL,Authum Investment & Infrastructure Ltd.,AIIL,Authum Investment & Infrastructure Ltd
DMART,Avenue Supermarts Ltd.,DMART,Avenue Supermarts Ltd
AXISBANK,Axis Bank Ltd.,AXISBANK,Axis Bank Ltd
BEML,BEML Ltd.,BEML,BEML Ltd
BLS,BLS International Services Ltd.,BLS,BLS International Services Ltd
BSE,BSE Ltd.,BSE,BSE Ltd
BAJAJ-AUTO,Bajaj Auto Ltd.,BAJAJ-AUTO,Bajaj Auto Ltd
BAJFINANCE,Bajaj Finance Ltd.,BAJFINANCE,Bajaj Finance Ltd
BAJAJFINSV,Bajaj Finserv Ltd.,BAJAJFINSV,Bajaj Finserv Ltd
BAJAJHLDNG,Bajaj Holdings & Investment Ltd.,BAJAJHLDNG,Bajaj Holdings & Investment Ltd
BAJAJHFL,Bajaj Housing Finance Ltd.,BAJAJHFL,Bajaj Housing Finance Ltd
BALKRISIND,Balkrishna Industries Ltd.,BALKRISIND,Balkrishna Industries Ltd
BALRAMCHIN,Balrampur Chini Mills Ltd.,BALRAMCHIN,Balrampur Chini Mills Ltd
BANDHANBNK,Bandhan Bank Ltd.,BANDHANBNK,Bandhan Bank Ltd
BANKBARODA,Bank of Baroda,BANKBARODA,Bank of Baroda
BANKINDIA,Bank of India,BANKINDIA,Bank of India
MAHABANK,Bank of Maharashtra,MAHABANK,Bank of Maharashtra
BATAINDIA,Bata India Ltd.,BATAINDIA,Bata India Ltd
BAYERCROP,Bayer Cropscience Ltd.,BAYERCROP,Bayer CropScience Ltd
BELRISE,Belrise Industries Ltd.,BELRISE,Belrise Industries Ltd
BERGEPAINT,Berger Paints India Ltd.,BERGEPAINT,Berger Paints India Ltd
BDL,Bharat Dynamics Ltd.,BDL,Bharat Dynamics Ltd
BEL,Bharat Electronics Ltd.,BEL,Bharat Electronics Ltd
BHARATFORG,Bharat Forge Ltd.,BHARATFORG,Bharat Forge Ltd
BHEL,Bharat Heavy Electricals Ltd.,BHEL,Bharat Heavy Electricals Ltd
BPCL,Bharat Petroleum Corporation Ltd.,BPCL,Bharat Petroleum Corporation Ltd
BHARTIARTL,Bharti Airtel Ltd.,BHARTIARTL,Bharti Airtel Ltd
BHARTIHEXA,Bharti Hexacom Ltd.,BHARTIHEXA,Bharti Hexacom Ltd
BIKAJI,Bikaji Foods International Ltd.,BIKAJI,Bikaji Foods International Ltd
GROWW,Billionbrains Garage Ventures Ltd.,GROWW,Billionbrains Garage Ventures Ltd
BIOCON,Biocon Ltd.,BIOCON,Biocon Ltd
BSOFT,Birlasoft Ltd.,BSOFT,Birlasoft Ltd
BLUEDART,Blue Dart Express Ltd.,BLUEDART,Blue Dart Express Ltd
BLUEJET,Blue Jet Healthcare Ltd.,BLUEJET,Blue Jet Healthcare Ltd
BLUESTARCO,Blue Star Ltd.,BLUESTARCO,Blue Star Ltd
BBTC,Bombay Burmah Trading Corporation Ltd.,BBTC,The Bombay Burmah Trading Corporation Ltd
BOSCHLTD,Bosch Ltd.,BOSCHLTD,Bosch Ltd
FIRSTCRY,Brainbees Solutions Ltd.,FIRSTCRY,Brainbees Solutions Ltd
BRIGADE,Brigade Enterprises Ltd.,BRIGADE,Brigade Enterprises Ltd
BRITANNIA,Britannia Industries Ltd.,BRITANNIA,Britannia Industries Ltd
MAPMYINDIA,C.E. Info Systems Ltd.,MAPMYINDIA,C.E. Info Systems Ltd
CESC,CESC Ltd.,CESC,CESC Ltd
CIEINDIA,CIE Automotive India Ltd.,CIEINDIA,CIE Automotive India Ltd
CRISIL,CRISIL Ltd.,CRISIL,CRISIL Ltd
CANFINHOME,Can Fin Homes Ltd.,CANFINHOME,Can Fin Homes Ltd
CANBK,Canara Bank,CANBK,Canara Bank
CANHLIFE,Canara HSBC Life Insurance Company Ltd.,CANHLIFE,Canara HSBC Life Insurance Company Ltd
CAPLIPOINT,Caplin Point Laboratories Ltd.,CAPLIPOINT,Caplin Point Laboratories Ltd
CGCL,Capri Global Capital Ltd.,CGCL,Capri Global Capital Ltd
CARBORUNIV,Carborundum Universal Ltd.,CARBORUNIV,Carborundum Universal Ltd
CARTRADE,Cartrade Tech Ltd.,CARTRADE,Cartrade Tech Ltd
CASTROLIND,Castrol India Ltd.,CASTROLIND,Castrol India Ltd
CEATLTD,Ceat Ltd.,CEATLTD,CEAT Ltd
CEMPRO,Cemindia Projects Ltd.,CEMPRO,Cemindia Projects Ltd
CENTRALBK,Central Bank of India,CENTRALBK,Central Bank of India
CDSL,Central Depository Services (India) Ltd.,CDSL,Central Depository Services (India) Ltd
CHALET,Chalet Hotels Ltd.,CHALET,Chalet Hotels Ltd
CHENNPETRO,Chennai Petroleum Corporation Ltd.,CHENNPETRO,Chennai Petroleum Corporation Ltd
CHOICEIN,Choice International Ltd.,CHOICEIN,Choice International Ltd
CHOLAHLDNG,Cholamandalam Financial Holdings Ltd.,CHOLAHLDNG,Cholamandalam Financial Holdings Ltd
CIPLA,Cipla Ltd.,CIPLA,Cipla Ltd
CUB,City Union Bank Ltd.,CUB,City Union Bank Ltd
COALINDIA,Coal India Ltd.,COALINDIA,Coal India Ltd
COCHINSHIP,Cochin Shipyard Ltd.,COCHINSHIP,Cochin Shipyard Ltd
COFORGE,Coforge Ltd.,COFORGE,Coforge Ltd
COHANCE,Cohance Lifesciences Ltd.,COHANCE,Cohance Lifesciences Ltd
CAMS,Computer Age Management Services Ltd.,CAMS,Computer Age Management Services Ltd
CONCORDBIO,Concord Biotech Ltd.,CONCORDBIO,Concord Biotech Ltd
CONCOR,Container Corporation of India Ltd.,CONCOR,Container Corporation Of India Ltd
COROMANDEL,Coromandel International Ltd.,COROMANDEL,Coromandel International Ltd
CRAFTSMAN,Craftsman Automation Ltd.,CRAFTSMAN,Craftsman Automation Ltd
CREDITACC,CreditAccess Grameen Ltd.,CREDITACC,CreditAccess Grameen Ltd
CROMPTON,Crompton Greaves Consumer Electricals Ltd.,CROMPTON,Crompton Greaves Consumer Electricals Ltd
CUMMINSIND,Cummins India Ltd.,CUMMINSIND,Cummins India Ltd
CYIENT,Cyient Ltd.,CYIENT,Cyient Ltd
DCMSHRIRAM,DCM Shriram Ltd.,DCMSHRIRAM,DCM Shriram Ltd
DLF,DLF Ltd.,DLF,DLF Ltd
DOMS,DOMS Industries Ltd.,DOMS,DOMS Industries Ltd
DABUR,Dabur India Ltd.,DABUR,Dabur India Ltd
DALBHARAT,Dalmia Bharat Ltd.,DALBHARAT,Dalmia Bharat Ltd
DATAPATTNS,Data Patterns (India) Ltd.,DATAPATTNS,Data Patterns (India) Ltd
DEEPAKNTR,Deepak Nitrite Ltd.,DEEPAKNTR,Deepak Nitrite Ltd
DELHIVERY,Delhivery Ltd.,DELHIVERY,Delhivery Ltd
DEVYANI,Devyani International Ltd.,DEVYANI,Devyani International Ltd
DIXON,Dixon Technologies (India) Ltd.,DIXON,Dixon Technologies (India) Ltd
EIHOTEL,EIH Ltd.,EIHOTEL,EIH Ltd
EICHERMOT,Eicher Motors Ltd.,EICHERMOT,Eicher Motors Ltd
ELGIEQUIP,Elgi Equipments Ltd.,ELGIEQUIP,Elgi Equipments Ltd
EMAMILTD,Emami Ltd.,EMAMILTD,Emami Ltd
EMCURE,Emcure Pharmaceuticals Ltd.,EMCURE,Emcure Pharmaceuticals Ltd
EMMVEE,Emmvee Photovoltaic Power Ltd.,EMMVEE,Emmvee Photovoltaic Power Ltd
ENDURANCE,Endurance Technologies Ltd.,ENDURANCE,Endurance Technologies Ltd
ENGINERSIN,Engineers India Ltd.,ENGINERSIN,Engineers India Ltd
ERIS,Eris Lifesciences Ltd.,ERIS,ERIS Lifesciences Ltd
ESCORTS,Escorts Kubota Ltd.,ESCORTS,Escorts Kubota Ltd
ETERNAL,Eternal Ltd.,ETERNAL,Eternal Ltd
EXIDEIND,Exide Industries Ltd.,EXIDEIND,Exide Industries Ltd
NYKAA,FSN E-Commerce Ventures Ltd.,NYKAA,FSN E-Commerce Ventures Ltd
FEDERALBNK,Federal Bank Ltd.,FEDERALBNK,Federal Bank Ltd
FINCABLES,Finolex Cables Ltd.,FINCABLES,Finolex Cables Ltd
FSL,Firstsource Solutions Ltd.,FSL,Firstsource Solutions Ltd
FIVESTAR,Five-Star Business Finance Ltd.,FIVESTAR,Five-Star Business Finance Ltd
FORCEMOT,Force Motors Ltd.,FORCEMOT,Force Motors Ltd
FORTIS,Fortis Healthcare Ltd.,FORTIS,Fortis Healthcare Ltd
GAIL,GAIL (India) Ltd.,GAIL,GAIL (India) Ltd
GVT&D,GE Vernova T&D India Ltd.,GVT&D,GE Vernova T&D India Ltd
GMRAIRPORT,GMR Airports Ltd.,GMRAIRPORT,GMR Airports Ltd
GABRIEL,Gabriel India Ltd.,GABRIEL,Gabriel India Ltd
GALLANTT,Gallantt Ispat Ltd.,GALLANTT,Gallantt Ispat Ltd.
GRSE,Garden Reach Shipbuilders & Engineers Ltd.,GRSE,Garden Reach Shipbuilders & Engineers Ltd
GICRE,General Insurance Corporation of India,GICRE,General Insurance Corporation of India
GILLETTE,Gillette India Ltd.,GILLETTE,Gillette India Ltd
GLAND,Gland Pharma Ltd.,GLAND,Gland Pharma Ltd
GLAXO,Glaxosmithkline Pharmaceuticals Ltd.,GLAXO,Glaxosmithkline Pharmaceuticals Ltd
GLENMARK,Glenmark Pharmaceuticals Ltd.,GLENMARK,Glenmark Pharmaceuticals Ltd
MEDANTA,Global Health Ltd.,MEDANTA,Global Health Ltd
GODIGIT,Go Digit General Insurance Ltd.,GODIGIT,Go Digit General Insurance Ltd
GPIL,Godawari Power & Ispat Ltd.,GPIL,Godawari Power & Ispat Ltd
GODFRYPHLP,Godfrey Phillips India Ltd.,GODFRYPHLP,Godfrey Phillips India Ltd
GODREJCP,Godrej Consumer Products Ltd.,GODREJCP,Godrej Consumer Products Ltd
GODREJIND,Godrej Industries Ltd.,GODREJIND,Godrej Industries Ltd
GODREJPROP,Godrej Properties Ltd.,GODREJPROP,Godrej Properties Ltd
GRANULES,Granules India Ltd.,GRANULES,Granules India Ltd
GRAPHITE,Graphite India Ltd.,GRAPHITE,Graphite India Ltd
GRASIM,Grasim Industries Ltd.,GRASIM,Grasim Industries Ltd
GRAVITA,Gravita India Ltd.,GRAVITA,Gravita India Ltd
FLUOROCHEM,Gujarat Fluorochemicals Ltd.,FLUOROCHEM,Gujarat Fluorochemicals Ltd
GMDCLTD,Gujarat Mineral Development Corporation Ltd.,GMDCLTD,Gujarat Mineral Development Corporation Ltd
HEG,H.E.G. Ltd.,HEG,HEG Ltd
HBLENGINE,HBL Engineering Ltd.,HBLENGINE,HBL Engineering Ltd
HCLTECH,HCL Technologies Ltd.,HCLTECH,HCL Technologies Ltd
HDBFS,HDB Financial Services Ltd.,HDBFS,HDB Financial Services Ltd
HDFCAMC,HDFC Asset Management Company Ltd.,HDFCAMC,HDFC Asset Management Company Ltd
HDFCBANK,HDFC Bank Ltd.,HDFCBANK,HDFC Bank Ltd
HDFCLIFE,HDFC Life Insurance Company Ltd.,HDFCLIFE,HDFC Life Insurance Company Ltd
HFCL,HFCL Ltd.,HFCL,HFCL Ltd
HAVELLS,Havells India Ltd.,HAVELLS,Havells India Ltd
HEROMOTOCO,Hero MotoCorp Ltd.,HEROMOTOCO,Hero MotoCorp Ltd
HEXT,Hexaware Technologies Ltd.,HEXT,Hexaware Technologies Ltd
HSCL,Himadri Speciality Chemical Ltd.,HSCL,Himadri Speciality Chemical Ltd
HINDALCO,Hindalco Industries Ltd.,HINDALCO,Hindalco Industries Ltd
HAL,Hindustan Aeronautics Ltd.,HAL,Hindustan Aeronautics Ltd
HINDCOPPER,Hindustan Copper Ltd.,HINDCOPPER,Hindustan Copper Ltd
HINDPETRO,Hindustan Petroleum Corporation Ltd.,HINDPETRO,Hindustan Petroleum Corporation Ltd
HINDUNILVR,Hindustan Unilever Ltd.,HINDUNILVR,Hindustan Unilever Ltd
HINDZINC,Hindustan Zinc Ltd.,HINDZINC,Hindustan Zinc Ltd
POWERINDIA,Hitachi Energy India Ltd.,POWERINDIA,Hitachi Energy India Ltd
HOMEFIRST,Home First Finance Company India Ltd.,HOMEFIRST,Home First Finance Company India Ltd
HONASA,Honasa Consumer Ltd.,HONASA,Honasa Consumer Ltd
HONAUT,Honeywell Automation India Ltd.,HONAUT,Honeywell Automation India Ltd
HUDCO,Housing & Urban Development Corporation Ltd.,HUDCO,Housing & Urban Development Corporation Ltd
HYUNDAI,Hyundai Motor India Ltd.,HYUNDAI,Hyundai Motor India Ltd
ICICIBANK,ICICI Bank Ltd.,ICICIBANK,ICICI Bank Ltd
ICICIGI,ICICI Lombard General Insurance Company Ltd.,ICICIGI,ICICI Lombard General Insurance Company Ltd
ICICIPRULI,ICICI Prudential Life Insurance Company Ltd.,ICICIPRULI,ICICI Prudential Life Insurance Company Ltd
IDBI,IDBI Bank Ltd.,IDBI,IDBI Bank Ltd
IDFCFIRSTB,IDFC First Bank Ltd.,IDFCFIRSTB,IDFC First Bank Ltd
IFCI,IFCI Ltd.,IFCI,IFCI Ltd
IIFL,IIFL Finance Ltd.,IIFL,IIFL Finance Ltd
IRB,IRB Infrastructure Developers Ltd.,IRB,IRB Infrastructure Developers Ltd
IRCON,IRCON International Ltd.,IRCON,Ircon International Ltd
ITCHOTELS,ITC Hotels Ltd.,ITCHOTELS,ITC Hotels Ltd
ITC,ITC Ltd.,ITC,ITC Ltd
ITI,ITI Ltd.,ITI,ITI Ltd
INDGN,Indegene Ltd.,INDGN,Indegene Ltd
INDIACEM,India Cements Ltd.,INDIACEM,India Cements Ltd
INDIAMART,Indiamart Intermesh Ltd.,INDIAMART,Indiamart Intermesh Ltd
INDIANB,Indian Bank,INDIANB,Indian Bank
IEX,Indian Energy Exchange Ltd.,IEX,Indian Energy Exchange Ltd
IOC,Indian Oil Corporation Ltd.,IOC,Indian Oil Corporation Ltd
IOB,Indian Overseas Bank,IOB,Indian Overseas Bank
IRFC,Indian Railway Finance Corporation Ltd.,IRFC,Indian Railway Finance Corporation Ltd
IREDA,Indian Renewable Energy Development Agency Ltd.,IREDA,Indian Renewable Energy Development Agency Ltd
IGL,Indraprastha Gas Ltd.,IGL,Indraprastha Gas Ltd
INDUSTOWER,Indus Towers Ltd.,INDUSTOWER,Indus Towers Ltd
INDUSINDBK,IndusInd Bank Ltd.,INDUSINDBK,IndusInd Bank Ltd
NAUKRI,Info Edge (India) Ltd.,NAUKRI,Info Edge (India) Ltd
INFY,Infosys Ltd.,INFY,Infosys Ltd
INOXWIND,Inox Wind Ltd.,INOXWIND,Inox Wind Ltd
INTELLECT,Intellect Design Arena Ltd.,INTELLECT,Intellect Design Arena Ltd
INDIGO,InterGlobe Aviation Ltd.,INDIGO,Interglobe Aviation Ltd
IGIL,International Gemological Institute Ltd.,IGIL,International Gemological Institute Limited
IKS,Inventurus Knowledge Solutions Ltd.,IKS,Inventurus Knowledge Solutions Ltd
IPCALAB,Ipca Laboratories Ltd.,IPCALAB,Ipca Laboratories Ltd
JKCEMENT,J.K. Cement Ltd.,JKCEMENT,J K Cements Ltd
JBMA,JBM Auto Ltd.,JBMA,JBM Auto Ltd
JKTYRE,JK Tyre & Industries Ltd.,JKTYRE,JK Tyre & Industries Ltd
JMFINANCIL,JM Financial Ltd.,JMFINANCIL,JM Financial Ltd
JSWCEMENT,JSW Cement Ltd.,JSWCEMENT,JSW Cement Ltd
JSWDULUX,JSW Dulux Ltd.,JSWDULUX,JSW Dulux Ltd
JSWENERGY,JSW Energy Ltd.,JSWENERGY,JSW Energy Ltd
JSWINFRA,JSW Infrastructure Ltd.,JSWINFRA,JSW Infrastructure Ltd
JSWSTEEL,JSW Steel Ltd.,JSWSTEEL,JSW Steel Ltd
JAINREC,Jain Resource Recycling Ltd.,JAINREC,Jain Resource Recycling Ltd
JPPOWER,Jaiprakash Power Ventures Ltd.,JPPOWER,Jaiprakash Power Ventures Ltd
JINDALSAW,Jindal Saw Ltd.,JINDALSAW,Jindal Saw Ltd
JSL,Jindal Stainless Ltd.,JSL,Jindal Stainless Ltd
JINDALSTEL,Jindal Steel Ltd.,JINDALSTEL,Jindal Steel Ltd
JIOFIN,Jio Financial Services Ltd.,JIOFIN,Jio Financial Services Ltd
JUBLFOOD,Jubilant Foodworks Ltd.,JUBLFOOD,Jubilant Foodworks Ltd
JUBLINGREA,Jubilant Ingrevia Ltd.,JUBLINGREA,Jubilant Ingrevia Ltd
JUBLPHARMA,Jubilant Pharmova Ltd.,JUBLPHARMA,Jubilant Pharmova Ltd
JWL,Jupiter Wagons Ltd.,JWL,Jupiter Wagons Ltd
JYOTICNC,Jyoti CNC Automation Ltd.,JYOTICNC,Jyoti CNC Automation Ltd
KPRMILL,K.P.R. Mill Ltd.,KPRMILL,K P R Mill Ltd
KEI,KEI Industries Ltd.,KEI,KEI Industries Ltd
KPITTECH,KPIT Technologies Ltd.,KPITTECH,KPIT Technologies Ltd
KAJARIACER,Kajaria Ceramics Ltd.,KAJARIACER,Kajaria Ceramics Ltd
KPIL,Kalpataru Projects International Ltd.,KPIL,Kalpataru Projects International Ltd
KALYANKJIL,Kalyan Jewellers India Ltd.,KALYANKJIL,Kalyan Jewellers India Ltd
KARURVYSYA,Karur Vysya Bank Ltd.,KARURVYSYA,Karur Vysya Bank Ltd
KAYNES,Kaynes Technology India Ltd.,KAYNES,Kaynes Technology India Ltd
KEC,Kec International Ltd.,KEC,KEC International Ltd
KFINTECH,Kfin Technologies Ltd.,KFINTECH,KFin Technologies Ltd
KIRLOSENG,Kirloskar Oil Eng Ltd.,KIRLOSENG,Kirloskar Oil Engines Ltd
KOTAKBANK,Kotak Mahindra Bank Ltd.,KOTAKBANK,Kotak Mahindra Bank Ltd
KIMS,Krishna Institute of Medical Sciences Ltd.,KIMS,Krishna Institute of Medical Sciences Ltd
LTF,L&T Finance Ltd.,LTF,L&T Finance Ltd
LTTS,L&T Technology Services Ltd.,LTTS,L&T Technology Services Ltd
LGEINDIA,LG Electronics India Ltd.,LGEINDIA,LG Electronics India Ltd
LICHSGFIN,LIC Housing Finance Ltd.,LICHSGFIN,LIC Housing Finance Ltd
LTFOODS,LT Foods Ltd.,LTFOODS,L T Foods Ltd
LTM,LTM Ltd.,LTM,LTM Ltd
LT,Larsen & Toubro Ltd.,LT,Larsen & Toubro Ltd
LATENTVIEW,Latent View Analytics Ltd.,LATENTVIEW,Latent View Analytics Ltd
LAURUSLABS,Laurus Labs Ltd.,LAURUSLABS,Laurus Labs Ltd
THELEELA,Leela Palaces Hotels & Resorts Ltd.,THELEELA,Leela Palaces Hotels & Resorts Ltd
LEMONTREE,Lemon Tree Hotels Ltd.,LEMONTREE,Lemon Tree Hotels Ltd
LENSKART,Lenskart Solutions Ltd.,LENSKART,Lenskart Solutions Ltd
LICI,Life Insurance Corporation of India,LICI,Life Insurance Corporation of India
LINDEINDIA,Linde India Ltd.,LINDEINDIA,Linde India Ltd
LODHA,Lodha Developers Ltd.,LODHA,Lodha Developers Ltd
LUPIN,Lupin Ltd.,LUPIN,Lupin Ltd
MMTC,MMTC Ltd.,MMTC,MMTC Ltd
MRF,MRF Ltd.,MRF,MRF Ltd
MGL,Mahanagar Gas Ltd.,MGL,Mahanagar Gas Ltd
M&MFIN,Mahindra & Mahindra Financial Services Ltd.,M&MFIN,Mahindra & Mahindra Financial Services Ltd
M&M,Mahindra & Mahindra Ltd.,M&M,Mahindra & Mahindra Ltd
MANAPPURAM,Manappuram Finance Ltd.,MANAPPURAM,Manappuram Finance Ltd
MANKIND,Mankind Pharma Ltd.,MANKIND,Mankind Pharma Ltd
MARICO,Marico Ltd.,MARICO,Marico Ltd
MARUTI,Maruti Suzuki India Ltd.,MARUTI,Maruti Suzuki India Ltd
MFSL,Max Financial Services Ltd.,MFSL,Max Financial Services Ltd
MAXHEALTH,Max Healthcare Institute Ltd.,MAXHEALTH,Max Healthcare Institute Ltd
MEESHO,Meesho Ltd.,MEESHO,Meesho Ltd
MINDACORP,Minda Corporation Ltd.,MINDACORP,Minda Corporation Ltd
MSUMI,Motherson Sumi Wiring India Ltd.,MSUMI,Motherson Sumi Wiring India Ltd
MOTILALOFS,Motilal Oswal Financial Services Ltd.,MOTILALOFS,Motilal Oswal Financial Services Ltd
MPHASIS,MphasiS Ltd.,MPHASIS,Mphasis Ltd
MCX,Multi Commodity Exchange of India Ltd.,MCX,Multi Commodity Exchange of India Ltd
MUTHOOTFIN,Muthoot Finance Ltd.,MUTHOOTFIN,Muthoot Finance Ltd
NATCOPHARM,NATCO Pharma Ltd.,NATCOPHARM,Natco Pharma Ltd
NBCC,NBCC (India) Ltd.,NBCC,NBCC (India) Ltd
NCC,NCC Ltd.,NCC,NCC Ltd
NHPC,NHPC Ltd.,NHPC,NHPC Ltd
NLCINDIA,NLC India Ltd.,NLCINDIA,NLC India Ltd
NMDC,NMDC Ltd.,NMDC,NMDC Ltd
NSLNISP,NMDC Steel Ltd.,NSLNISP,NMDC Steel Ltd
NTPCGREEN,NTPC Green Energy Ltd.,NTPCGREEN,NTPC Green Energy Ltd
NTPC,NTPC Ltd.,NTPC,NTPC Ltd
NH,Narayana Hrudayalaya Ltd.,NH,Narayana Hrudayalaya Ltd
NAVA,Nava Ltd.,NAVA,Nava Ltd
NAVINFLUOR,Navin Fluorine International Ltd.,NAVINFLUOR,Navin Fluorine International Ltd
NESTLEIND,Nestle India Ltd.,NESTLEIND,Nestle India Ltd
NETWEB,Netweb Technologies India Ltd.,NETWEB,Netweb Technologies India Ltd
NEULANDLAB,Neuland Laboratories Ltd.,NEULANDLAB,Neuland Laboratories Ltd
NEWGEN,Newgen Software Technologies Ltd.,NEWGEN,Newgen Software Technologies Ltd
NAM-INDIA,Nippon Life India Asset Management Ltd.,NAM-INDIA,Nippon Life India Asset Management Ltd
NIVABUPA,Niva Bupa Health Insurance Company Ltd.,NIVABUPA,Niva Bupa Health Insurance Company Ltd
NUVAMA,Nuvama Wealth Management Ltd.,NUVAMA,Nuvama Wealth Management Ltd
NUVOCO,Nuvoco Vistas Corporation Ltd.,NUVOCO,Nuvoco Vistas Corporation Ltd
OBEROIRLTY,Oberoi Realty Ltd.,OBEROIRLTY,Oberoi Realty Ltd
OIL,Oil India Ltd.,OIL,Oil India Ltd
OLAELEC,Ola Electric Mobility Ltd.,OLAELEC,Ola Electric Mobility Ltd
OLECTRA,Olectra Greentech Ltd.,OLECTRA,Olectra Greentech Ltd
PAYTM,One 97 Communications Ltd.,PAYTM,One 97 Communications Ltd
ONESOURCE,Onesource Specialty Pharma Ltd.,ONESOURCE,OneSource Specialty Pharma Ltd
OFSS,Oracle Financial Services Software Ltd.,OFSS,Oracle Financial Services Software Ltd
POLICYBZR,PB Fintech Ltd.,POLICYBZR,PB Fintech Ltd
PCBL,PCBL Chemical Ltd.,PCBL,PCBL Chemical Ltd
PGEL,PG Electroplast Ltd.,PGEL,PG Electroplast Ltd
PNBHOUSING,PNB Housing Finance Ltd.,PNBHOUSING,PNB Housing Finance Ltd
PTCIL,PTC Industries Ltd.,PTCIL,PTC Industries Ltd
PVRINOX,PVR INOX Ltd.,PVRINOX,PVR Inox Ltd
PAGEIND,Page Industries Ltd.,PAGEIND,Page Industries Ltd
PARADEEP,Paradeep Phosphates Ltd.,PARADEEP,Paradeep Phosphates Ltd
PATANJALI,Patanjali Foods Ltd.,PATANJALI,Patanjali Foods Ltd
PERSISTENT,Persistent Systems Ltd.,PERSISTENT,Persistent Systems Ltd
PETRONET,Petronet LNG Ltd.,PETRONET,Petronet LNG Ltd
PFIZER,Pfizer Ltd.,PFIZER,Pfizer Ltd
PHOENIXLTD,Phoenix Mills Ltd.,PHOENIXLTD,Phoenix Mills Ltd
PWL,Physicswallah Ltd.,PWL,Physicswallah Ltd
PIDILITIND,Pidilite Industries Ltd.,PIDILITIND,Pidilite Industries Ltd
PINELABS,Pine Labs Ltd.,PINELABS,Pine Labs Ltd
PIRAMALFIN,Piramal Finance Ltd.,PIRAMALFIN,Piramal Finance Ltd
PPLPHARMA,Piramal Pharma Ltd.,PPLPHARMA,Piramal Pharma Ltd
POLYMED,Poly Medicure Ltd.,POLYMED,Poly Medicure Ltd
POLYCAB,Polycab India Ltd.,POLYCAB,Polycab India Ltd
POONAWALLA,Poonawalla Fincorp Ltd.,POONAWALLA,Poonawalla Fincorp Ltd
PFC,Power Finance Corporation Ltd.,PFC,Power Finance Corporation Ltd
POWERGRID,Power Grid Corporation of India Ltd.,POWERGRID,Power Grid Corporation of India Ltd
PREMIERENE,Premier Energies Ltd.,PREMIERENE,Premier Energies Ltd
PRESTIGE,Prestige Estates Projects Ltd.,PRESTIGE,Prestige Estates Projects Ltd
PFOCUS,Prime Focus Ltd.,PFOCUS,Prime Focus Ltd
PNB,Punjab National Bank,PNB,Punjab National Bank
RRKABEL,R R Kabel Ltd.,RRKABEL,R R Kabel Ltd
RBLBANK,RBL Bank Ltd.,RBLBANK,RBL Bank Ltd
RECLTD,REC Ltd.,RECLTD,REC Ltd
RITES,RITES Ltd.,RITES,Rites Ltd
RADICO,Radico Khaitan Ltd,RADICO,Radico Khaitan Ltd
RVNL,Rail Vikas Nigam Ltd.,RVNL,Rail Vikas Nigam Ltd
RAILTEL,Railtel Corporation Of India Ltd.,RAILTEL,Railtel Corporation of India Ltd
RAINBOW,Rainbow Childrens Medicare Ltd.,RAINBOW,Rainbow Childrens Medicare Ltd
RKFORGE,Ramkrishna Forgings Ltd.,RKFORGE,Ramkrishna Forgings Ltd
REDINGTON,Redington Ltd.,REDINGTON,Redington Ltd
RELIANCE,Reliance Industries Ltd.,RELIANCE,Reliance Industries Ltd
RPOWER,Reliance Power Ltd.,RPOWER,Reliance Power Ltd
SBFC,SBFC Finance Ltd.,SBFC,SBFC Finance Ltd
SBILIFE,SBI Life Insurance Company Ltd.,SBILIFE,SBI Life Insurance Company Ltd
SJVN,SJVN Ltd.,SJVN,SJVN Ltd
SRF,SRF Ltd.,SRF,SRF Ltd
SAGILITY,Sagility Ltd.,SAGILITY,Sagility Ltd
SAILIFE,Sai Life Sciences Ltd.,SAILIFE,Sai Life Sciences Ltd
SAMMAANCAP,Sammaan Capital Ltd.,SAMMAANCAP,Sammaan Capital Ltd
MOTHERSON,Samvardhana Motherson International Ltd.,MOTHERSON,Samvardhana Motherson International Ltd
SAPPHIRE,Sapphire Foods India Ltd.,SAPPHIRE,Sapphire Foods India Ltd
SAREGAMA,Saregama India Ltd,SAREGAMA,Saregama India Ltd
SCHAEFFLER,Schaeffler India Ltd.,SCHAEFFLER,Schaeffler India Ltd
SCHNEIDER,Schneider Electric Infrastructure Ltd.,SCHNEIDER,Schneider Electric Infrastructure Ltd
SCI,Shipping Corporation of India Ltd.,SCI,Shipping Corporation of India Ltd
SHREECEM,Shree Cement Ltd.,SHREECEM,Shree Cement Ltd
SHRIRAMFIN,Shriram Finance Ltd.,SHRIRAMFIN,Shriram Finance Ltd
ENRIN,Siemens Energy India Ltd.,ENRIN,Siemens Energy India Ltd
SIEMENS,Siemens Ltd.,SIEMENS,Siemens Ltd
SOBHA,Sobha Ltd.,SOBHA,Sobha Ltd
SOLARINDS,Solar Industries India Ltd.,SOLARINDS,Solar Industries India Ltd
SONACOMS,Sona BLW Precision Forgings Ltd.,SONACOMS,Sona BLW Precision Forgings Ltd
SONATSOFTW,Sonata Software Ltd.,SONATSOFTW,Sonata Software Ltd
SBIN,State Bank of India,SBIN,State Bank of India
SAIL,Steel Authority of India Ltd.,SAIL,Steel Authority of India Ltd
SUMICHEM,Sumitomo Chemical India Ltd.,SUMICHEM,Sumitomo Chemical India Ltd
SUNPHARMA,Sun Pharmaceutical Industries Ltd.,SUNPHARMA,Sun Pharmaceutical Industries Ltd
SUNTV,Sun TV Network Ltd.,SUNTV,Sun TV Network Ltd
SUNDARMFIN,Sundaram Finance Ltd.,SUNDARMFIN,Sundaram Finance Ltd
SUPREMEIND,Supreme Industries Ltd.,SUPREMEIND,Supreme Industries Ltd
SPLPETRO,Supreme Petrochem Ltd.,SPLPETRO,Supreme Petrochem Ltd
SUZLON,Suzlon Energy Ltd.,SUZLON,Suzlon Energy Ltd
SWANCORP,Swan Corp Ltd.,SWANCORP,Swan Corp Ltd
SWIGGY,Swiggy Ltd.,SWIGGY,Swiggy Ltd
SYNGENE,Syngene International Ltd.,SYNGENE,Syngene International Ltd
SYRMA,Syrma SGS Technology Ltd.,SYRMA,Syrma SGS Technology Ltd
TBOTEK,TBO Tek Ltd.,TBOTEK,TBO Tek Ltd
TVSMOTOR,TVS Motor Company Ltd.,TVSMOTOR,TVS Motor Company Ltd
TATACAP,Tata Capital Ltd.,TATACAP,Tata Capital Ltd
TATACHEM,Tata Chemicals Ltd.,TATACHEM,Tata Chemicals Ltd
TATACOMM,Tata Communications Ltd.,TATACOMM,Tata Communications Ltd
TCS,Tata Consultancy Services Ltd.,TCS,Tata Consultancy Services Ltd
TATACONSUM,Tata Consumer Products Ltd.,TATACONSUM,Tata Consumer Products Ltd
TATAELXSI,Tata Elxsi Ltd.,TATAELXSI,Tata Elxsi Ltd
TATAINVEST,Tata Investment Corporation Ltd.,TATAINVEST,Tata Investment Corporation Ltd
TMCV,Tata Motors Ltd.,TMCV,Tata Motors Ltd
TMPV,Tata Motors Passenger Vehicles Ltd.,TMPV,Tata Motors Passenger Vehicles Ltd
TATAPOWER,Tata Power Co. Ltd.,TATAPOWER,Tata Power Company Ltd
TATASTEEL,Tata Steel Ltd.,TATASTEEL,Tata Steel Ltd
TATATECH,Tata Technologies Ltd.,TATATECH,Tata Technologies Ltd
TTML,Tata Teleservices (Maharashtra) Ltd.,TTML,Tata Teleservices (Maharashtra) Ltd
TECHM,Tech Mahindra Ltd.,TECHM,Tech Mahindra Ltd
TECHNOE,Techno Electric & Engineering Company Ltd.,TECHNOE,Techno Electric & Engineering Company Ltd
TEGA,Tega Industries Ltd.,TEGA,Tega Industries Ltd
TEJASNET,Tejas Networks Ltd.,TEJASNET,Tejas Networks Ltd
TENNIND,Tenneco Clean Air India Ltd.,TENNIND,Tenneco Clean Air India Ltd
RAMCOCEM,The Ramco Cements Ltd.,RAMCOCEM,The Ramco Cements Ltd
THERMAX,Thermax Ltd.,THERMAX,Thermax Ltd
TIMKEN,Timken India Ltd.,TIMKEN,Timken India Ltd
TITAGARH,Titagarh Rail Systems Ltd.,TITAGARH,Titagarh Rail Systems Ltd
TITAN,Titan Company Ltd.,TITAN,Titan Company Ltd
TORNTPHARM,Torrent Pharmaceuticals Ltd.,TORNTPHARM,Torrent Pharmaceuticals Ltd
TORNTPOWER,Torrent Power Ltd.,TORNTPOWER,Torrent Power Ltd
TRAVELFOOD,Travel Food Services Ltd.,TRAVELFOOD,Travel Food Services Ltd
TRENT,Trent Ltd.,TRENT,Trent Ltd
TRIDENT,Trident Ltd.,TRIDENT,Trident Ltd
TRITURBINE,Triveni Turbine Ltd.,TRITURBINE,Triveni Turbine Ltd
TIINDIA,Tube Investments of India Ltd.,TIINDIA,Tube Investments of India Ltd
UCOBANK,UCO Bank,UCOBANK,UCO Bank
UNOMINDA,UNO Minda Ltd.,UNOMINDA,Uno Minda Ltd
UPL,UPL Ltd.,UPL,UPL Ltd
UTIAMC,UTI Asset Management Company Ltd.,UTIAMC,UTI Asset Management Company Ltd
ULTRACEMCO,UltraTech Cement Ltd.,ULTRACEMCO,UltraTech Cement Ltd
UNIONBANK,Union Bank of India,UNIONBANK,Union Bank of India
UBL,United Breweries Ltd.,UBL,United Breweries Ltd
UNITDSPR,United Spirits Ltd.,UNITDSPR,United Spirits Ltd
URBANCO,Urban Company Ltd.,URBANCO,Urban Company Ltd
USHAMART,Usha Martin Ltd.,USHAMART,Usha Martin Ltd
VTL,Vardhman Textiles Ltd.,VTL,Vardhman Textiles Ltd
VBL,Varun Beverages Ltd.,VBL,Varun Beverages Ltd
VEDL,Vedanta Ltd.,VAML,Vedanta Aluminium Metal Ltd
VIJAYA,Vijaya Diagnostic Centre Ltd.,VIJAYA,Vijaya Diagnostic Centre Ltd
VMM,Vishal Mega Mart Ltd.,VMM,Vishal Mega Mart Ltd
IDEA,Vodafone Idea Ltd.,IDEA,Vodafone Idea Ltd
VOLTAS,Voltas Ltd.,VOLTAS,Voltas Ltd
WAAREEENER,Waaree Energies Ltd.,WAAREEENER,Waaree Energies Ltd
WELCORP,Welspun Corp Ltd.,WELCORP,Welspun Corp Ltd
WELSPUNLIV,Welspun Living Ltd.,WELSPUNLIV,Welspun Living Ltd
WHIRLPOOL,Whirlpool of India Ltd.,WHIRLPOOL,Whirlpool of India Ltd
WIPRO,Wipro Ltd.,WIPRO,Wipro Ltd
WOCKPHARMA,Wockhardt Ltd.,WOCKPHARMA,Wockhardt Ltd
YESBANK,Yes Bank Ltd.,YESBANK,Yes Bank Ltd
ZEEL,Zee Entertainment Enterprises Ltd.,ZEEL,Zee Entertainment Enterprises Ltd
ZENTEC,Zen Technologies Ltd.,ZENTEC,Zen Technologies Ltd
ZYDUSLIFE,Zydus Lifesciences Ltd.,ZYDUSLIFE,Zydus Lifesciences Ltd
ZYDUSWELL,Zydus Wellness Ltd.,ZYDUSWELL,Zydus Wellness Ltd
ECLERX,eClerx Services Ltd.,ECLERX,eClerx Services Ltd
